<?xml version="1.0" ?>
<PropertySetDef templatetype="PSET_TYPEDRIVENOVERRIDE" xmlns:xsd="http://www.w3.org/2001/XMLSchema" xmlns:xsi="http://www.w3.org/2001/XMLSchema-instance" xsi:noNamespaceSchemaLocation="http://buildingSMART-tech.org/xml/psd/PSD_IFC4.xsd">
  <IfcVersion version="IFC4X3_ADD1"/>
  <Name>Pset_MobileTelecommunicationsApplianceTypeAccessPoint</Name>
  <Definition>Properties common to the definition of all occurrences of  IfcMobileTelecommunicationsAppliance and types of IfcMobileTelecommunicationsApplianceType with the predefined type set to ACCESSPOINT.</Definition>
  <Applicability/>
  <ApplicableClasses>
    <ClassName>IfcMobileTelecommunicationsAppliance/ACCESSPOINT</ClassName>
    <ClassName>IfcMobileTelecommunicationsApplianceType/ACCESSPOINT</ClassName>
  </ApplicableClasses>
  <ApplicableTypeValue>IfcMobileTelecommunicationsAppliance/ACCESSPOINT,IfcMobileTelecommunicationsApplianceType/ACCESSPOINT</ApplicableTypeValue>
  <PropertyDefs>
    <PropertyDef>
      <Name>BandWidth</Name>
      <Definition>Indicates the bandwidth for telecommunication of the device.</Definition>
      <PropertyType>
        <TypePropertySingleValue>
          <DataType type="IfcFrequencyMeasure"/>
        </TypePropertySingleValue>
      </PropertyType>
    </PropertyDef>
    <PropertyDef>
      <Name>DataEncryptionType</Name>
      <Definition>Indicates the type of security protocols that can be used in the access point to protect the wireless network.</Definition>
      <PropertyType>
        <TypePropertySingleValue>
          <DataType type="IfcLabel"/>
        </TypePropertySingleValue>
      </PropertyType>
    </PropertyDef>
    <PropertyDef>
      <Name>DataExchangeRate</Name>
      <Definition>Indicates the data transfer rate of the access point in bit per second (bps).</Definition>
      <PropertyType>
        <TypePropertySingleValue>
          <DataType type="IfcIntegerCountRateMeasure"/>
        </TypePropertySingleValue>
      </PropertyType>
    </PropertyDef>
    <PropertyDef>
      <Name>NumberOfAntennas</Name>
      <Definition>Indicates the number of antennas integrated in the device.</Definition>
      <PropertyType>
        <TypePropertySingleValue>
          <DataType type="IfcCountMeasure"/>
        </TypePropertySingleValue>
      </PropertyType>
    </PropertyDef>
    <PropertyDef>
      <Name>NumberOfInterfaces</Name>
      <Definition>Indicates the types of interfaces and their number in the device.</Definition>
      <PropertyType>
        <TypePropertyTableValue>
          <Expression/>
          <DefiningValue>
            <DataType type="IfcLabel"/>
          </DefiningValue>
          <DefinedValue>
            <DataType type="IfcInteger"/>
          </DefinedValue>
        </TypePropertyTableValue>
      </PropertyType>
    </PropertyDef>
    <PropertyDef>
      <Name>UserCapacity</Name>
      <Definition>Indicates the user capacity of the device, defined as the maximum number of users that can be active at the same time.</Definition>
      <PropertyType>
        <TypePropertySingleValue>
          <DataType type="IfcInteger"/>
        </TypePropertySingleValue>
      </PropertyType>
    </PropertyDef>
  </PropertyDefs>
</PropertySetDef>
