<?xml version="1.0" ?>
<PropertySetDef templatetype="PSET_TYPEDRIVENOVERRIDE" xmlns:xsd="http://www.w3.org/2001/XMLSchema" xmlns:xsi="http://www.w3.org/2001/XMLSchema-instance" xsi:noNamespaceSchemaLocation="http://buildingSMART-tech.org/xml/psd/PSD_IFC4.xsd">
  <IfcVersion version="IFC4X3_ADD1"/>
  <Name>Pset_EvaporatorTypeCommon</Name>
  <Definition>Evaporator type common attributes.</Definition>
  <Applicability/>
  <ApplicableClasses>
    <ClassName>IfcEvaporator</ClassName>
    <ClassName>IfcEvaporatorType</ClassName>
  </ApplicableClasses>
  <ApplicableTypeValue>IfcEvaporator,IfcEvaporatorType</ApplicableTypeValue>
  <PropertyDefs>
    <PropertyDef>
      <Name>Reference</Name>
      <Definition>Reference ID for this specified type in this project (e.g. type 'A-1'), Also referred to as &quot;construction type&quot;. It should be provided as an alternative to the name of the &quot;object type&quot;, if the software does not support object types and no classification reference to a recognized classification system used.IFC4.3.0.0 DEPRECATION  The Reference property is deprecated and shall no longer be used, use attribute Name on the relating type instead.</Definition>
      <PropertyType>
        <TypePropertySingleValue>
          <DataType type="IfcIdentifier"/>
        </TypePropertySingleValue>
      </PropertyType>
    </PropertyDef>
    <PropertyDef>
      <Name>Status</Name>
      <Definition>Status of the element, predominately used in renovation or retrofitting projects. The status can be assigned to as &quot;New&quot; - element designed as new addition, &quot;Existing&quot; - element exists and remains, &quot;Demolish&quot; - element existed but is to be demolished,  &quot;Temporary&quot; - element will exists only temporary (like a temporary support structure).</Definition>
      <PropertyType>
        <TypePropertyEnumeratedValue>
          <EnumList name="PEnum_ElementStatus">
            <EnumItem>DEMOLISH</EnumItem>
            <EnumItem>EXISTING</EnumItem>
            <EnumItem>NEW</EnumItem>
            <EnumItem>TEMPORARY</EnumItem>
            <EnumItem>OTHER</EnumItem>
            <EnumItem>NOTKNOWN</EnumItem>
            <EnumItem>UNSET</EnumItem>
          </EnumList>
        </TypePropertyEnumeratedValue>
      </PropertyType>
    </PropertyDef>
    <PropertyDef>
      <Name>EvaporatorMediumType</Name>
      <Definition>ColdLiquid: Evaporator is using liquid type of fluid to exchange heat with refrigerant.
ColdAir: Evaporator is using air to exchange heat with refrigerant.</Definition>
      <PropertyType>
        <TypePropertyEnumeratedValue>
          <EnumList name="PEnum_EvaporatorMediumType">
            <EnumItem>COLDAIR</EnumItem>
            <EnumItem>COLDLIQUID</EnumItem>
            <EnumItem>OTHER</EnumItem>
            <EnumItem>NOTKNOWN</EnumItem>
            <EnumItem>UNSET</EnumItem>
          </EnumList>
        </TypePropertyEnumeratedValue>
      </PropertyType>
    </PropertyDef>
    <PropertyDef>
      <Name>EvaporatorCoolant</Name>
      <Definition>The fluid used for the coolant in the evaporator.</Definition>
      <PropertyType>
        <TypePropertyEnumeratedValue>
          <EnumList name="PEnum_EvaporatorCoolant">
            <EnumItem>BRINE</EnumItem>
            <EnumItem>GLYCOL</EnumItem>
            <EnumItem>WATER</EnumItem>
            <EnumItem>OTHER</EnumItem>
            <EnumItem>NOTKNOWN</EnumItem>
            <EnumItem>UNSET</EnumItem>
          </EnumList>
        </TypePropertyEnumeratedValue>
      </PropertyType>
    </PropertyDef>
    <PropertyDef>
      <Name>RefrigerantClass</Name>
      <Definition>Refrigerant class used by the object.
CFC: Chlorofluorocarbons.
HCFC: Hydrochlorofluorocarbons.
HFC: Hydrofluorocarbons.</Definition>
      <PropertyType>
        <TypePropertyEnumeratedValue>
          <EnumList name="PEnum_RefrigerantClass">
            <EnumItem>AMMONIA</EnumItem>
            <EnumItem>CFC</EnumItem>
            <EnumItem>CO2</EnumItem>
            <EnumItem>H2O</EnumItem>
            <EnumItem>HCFC</EnumItem>
            <EnumItem>HFC</EnumItem>
            <EnumItem>HYDROCARBONS</EnumItem>
            <EnumItem>OTHER</EnumItem>
            <EnumItem>NOTKNOWN</EnumItem>
            <EnumItem>UNSET</EnumItem>
          </EnumList>
        </TypePropertyEnumeratedValue>
      </PropertyType>
    </PropertyDef>
    <PropertyDef>
      <Name>ExternalSurfaceArea</Name>
      <Definition>External surface area (both primary and secondary area).</Definition>
      <PropertyType>
        <TypePropertySingleValue>
          <DataType type="IfcAreaMeasure"/>
        </TypePropertySingleValue>
      </PropertyType>
    </PropertyDef>
    <PropertyDef>
      <Name>InternalSurfaceArea</Name>
      <Definition>Internal surface area.</Definition>
      <PropertyType>
        <TypePropertySingleValue>
          <DataType type="IfcAreaMeasure"/>
        </TypePropertySingleValue>
      </PropertyType>
    </PropertyDef>
    <PropertyDef>
      <Name>InternalRefrigerantVolume</Name>
      <Definition>Internal volume of object (refrigerant side).</Definition>
      <PropertyType>
        <TypePropertySingleValue>
          <DataType type="IfcVolumeMeasure"/>
        </TypePropertySingleValue>
      </PropertyType>
    </PropertyDef>
    <PropertyDef>
      <Name>InternalWaterVolume</Name>
      <Definition>Internal volume of object (water side).</Definition>
      <PropertyType>
        <TypePropertySingleValue>
          <DataType type="IfcVolumeMeasure"/>
        </TypePropertySingleValue>
      </PropertyType>
    </PropertyDef>
    <PropertyDef>
      <Name>NominalHeatTransferArea</Name>
      <Definition>Nominal heat transfer surface area associated with nominal overall heat transfer coefficient.</Definition>
      <PropertyType>
        <TypePropertySingleValue>
          <DataType type="IfcAreaMeasure"/>
        </TypePropertySingleValue>
      </PropertyType>
    </PropertyDef>
    <PropertyDef>
      <Name>NominalHeatTransferCoefficient</Name>
      <Definition>Nominal overall heat transfer coefficient associated with nominal heat transfer area.</Definition>
      <PropertyType>
        <TypePropertySingleValue>
          <DataType type="IfcThermalTransmittanceMeasure"/>
        </TypePropertySingleValue>
      </PropertyType>
    </PropertyDef>
  </PropertyDefs>
</PropertySetDef>
