<?xml version="1.0" ?>
<PropertySetDef templatetype="PSET_TYPEDRIVENOVERRIDE" xmlns:xsd="http://www.w3.org/2001/XMLSchema" xmlns:xsi="http://www.w3.org/2001/XMLSchema-instance" xsi:noNamespaceSchemaLocation="http://buildingSMART-tech.org/xml/psd/PSD_IFC4.xsd">
  <IfcVersion version="IFC4X3_TC1"/>
  <Name>Pset_FurnitureTypeChair</Name>
  <Definition>A set of specific properties for furniture type chair. HISTORY: First issued in IFC Release R1.5. Renamed from Pset_Chair</Definition>
  <Applicability/>
  <ApplicableClasses>
    <ClassName>IfcFurniture/CHAIR</ClassName>
    <ClassName>IfcFurnitureType/CHAIR</ClassName>
  </ApplicableClasses>
  <ApplicableTypeValue>IfcFurniture/CHAIR,IfcFurnitureType/CHAIR</ApplicableTypeValue>
  <PropertyDefs>
    <PropertyDef>
      <Name>SeatingHeight</Name>
      <Definition>The value of seating height if the chair height is not adjustable.</Definition>
      <PropertyType>
        <TypePropertySingleValue>
          <DataType type="IfcPositiveLengthMeasure"/>
        </TypePropertySingleValue>
      </PropertyType>
    </PropertyDef>
    <PropertyDef>
      <Name>HighestSeatingHeight</Name>
      <Definition>The value of seating height of high level if the chair height is adjustable.</Definition>
      <PropertyType>
        <TypePropertySingleValue>
          <DataType type="IfcPositiveLengthMeasure"/>
        </TypePropertySingleValue>
      </PropertyType>
    </PropertyDef>
    <PropertyDef>
      <Name>LowestSeatingHeight</Name>
      <Definition>The value of seating height of low level if the chair height is adjustable.</Definition>
      <PropertyType>
        <TypePropertySingleValue>
          <DataType type="IfcPositiveLengthMeasure"/>
        </TypePropertySingleValue>
      </PropertyType>
    </PropertyDef>
  </PropertyDefs>
</PropertySetDef>
