<?xml version="1.0" ?>
<PropertySetDef templatetype="PSET_OCCURRENCEDRIVEN" xmlns:xsd="http://www.w3.org/2001/XMLSchema" xmlns:xsi="http://www.w3.org/2001/XMLSchema-instance" xsi:noNamespaceSchemaLocation="http://buildingSMART-tech.org/xml/psd/PSD_IFC4.xsd">
  <IfcVersion version="IFC4X3_ADD1"/>
  <Name>Pset_DistributionPortTypePipe</Name>
  <Definition>Pipe port occurrence attributes attached to an instance of IfcDistributionPort.</Definition>
  <Applicability/>
  <ApplicableClasses>
    <ClassName>IfcDistributionPort/PIPE</ClassName>
  </ApplicableClasses>
  <ApplicableTypeValue>IfcDistributionPort/PIPE</ApplicableTypeValue>
  <PropertyDefs>
    <PropertyDef>
      <Name>ConnectionType</Name>
      <Definition>The end-style treatment of the duct port:BEADEDSLEEVE: Beaded Sleeve.
COMPRESSION: Compression.
CRIMP: Crimp.
DRAWBAND: Drawband.
DRIVESLIP: Drive slip.
FLANGED: Flanged.
OUTSIDESLEEVE: Outside Sleeve.
SLIPON: Slipon.
SOLDERED: Soldered.
SSLIP: S-Slip.
STANDINGSEAM: Standing seam.
SWEDGE: Swedge.
WELDED: Welded.
OTHER: Another type of end-style has been applied.
NONE: No end-style has been applied.</Definition>
      <PropertyType>
        <TypePropertyEnumeratedValue>
          <EnumList name="PEnum_PipeEndStyleTreatment">
            <EnumItem>BRAZED</EnumItem>
            <EnumItem>COMPRESSION</EnumItem>
            <EnumItem>FLANGED</EnumItem>
            <EnumItem>GROOVED</EnumItem>
            <EnumItem>NONE</EnumItem>
            <EnumItem>OUTSIDESLEEVE</EnumItem>
            <EnumItem>SOLDERED</EnumItem>
            <EnumItem>SWEDGE</EnumItem>
            <EnumItem>THREADED</EnumItem>
            <EnumItem>WELDED</EnumItem>
            <EnumItem>OTHER</EnumItem>
            <EnumItem>UNSET</EnumItem>
          </EnumList>
        </TypePropertyEnumeratedValue>
      </PropertyType>
    </PropertyDef>
    <PropertyDef>
      <Name>ConnectionSubtype</Name>
      <Definition>The physical port connection subtype that further qualifies the ConnectionType. The following values are recommended:ACPLUG: A, B, C, D, E, F, EF, G, H, I, J, K, L, M
DIN: Mini3P, Mini4P, Mini5P, Mini6P, Mini7P, Mini8P, Mini9P
DSub: DA15, DB25, DC37, DD50, DE9, DE15
EIAJ: RC5720
HDMI: A, B, C
RADIO: IEEE802.11g, IEEE802.11n
RJ: 4P4C, 6P2C, 8P8C
SOCKET: E-11, E-12, E-14, E-17, E-26, E-27, E-39, E-40
TRS: TS_Mini, TS_SubMini, TRS_Mini, TRS_SubMini</Definition>
      <PropertyType>
        <TypePropertySingleValue>
          <DataType type="IfcLabel"/>
        </TypePropertySingleValue>
      </PropertyType>
    </PropertyDef>
    <PropertyDef>
      <Name>NominalDiameter</Name>
      <Definition>Nominal diameter or width of the object.

The nominal diameter of the pipe connection.</Definition>
      <PropertyType>
        <TypePropertySingleValue>
          <DataType type="IfcPositiveLengthMeasure"/>
        </TypePropertySingleValue>
      </PropertyType>
    </PropertyDef>
    <PropertyDef>
      <Name>InnerDiameter</Name>
      <Definition>The actual inner diameter of the object.</Definition>
      <PropertyType>
        <TypePropertySingleValue>
          <DataType type="IfcPositiveLengthMeasure"/>
        </TypePropertySingleValue>
      </PropertyType>
    </PropertyDef>
    <PropertyDef>
      <Name>OuterDiameter</Name>
      <Definition>The actual outer diameter of the object.</Definition>
      <PropertyType>
        <TypePropertySingleValue>
          <DataType type="IfcPositiveLengthMeasure"/>
        </TypePropertySingleValue>
      </PropertyType>
    </PropertyDef>
    <PropertyDef>
      <Name>Temperature</Name>
      <Definition>Temperature of the fluid.</Definition>
      <PropertyType>
        <TypePropertyBoundedValue>
          <DataType type="IfcThermodynamicTemperatureMeasure"/>
        </TypePropertyBoundedValue>
      </PropertyType>
    </PropertyDef>
    <PropertyDef>
      <Name>VolumetricFlowRate</Name>
      <Definition>The volumetric flow rate of the fluid.</Definition>
      <PropertyType>
        <TypePropertyBoundedValue>
          <DataType type="IfcVolumetricFlowRateMeasure"/>
        </TypePropertyBoundedValue>
      </PropertyType>
    </PropertyDef>
    <PropertyDef>
      <Name>MassFlowRate</Name>
      <Definition>The mass flow rate of the fluid.</Definition>
      <PropertyType>
        <TypePropertyBoundedValue>
          <DataType type="IfcMassFlowRateMeasure"/>
        </TypePropertyBoundedValue>
      </PropertyType>
    </PropertyDef>
    <PropertyDef>
      <Name>FlowCondition</Name>
      <Definition>Defines the flow condition as a percentage of the cross-sectional area.</Definition>
      <PropertyType>
        <TypePropertyBoundedValue>
          <DataType type="IfcPositiveRatioMeasure"/>
        </TypePropertyBoundedValue>
      </PropertyType>
    </PropertyDef>
    <PropertyDef>
      <Name>Velocity</Name>
      <Definition>The velocity of the fluid.</Definition>
      <PropertyType>
        <TypePropertyBoundedValue>
          <DataType type="IfcLinearVelocityMeasure"/>
        </TypePropertyBoundedValue>
      </PropertyType>
    </PropertyDef>
    <PropertyDef>
      <Name>Pressure</Name>
      <Definition>The pressure of  fluid.</Definition>
      <PropertyType>
        <TypePropertyBoundedValue>
          <DataType type="IfcPressureMeasure"/>
        </TypePropertyBoundedValue>
      </PropertyType>
    </PropertyDef>
  </PropertyDefs>
</PropertySetDef>
