<?xml version="1.0" ?>
<PropertySetDef templatetype="PSET_TYPEDRIVENOVERRIDE" xmlns:xsd="http://www.w3.org/2001/XMLSchema" xmlns:xsi="http://www.w3.org/2001/XMLSchema-instance" xsi:noNamespaceSchemaLocation="http://buildingSMART-tech.org/xml/psd/PSD_IFC4.xsd">
  <IfcVersion version="IFC4X3_TC1"/>
  <Name>Pset_ProtectiveDeviceTrippingUnitCurrentAdjustment</Name>
  <Definition>A set of current adjustment values that may be applied to an electronic or thermal tripping unit type.</Definition>
  <Applicability/>
  <ApplicableClasses>
    <ClassName>IfcProtectiveDeviceTrippingUnit</ClassName>
    <ClassName>IfcProtectiveDeviceTrippingUnitType</ClassName>
  </ApplicableClasses>
  <ApplicableTypeValue>IfcProtectiveDeviceTrippingUnit,IfcProtectiveDeviceTrippingUnitType</ApplicableTypeValue>
  <PropertyDefs>
    <PropertyDef>
      <Name>AdjustmentValueType</Name>
      <Definition>The type of adjustment value that is applied through the property set. This determines the properties that should be asserted (see below).</Definition>
      <PropertyType>
        <TypePropertyEnumeratedValue>
          <EnumList name="PEnum_AdjustmentValueType">
            <EnumItem>LIST</EnumItem>
            <EnumItem>RANGE</EnumItem>
          </EnumList>
        </TypePropertyEnumeratedValue>
      </PropertyType>
    </PropertyDef>
    <PropertyDef>
      <Name>CurrentAdjustmentRange</Name>
      <Definition>Upper and lower current adjustment limits for an AdjustmentValueType = RANGE. Note that this property should not have a value for an  AdjustmentValueType = LIST.</Definition>
      <PropertyType>
        <TypePropertyBoundedValue>
          <DataType type="IfcElectricCurrentMeasure"/>
        </TypePropertyBoundedValue>
      </PropertyType>
    </PropertyDef>
    <PropertyDef>
      <Name>CurrentAdjustmentRangeStepValue</Name>
      <Definition>Step value of current adjustment for an AdjustmentValueType = RANGE. Note that this property should not have a value for an  AdjustmentValueType = LIST.</Definition>
      <PropertyType>
        <TypePropertySingleValue>
          <DataType type="IfcElectricCurrentMeasure"/>
        </TypePropertySingleValue>
      </PropertyType>
    </PropertyDef>
    <PropertyDef>
      <Name>CurrentAdjustmentValues</Name>
      <Definition>A list of current adjustment values that may be applied to a tripping unit for an AdjustmentValueType = LIST. A minimum of 1 and a maximum of 16 adjustment values may be specified. Note that this property should not have a value for an  AdjustmentValueType = RANGE.</Definition>
      <PropertyType>
        <TypePropertyListValue>
          <ListValue>
            <DataType type="IfcElectricCurrentMeasure"/>
          </ListValue>
        </TypePropertyListValue>
      </PropertyType>
    </PropertyDef>
    <PropertyDef>
      <Name>AdjustmentDesignation</Name>
      <Definition>The desgnation on the device for the adjustment.</Definition>
      <PropertyType>
        <TypePropertySingleValue>
          <DataType type="IfcLabel"/>
        </TypePropertySingleValue>
      </PropertyType>
    </PropertyDef>
  </PropertyDefs>
</PropertySetDef>
