<?xml version="1.0" ?>
<PropertySetDef templatetype="PSET_OCCURRENCEDRIVEN" xmlns:xsd="http://www.w3.org/2001/XMLSchema" xmlns:xsi="http://www.w3.org/2001/XMLSchema-instance" xsi:noNamespaceSchemaLocation="http://buildingSMART-tech.org/xml/psd/PSD_IFC4.xsd">
  <IfcVersion version="IFC4X3"/>
  <Name>Pset_PavementMillingCommon</Name>
  <Definition>Properties for pavement milling.</Definition>
  <Applicability/>
  <ApplicableClasses>
    <ClassName>IfcEarthworksCut/PAVEMENTMILLING</ClassName>
  </ApplicableClasses>
  <ApplicableTypeValue>IfcEarthworksCut/PAVEMENTMILLING</ApplicableTypeValue>
  <PropertyDefs>
    <PropertyDef>
      <Name>NominalDepth</Name>
      <Definition>Nominal or quoted depth of the object measured from the inlet drain connection to the base of the unit.</Definition>
      <PropertyType>
        <TypePropertySingleValue>
          <DataType type="IfcNonNegativeLengthMeasure"/>
        </TypePropertySingleValue>
      </PropertyType>
    </PropertyDef>
    <PropertyDef>
      <Name>NominalWidth</Name>
      <Definition>The nominal overall width of the object. The size information is provided in addition to the shape representation and the geometric parameters used within. In cases of inconsistency between the geometric parameters and the size properties, provided in the attached property set, the geometric parameters take precedence.</Definition>
      <PropertyType>
        <TypePropertySingleValue>
          <DataType type="IfcNonNegativeLengthMeasure"/>
        </TypePropertySingleValue>
      </PropertyType>
    </PropertyDef>
  </PropertyDefs>
</PropertySetDef>
