<?xml version="1.0" ?>
<PropertySetDef templatetype="PSET_TYPEDRIVENOVERRIDE" xmlns:xsd="http://www.w3.org/2001/XMLSchema" xmlns:xsi="http://www.w3.org/2001/XMLSchema-instance" xsi:noNamespaceSchemaLocation="http://buildingSMART-tech.org/xml/psd/PSD_IFC4.xsd">
  <IfcVersion version="IFC4X3_ADD1"/>
  <Name>Pset_CourseApplicationConditions</Name>
  <Definition>Properties regarding the conditions when applying a course.</Definition>
  <Applicability/>
  <ApplicableClasses>
    <ClassName>IfcCourse</ClassName>
    <ClassName>IfcCourseType</ClassName>
  </ApplicableClasses>
  <ApplicableTypeValue>IfcCourse,IfcCourseType</ApplicableTypeValue>
  <PropertyDefs>
    <PropertyDef>
      <Name>ApplicationTemperature</Name>
      <Definition>Indicates the ambient temperature at which the course is applied</Definition>
      <PropertyType>
        <TypePropertySingleValue>
          <DataType type="IfcThermodynamicTemperatureMeasure"/>
        </TypePropertySingleValue>
      </PropertyType>
    </PropertyDef>
    <PropertyDef>
      <Name>WeatherConditions</Name>
      <Definition>Indicates the weather conditions during the application of the course</Definition>
      <PropertyType>
        <TypePropertySingleValue>
          <DataType type="IfcText"/>
        </TypePropertySingleValue>
      </PropertyType>
    </PropertyDef>
  </PropertyDefs>
</PropertySetDef>
