<?xml version="1.0" ?>
<PropertySetDef templatetype="PSET_PERFORMANCEDRIVEN" xmlns:xsd="http://www.w3.org/2001/XMLSchema" xmlns:xsi="http://www.w3.org/2001/XMLSchema-instance" xsi:noNamespaceSchemaLocation="http://buildingSMART-tech.org/xml/psd/PSD_IFC4.xsd">
  <IfcVersion version="IFC4X3"/>
  <Name>Pset_AirTerminalPHistory</Name>
  <Definition>Air terminal performance history common attributes.</Definition>
  <Applicability/>
  <ApplicableClasses>
    <ClassName>IfcAirTerminal</ClassName>
  </ApplicableClasses>
  <ApplicableTypeValue>IfcAirTerminal</ApplicableTypeValue>
  <PropertyDefs>
    <PropertyDef>
      <Name>AirFlowRateHistory</Name>
      <Definition>Volumetric flow rate.</Definition>
      <PropertyType>
        <TypePropertyReferenceValue reftype="IfcTimeSeries"/>
      </PropertyType>
    </PropertyDef>
    <PropertyDef>
      <Name>NeckAirVelocity</Name>
      <Definition>Air velocity at the neck.</Definition>
      <PropertyType>
        <TypePropertyReferenceValue reftype="IfcTimeSeries"/>
      </PropertyType>
    </PropertyDef>
    <PropertyDef>
      <Name>SupplyAirTemperatureHeating</Name>
      <Definition>Supply air temperature in heating mode.</Definition>
      <PropertyType>
        <TypePropertyReferenceValue reftype="IfcTimeSeries"/>
      </PropertyType>
    </PropertyDef>
    <PropertyDef>
      <Name>SupplyAirTemperatureCooling</Name>
      <Definition>Supply air temperature in cooling mode.</Definition>
      <PropertyType>
        <TypePropertyReferenceValue reftype="IfcTimeSeries"/>
      </PropertyType>
    </PropertyDef>
    <PropertyDef>
      <Name>PressureDrop</Name>
      <Definition>Pressure drop.</Definition>
      <PropertyType>
        <TypePropertyReferenceValue reftype="IfcTimeSeries"/>
      </PropertyType>
    </PropertyDef>
    <PropertyDef>
      <Name>InductionRatio</Name>
      <Definition>Induction ratio versus distance from the diffuser and its discharge direction; induction ratio (or entrainment ratio) is the ratio of the volumetric flow rate in the jet to the volumetric flow rate at the air terminal.</Definition>
      <PropertyType>
        <TypePropertyTableValue>
          <Expression/>
          <DefiningValue>
            <DataType type="IfcReal"/>
          </DefiningValue>
          <DefinedValue>
            <DataType type="IfcLengthMeasure"/>
          </DefinedValue>
        </TypePropertyTableValue>
      </PropertyType>
    </PropertyDef>
    <PropertyDef>
      <Name>CenterlineAirVelocity</Name>
      <Definition>Centerline air velocity versus distance from the diffuser and temperature differential; a function of distance from diffuser and temperature difference between supply air and room air.</Definition>
      <PropertyType>
        <TypePropertyTableValue>
          <Expression/>
          <DefiningValue>
            <DataType type="IfcLinearVelocityMeasure"/>
          </DefiningValue>
          <DefinedValue>
            <DataType type="IfcLengthMeasure"/>
          </DefinedValue>
        </TypePropertyTableValue>
      </PropertyType>
    </PropertyDef>
  </PropertyDefs>
</PropertySetDef>
