<?xml version="1.0" ?>
<PropertySetDef templatetype="PSET_MATERIALDRIVEN" xmlns:xsd="http://www.w3.org/2001/XMLSchema" xmlns:xsi="http://www.w3.org/2001/XMLSchema-instance" xsi:noNamespaceSchemaLocation="http://buildingSMART-tech.org/xml/psd/PSD_IFC4.xsd">
  <IfcVersion version="IFC4X3_ADD1"/>
  <Name>Pset_MechanicalPanelOutOfPlaneNegative</Name>
  <Definition>Properties for Mechanical Panels Out Of Plane Negative.</Definition>
  <Applicability/>
  <ApplicableClasses>
    <ClassName>IfcMaterial</ClassName>
  </ApplicableClasses>
  <ApplicableTypeValue>IfcMaterial</ApplicableTypeValue>
  <PropertyDefs>
    <PropertyDef>
      <Name>YoungModulusBending</Name>
      <Definition>Defining values: α; defined values: elastic modulus in bending.</Definition>
      <PropertyType>
        <TypePropertyTableValue>
          <Expression/>
          <DefiningValue>
            <DataType type="IfcPositivePlaneAngleMeasure"/>
          </DefiningValue>
          <DefinedValue>
            <DataType type="IfcModulusOfElasticityMeasure"/>
          </DefinedValue>
        </TypePropertyTableValue>
      </PropertyType>
    </PropertyDef>
    <PropertyDef>
      <Name>YoungModulusTension</Name>
      <Definition>Defining values: α; defined values: elastic modulus in tension.</Definition>
      <PropertyType>
        <TypePropertyTableValue>
          <Expression/>
          <DefiningValue>
            <DataType type="IfcPositivePlaneAngleMeasure"/>
          </DefiningValue>
          <DefinedValue>
            <DataType type="IfcModulusOfElasticityMeasure"/>
          </DefinedValue>
        </TypePropertyTableValue>
      </PropertyType>
    </PropertyDef>
    <PropertyDef>
      <Name>YoungModulusCompression</Name>
      <Definition>Elastic modulus in compression.</Definition>
      <PropertyType>
        <TypePropertySingleValue>
          <DataType type="IfcModulusOfElasticityMeasure"/>
        </TypePropertySingleValue>
      </PropertyType>
    </PropertyDef>
    <PropertyDef>
      <Name>ShearModulus</Name>
      <Definition>A measure of the shear modulus of elasticity of the material.</Definition>
      <PropertyType>
        <TypePropertySingleValue>
          <DataType type="IfcModulusOfElasticityMeasure"/>
        </TypePropertySingleValue>
      </PropertyType>
    </PropertyDef>
    <PropertyDef>
      <Name>BendingStrength</Name>
      <Definition>Bending strength.

Defining values: α; defined values: bending strength.</Definition>
      <PropertyType>
        <TypePropertyTableValue>
          <Expression/>
          <DefiningValue>
            <DataType type="IfcPositivePlaneAngleMeasure"/>
          </DefiningValue>
          <DefinedValue>
            <DataType type="IfcPressureMeasure"/>
          </DefinedValue>
        </TypePropertyTableValue>
      </PropertyType>
    </PropertyDef>
    <PropertyDef>
      <Name>CompressiveStrength</Name>
      <Definition>The compressive strength of the object or material.

Defining values: α; defined values: compressive strength.</Definition>
      <PropertyType>
        <TypePropertyTableValue>
          <Expression/>
          <DefiningValue>
            <DataType type="IfcPositivePlaneAngleMeasure"/>
          </DefiningValue>
          <DefinedValue>
            <DataType type="IfcPressureMeasure"/>
          </DefinedValue>
        </TypePropertyTableValue>
      </PropertyType>
    </PropertyDef>
    <PropertyDef>
      <Name>TensileStrength</Name>
      <Definition>Indicates the ability to withstand breakage apart under applied force.</Definition>
      <PropertyType>
        <TypePropertyTableValue>
          <Expression/>
          <DefiningValue>
            <DataType type="IfcPositivePlaneAngleMeasure"/>
          </DefiningValue>
          <DefinedValue>
            <DataType type="IfcPressureMeasure"/>
          </DefinedValue>
        </TypePropertyTableValue>
      </PropertyType>
    </PropertyDef>
    <PropertyDef>
      <Name>ShearStrength</Name>
      <Definition>Defining values: α; defined values: shear strength.</Definition>
      <PropertyType>
        <TypePropertyTableValue>
          <Expression/>
          <DefiningValue>
            <DataType type="IfcPositivePlaneAngleMeasure"/>
          </DefiningValue>
          <DefinedValue>
            <DataType type="IfcPressureMeasure"/>
          </DefinedValue>
        </TypePropertyTableValue>
      </PropertyType>
    </PropertyDef>
    <PropertyDef>
      <Name>BearingStrength</Name>
      <Definition>Defining values: α; defined values: bearing strength of bolt holes, i.e. intrados pressure.</Definition>
      <PropertyType>
        <TypePropertyTableValue>
          <Expression/>
          <DefiningValue>
            <DataType type="IfcPositivePlaneAngleMeasure"/>
          </DefiningValue>
          <DefinedValue>
            <DataType type="IfcPressureMeasure"/>
          </DefinedValue>
        </TypePropertyTableValue>
      </PropertyType>
    </PropertyDef>
    <PropertyDef>
      <Name>RaisedCompressiveStrength</Name>
      <Definition>Alternative value for compressive strength which may be used under material and code dependent conditions (e.g. if deformation is tolerable, or far from ends of the member); conditions should be stated in SELF\IfcProperty.Description.</Definition>
      <PropertyType>
        <TypePropertySingleValue>
          <DataType type="IfcPressureMeasure"/>
        </TypePropertySingleValue>
      </PropertyType>
    </PropertyDef>
    <PropertyDef>
      <Name>ReferenceDepth</Name>
      <Definition>Depth in bending for which the mechanical properties are valid; provided as a means to check the integrity of material assignment.</Definition>
      <PropertyType>
        <TypePropertySingleValue>
          <DataType type="IfcPositiveLengthMeasure"/>
        </TypePropertySingleValue>
      </PropertyType>
    </PropertyDef>
  </PropertyDefs>
</PropertySetDef>
