<?xml version="1.0" ?>
<PropertySetDef templatetype="PSET_MATERIALDRIVEN" xmlns:xsd="http://www.w3.org/2001/XMLSchema" xmlns:xsi="http://www.w3.org/2001/XMLSchema-instance" xsi:noNamespaceSchemaLocation="http://buildingSMART-tech.org/xml/psd/PSD_IFC4.xsd">
  <IfcVersion version="IFC4X3"/>
  <Name>Pset_MaterialWoodBasedStructure</Name>
  <Definition>Properties about Material of Wood Based Structure.</Definition>
  <Applicability/>
  <ApplicableClasses>
    <ClassName>IfcMaterial</ClassName>
  </ApplicableClasses>
  <ApplicableTypeValue>IfcMaterial</ApplicableTypeValue>
  <PropertyDefs>
    <PropertyDef>
      <Name>ApplicableStructuralDesignMethod</Name>
      <Definition>Determines whether mechanical material properties are applicable to 'ASD' = allowable stress design (working stress design), 'LSD' = limit state design, or 'LRFD' = load and resistance factor design.</Definition>
      <PropertyType>
        <TypePropertySingleValue>
          <DataType type="IfcLabel"/>
        </TypePropertySingleValue>
      </PropertyType>
    </PropertyDef>
  </PropertyDefs>
</PropertySetDef>
