<?xml version="1.0" ?>
<PropertySetDef templatetype="PSET_PERFORMANCEDRIVEN" xmlns:xsd="http://www.w3.org/2001/XMLSchema" xmlns:xsi="http://www.w3.org/2001/XMLSchema-instance" xsi:noNamespaceSchemaLocation="http://buildingSMART-tech.org/xml/psd/PSD_IFC4.xsd">
  <IfcVersion version="IFC4X3_TC1"/>
  <Name>Pset_SensorPHistory</Name>
  <Definition>Properties for history of controller values.  HISTORY: Added in IFC4.</Definition>
  <Applicability/>
  <ApplicableClasses>
    <ClassName>IfcSensor</ClassName>
  </ApplicableClasses>
  <ApplicableTypeValue>IfcSensor</ApplicableTypeValue>
  <PropertyDefs>
    <PropertyDef>
      <Name>Value</Name>
      <Definition>The expected range and default value.

Indicates sensed values over time which may be recorded continuously or only when changed beyond a particular deadband.  The range of possible values is defined by the SetPoint property of the corresponding sensor type property set.</Definition>
      <PropertyType>
        <TypePropertyReferenceValue reftype="IfcTimeSeries"/>
      </PropertyType>
    </PropertyDef>
    <PropertyDef>
      <Name>Direction</Name>
      <Definition>Indicates sensed direction for sensors capturing magnitude and direction measured from True North (0 degrees) in a clockwise direction.</Definition>
      <PropertyType>
        <TypePropertyReferenceValue reftype="IfcTimeSeries"/>
      </PropertyType>
    </PropertyDef>
    <PropertyDef>
      <Name>Quality</Name>
      <Definition>Indicates the quality of measurement or failure condition, which may be further qualified by the Status.  True: measured values are considered reliable; False: measured values are considered not reliable (i.e. a fault has been detected); Unknown: reliability of values is uncertain.</Definition>
      <PropertyType>
        <TypePropertyReferenceValue reftype="IfcTimeSeries"/>
      </PropertyType>
    </PropertyDef>
    <PropertyDef>
      <Name>Status</Name>
      <Definition>Status of the element, predominately used in renovation or retrofitting projects. The status can be assigned to as &quot;New&quot; - element designed as new addition, &quot;Existing&quot; - element exists and remains, &quot;Demolish&quot; - element existed but is to be demolished,  &quot;Temporary&quot; - element will exists only temporary (like a temporary support structure).</Definition>
      <PropertyType>
        <TypePropertyReferenceValue reftype="IfcTimeSeries"/>
      </PropertyType>
    </PropertyDef>
  </PropertyDefs>
</PropertySetDef>
