<?xml version="1.0" ?>
<PropertySetDef templatetype="PSET_TYPEDRIVENOVERRIDE" xmlns:xsd="http://www.w3.org/2001/XMLSchema" xmlns:xsi="http://www.w3.org/2001/XMLSchema-instance" xsi:noNamespaceSchemaLocation="http://buildingSMART-tech.org/xml/psd/PSD_IFC4.xsd">
  <IfcVersion version="IFC4X3_TC1"/>
  <Name>Pset_SanitaryTerminalTypeShower</Name>
  <Definition>Installation or waste water appliance that emits a spray of water to wash the human body (BS6100). HISTORY: In IFC4, Material and MaterialThickness properties removed. Use materials capabilities from IfcMaterialsResource schema. Datatype of color changed to IfcLabel (still a string value)</Definition>
  <Applicability/>
  <ApplicableClasses>
    <ClassName>IfcSanitaryTerminal/SHOWER</ClassName>
    <ClassName>IfcSanitaryTerminalType/SHOWER</ClassName>
  </ApplicableClasses>
  <ApplicableTypeValue>IfcSanitaryTerminal/SHOWER,IfcSanitaryTerminalType/SHOWER</ApplicableTypeValue>
  <PropertyDefs>
    <PropertyDef>
      <Name>ShowerType</Name>
      <Definition>Selection of the type of shower from the enumerated list of types where:-Drench:     Shower that rapidly gives a thorough soaking in an emergency.
Individual:     Shower unit that is typically enclosed and is for the use of one person at a time.
Tunnel:     Shower that has a succession of shower heads or spreaders that operate simultaneously along its length.</Definition>
      <PropertyType>
        <TypePropertyEnumeratedValue>
          <EnumList name="PEnum_ShowerType">
            <EnumItem>DRENCH</EnumItem>
            <EnumItem>INDIVIDUAL</EnumItem>
            <EnumItem>TUNNEL</EnumItem>
            <EnumItem>OTHER</EnumItem>
            <EnumItem>NOTKNOWN</EnumItem>
            <EnumItem>UNSET</EnumItem>
          </EnumList>
        </TypePropertyEnumeratedValue>
      </PropertyType>
    </PropertyDef>
    <PropertyDef>
      <Name>HasTray</Name>
      <Definition>Indicates whether the shower has a separate receptacle that catches the water in a shower and directs it to a waste outlet.</Definition>
      <PropertyType>
        <TypePropertySingleValue>
          <DataType type="IfcBoolean"/>
        </TypePropertySingleValue>
      </PropertyType>
    </PropertyDef>
    <PropertyDef>
      <Name>ShowerHeadDescription</Name>
      <Definition>A description of the shower head(s) that emit the spray of water.</Definition>
      <PropertyType>
        <TypePropertySingleValue>
          <DataType type="IfcText"/>
        </TypePropertySingleValue>
      </PropertyType>
    </PropertyDef>
    <PropertyDef>
      <Name>DrainSize</Name>
      <Definition>The size of the drain outlet connection from the object.</Definition>
      <PropertyType>
        <TypePropertySingleValue>
          <DataType type="IfcPositiveLengthMeasure"/>
        </TypePropertySingleValue>
      </PropertyType>
    </PropertyDef>
  </PropertyDefs>
</PropertySetDef>
