<?xml version="1.0" ?>
<PropertySetDef templatetype="PSET_OCCURRENCEDRIVEN" xmlns:xsd="http://www.w3.org/2001/XMLSchema" xmlns:xsi="http://www.w3.org/2001/XMLSchema-instance" xsi:noNamespaceSchemaLocation="http://buildingSMART-tech.org/xml/psd/PSD_IFC4.xsd">
  <IfcVersion version="IFC4X3_ADD1"/>
  <Name>Pset_RailwayCableCarrier</Name>
  <Definition>Common properties for cable carrier segments constructed in railway projects.</Definition>
  <Applicability/>
  <ApplicableClasses>
    <ClassName>IfcCableCarrierSegment</ClassName>
  </ApplicableClasses>
  <ApplicableTypeValue>IfcCableCarrierSegment</ApplicableTypeValue>
  <PropertyDefs>
    <PropertyDef>
      <Name>NumberOfCrossedTracks</Name>
      <Definition>Number of tracks crossed in cable route.</Definition>
      <PropertyType>
        <TypePropertySingleValue>
          <DataType type="IfcCountMeasure"/>
        </TypePropertySingleValue>
      </PropertyType>
    </PropertyDef>
  </PropertyDefs>
</PropertySetDef>
