<?xml version="1.0" ?>
<PropertySetDef templatetype="PSET_PERFORMANCEDRIVEN" xmlns:xsd="http://www.w3.org/2001/XMLSchema" xmlns:xsi="http://www.w3.org/2001/XMLSchema-instance" xsi:noNamespaceSchemaLocation="http://buildingSMART-tech.org/xml/psd/PSD_IFC4.xsd">
  <IfcVersion version="IFC4X3_TC1"/>
  <Name>Pset_ActuatorPHistory</Name>
  <Definition>Properties for history of actuators.HISTORY Added in IFC4.</Definition>
  <Applicability/>
  <ApplicableClasses>
    <ClassName>IfcActuator</ClassName>
  </ApplicableClasses>
  <ApplicableTypeValue>IfcActuator</ApplicableTypeValue>
  <PropertyDefs>
    <PropertyDef>
      <Name>PositionHistory</Name>
      <Definition>Indicates position of the actuator over time where 0.0 is fully closed and 1.0 is fully open.</Definition>
      <PropertyType>
        <TypePropertyReferenceValue reftype="IfcTimeSeries"/>
      </PropertyType>
    </PropertyDef>
    <PropertyDef>
      <Name>QualityHistory</Name>
      <Definition>Indicates the quality of measurement or failure condition, which may be further qualified by the Status.  True: measured values are considered reliable; False: measured values are considered not reliable (i.e. a fault has been detected); Unknown: reliability of values is uncertain.</Definition>
      <PropertyType>
        <TypePropertyReferenceValue reftype="IfcTimeSeries"/>
      </PropertyType>
    </PropertyDef>
    <PropertyDef>
      <Name>StatusHistory</Name>
      <Definition>Indicates an error code or identifier, whose meaning is specific to the particular automation system.  Example values include: 'ConfigurationError', 'NotConnected', 'DeviceFailure', 'SensorFailure', 'LastKnown, 'CommunicationsFailure', 'OutOfService'.</Definition>
      <PropertyType>
        <TypePropertyReferenceValue reftype="IfcTimeSeries"/>
      </PropertyType>
    </PropertyDef>
  </PropertyDefs>
</PropertySetDef>
