<?xml version="1.0" ?>
<PropertySetDef templatetype="PSET_OCCURRENCEDRIVEN" xmlns:xsd="http://www.w3.org/2001/XMLSchema" xmlns:xsi="http://www.w3.org/2001/XMLSchema-instance" xsi:noNamespaceSchemaLocation="http://buildingSMART-tech.org/xml/psd/PSD_IFC4.xsd">
  <IfcVersion version="IFC4X3"/>
  <Name>Pset_ProjectOrderWorkOrder</Name>
  <Definition>Defines the requirements for purchase orders in a project.</Definition>
  <Applicability/>
  <ApplicableClasses>
    <ClassName>IfcProjectOrder/WORKORDER</ClassName>
  </ApplicableClasses>
  <ApplicableTypeValue>IfcProjectOrder/WORKORDER</ApplicableTypeValue>
  <PropertyDefs>
    <PropertyDef>
      <Name>ProductDescription</Name>
      <Definition>A textual description of the products that require the work.</Definition>
      <PropertyType>
        <TypePropertySingleValue>
          <DataType type="IfcText"/>
        </TypePropertySingleValue>
      </PropertyType>
    </PropertyDef>
    <PropertyDef>
      <Name>WorkTypeRequested</Name>
      <Definition>Work type requested in circumstances where there are categorizations of types of work task. It could be used to identify a remedial task, minor work task, electrical task etc.</Definition>
      <PropertyType>
        <TypePropertySingleValue>
          <DataType type="IfcText"/>
        </TypePropertySingleValue>
      </PropertyType>
    </PropertyDef>
    <PropertyDef>
      <Name>ContractualType</Name>
      <Definition>The contractual type of the work.</Definition>
      <PropertyType>
        <TypePropertySingleValue>
          <DataType type="IfcText"/>
        </TypePropertySingleValue>
      </PropertyType>
    </PropertyDef>
    <PropertyDef>
      <Name>IfNotAccomplished</Name>
      <Definition>Comments if the job is not accomplished.</Definition>
      <PropertyType>
        <TypePropertySingleValue>
          <DataType type="IfcText"/>
        </TypePropertySingleValue>
      </PropertyType>
    </PropertyDef>
  </PropertyDefs>
</PropertySetDef>
