<?xml version="1.0" ?>
<PropertySetDef templatetype="PSET_TYPEDRIVENOVERRIDE" xmlns:xsd="http://www.w3.org/2001/XMLSchema" xmlns:xsi="http://www.w3.org/2001/XMLSchema-instance" xsi:noNamespaceSchemaLocation="http://buildingSMART-tech.org/xml/psd/PSD_IFC4.xsd">
  <IfcVersion version="IFC4X3"/>
  <Name>Pset_SensorTypeMovementSensor</Name>
  <Definition>A device that senses or detects movement. HISTORY: In IFC4, time constant deleted.</Definition>
  <Applicability/>
  <ApplicableClasses>
    <ClassName>IfcSensor/MOVEMENTSENSOR</ClassName>
    <ClassName>IfcSensorType/MOVEMENTSENSOR</ClassName>
  </ApplicableClasses>
  <ApplicableTypeValue>IfcSensor/MOVEMENTSENSOR,IfcSensorType/MOVEMENTSENSOR</ApplicableTypeValue>
  <PropertyDefs>
    <PropertyDef>
      <Name>MovementSensingType</Name>
      <Definition>Enumeration that identifies the type of movement sensing mechanism.</Definition>
      <PropertyType>
        <TypePropertyEnumeratedValue>
          <EnumList name="PEnum_MovementSensingType">
            <EnumItem>PHOTOELECTRICCELL</EnumItem>
            <EnumItem>PRESSUREPAD</EnumItem>
            <EnumItem>OTHER</EnumItem>
            <EnumItem>NOTKNOWN</EnumItem>
            <EnumItem>UNSET</EnumItem>
          </EnumList>
        </TypePropertyEnumeratedValue>
      </PropertyType>
    </PropertyDef>
    <PropertyDef>
      <Name>SetPointMovement</Name>
      <Definition>The movement to be sensed.</Definition>
      <PropertyType>
        <TypePropertyBoundedValue>
          <DataType type="IfcPositiveRatioMeasure"/>
        </TypePropertyBoundedValue>
      </PropertyType>
    </PropertyDef>
  </PropertyDefs>
</PropertySetDef>
