<?xml version="1.0" ?>
<PropertySetDef templatetype="PSET_TYPEDRIVENOVERRIDE" xmlns:xsd="http://www.w3.org/2001/XMLSchema" xmlns:xsi="http://www.w3.org/2001/XMLSchema-instance" xsi:noNamespaceSchemaLocation="http://buildingSMART-tech.org/xml/psd/PSD_IFC4.xsd">
  <IfcVersion version="IFC4X3_TC1"/>
  <Name>Pset_AirTerminalTypeCommon</Name>
  <Definition>Air terminal type common attributes.
SoundLevel attribute deleted in IFC2x2 Pset Addendum: Use IfcSoundProperties instead.</Definition>
  <Applicability/>
  <ApplicableClasses>
    <ClassName>IfcAirTerminal</ClassName>
    <ClassName>IfcAirTerminalType</ClassName>
  </ApplicableClasses>
  <ApplicableTypeValue>IfcAirTerminal,IfcAirTerminalType</ApplicableTypeValue>
  <PropertyDefs>
    <PropertyDef>
      <Name>Reference</Name>
      <Definition>Reference ID for this specified type in this project (e.g. type 'A-1'), Also referred to as &quot;construction type&quot;. It should be provided as an alternative to the name of the &quot;object type&quot;, if the software does not support object types and no classification reference to a recognized classification system used.IFC4.3.0.0 DEPRECATION  The Reference property is deprecated and shall no longer be used, use attribute Name on the relating type instead.</Definition>
      <PropertyType>
        <TypePropertySingleValue>
          <DataType type="IfcIdentifier"/>
        </TypePropertySingleValue>
      </PropertyType>
    </PropertyDef>
    <PropertyDef>
      <Name>Status</Name>
      <Definition>Status of the element, predominately used in renovation or retrofitting projects. The status can be assigned to as &quot;New&quot; - element designed as new addition, &quot;Existing&quot; - element exists and remains, &quot;Demolish&quot; - element existed but is to be demolished,  &quot;Temporary&quot; - element will exists only temporary (like a temporary support structure).</Definition>
      <PropertyType>
        <TypePropertyEnumeratedValue>
          <EnumList name="PEnum_ElementStatus">
            <EnumItem>DEMOLISH</EnumItem>
            <EnumItem>EXISTING</EnumItem>
            <EnumItem>NEW</EnumItem>
            <EnumItem>TEMPORARY</EnumItem>
            <EnumItem>OTHER</EnumItem>
            <EnumItem>NOTKNOWN</EnumItem>
            <EnumItem>UNSET</EnumItem>
          </EnumList>
        </TypePropertyEnumeratedValue>
      </PropertyType>
    </PropertyDef>
    <PropertyDef>
      <Name>AirTerminalShape</Name>
      <Definition>Shape of the air terminal. Slot is typically a long narrow supply device with an aspect ratio generally greater than 10 to 1.</Definition>
      <PropertyType>
        <TypePropertyEnumeratedValue>
          <EnumList name="PEnum_AirTerminalShape">
            <EnumItem>RECTANGULAR</EnumItem>
            <EnumItem>ROUND</EnumItem>
            <EnumItem>SLOT</EnumItem>
            <EnumItem>SQUARE</EnumItem>
            <EnumItem>OTHER</EnumItem>
            <EnumItem>NOTKNOWN</EnumItem>
            <EnumItem>UNSET</EnumItem>
          </EnumList>
        </TypePropertyEnumeratedValue>
      </PropertyType>
    </PropertyDef>
    <PropertyDef>
      <Name>FaceType</Name>
      <Definition>Identifies how the terminal face of an AirTerminal is constructed.</Definition>
      <PropertyType>
        <TypePropertyEnumeratedValue>
          <EnumList name="PEnum_AirTerminalFaceType">
            <EnumItem>DOUBLEDEFLECTION</EnumItem>
            <EnumItem>EGGCRATE</EnumItem>
            <EnumItem>FOURWAYPATTERN</EnumItem>
            <EnumItem>LOUVERED</EnumItem>
            <EnumItem>PERFORATED</EnumItem>
            <EnumItem>SIGHTPROOF</EnumItem>
            <EnumItem>SINGLEDEFLECTION</EnumItem>
            <EnumItem>OTHER</EnumItem>
            <EnumItem>NOTKNOWN</EnumItem>
            <EnumItem>UNSET</EnumItem>
          </EnumList>
        </TypePropertyEnumeratedValue>
      </PropertyType>
    </PropertyDef>
    <PropertyDef>
      <Name>SlotWidth</Name>
      <Definition>Slot width.</Definition>
      <PropertyType>
        <TypePropertySingleValue>
          <DataType type="IfcPositiveLengthMeasure"/>
        </TypePropertySingleValue>
      </PropertyType>
    </PropertyDef>
    <PropertyDef>
      <Name>SlotLength</Name>
      <Definition>Slot length.</Definition>
      <PropertyType>
        <TypePropertySingleValue>
          <DataType type="IfcPositiveLengthMeasure"/>
        </TypePropertySingleValue>
      </PropertyType>
    </PropertyDef>
    <PropertyDef>
      <Name>NumberOfSlots</Name>
      <Definition>Indicates the number of  slots.</Definition>
      <PropertyType>
        <TypePropertySingleValue>
          <DataType type="IfcCountMeasure"/>
        </TypePropertySingleValue>
      </PropertyType>
    </PropertyDef>
    <PropertyDef>
      <Name>FlowPattern</Name>
      <Definition>Flow pattern.</Definition>
      <PropertyType>
        <TypePropertyEnumeratedValue>
          <EnumList name="PEnum_AirTerminalFlowPattern">
            <EnumItem>COMPACTJET</EnumItem>
            <EnumItem>DISPLACMENT</EnumItem>
            <EnumItem>LINEARDOUBLE</EnumItem>
            <EnumItem>LINEARFOURWAY</EnumItem>
            <EnumItem>LINEARSINGLE</EnumItem>
            <EnumItem>RADIAL</EnumItem>
            <EnumItem>SWIRL</EnumItem>
            <EnumItem>OTHER</EnumItem>
            <EnumItem>NOTKNOWN</EnumItem>
            <EnumItem>UNSET</EnumItem>
          </EnumList>
        </TypePropertyEnumeratedValue>
      </PropertyType>
    </PropertyDef>
    <PropertyDef>
      <Name>AirFlowRateRange</Name>
      <Definition>Possible range of airflow that can be delivered.

Air flowrate range within which the air terminal is designed to operate.</Definition>
      <PropertyType>
        <TypePropertyBoundedValue>
          <DataType type="IfcVolumetricFlowRateMeasure"/>
        </TypePropertyBoundedValue>
      </PropertyType>
    </PropertyDef>
    <PropertyDef>
      <Name>TemperatureRange</Name>
      <Definition>Allowable maximum and minimum temperature.

Temperature range within which the air terminal is designed to operate.</Definition>
      <PropertyType>
        <TypePropertyBoundedValue>
          <DataType type="IfcThermodynamicTemperatureMeasure"/>
        </TypePropertyBoundedValue>
      </PropertyType>
    </PropertyDef>
    <PropertyDef>
      <Name>DischargeDirection</Name>
      <Definition>Discharge direction of the air terminal.Parallel: discharges parallel to mounting surface designed so that flow attaches to the surface.
Perpendicular:  discharges away from mounting surface.
Adjustable: both parallel and perpendicular discharge.</Definition>
      <PropertyType>
        <TypePropertyEnumeratedValue>
          <EnumList name="PEnum_AirTerminalDischargeDirection">
            <EnumItem>ADJUSTABLE</EnumItem>
            <EnumItem>PARALLEL</EnumItem>
            <EnumItem>PERPENDICULAR</EnumItem>
            <EnumItem>OTHER</EnumItem>
            <EnumItem>NOTKNOWN</EnumItem>
            <EnumItem>UNSET</EnumItem>
          </EnumList>
        </TypePropertyEnumeratedValue>
      </PropertyType>
    </PropertyDef>
    <PropertyDef>
      <Name>ThrowLength</Name>
      <Definition>The horizontal or vertical axial distance an airstream travels after leaving an AirTerminal before the maximum stream velocity is reduced to a specified terminal velocity under isothermal conditions at the upper value of the AirFlowrateRange.</Definition>
      <PropertyType>
        <TypePropertySingleValue>
          <DataType type="IfcLengthMeasure"/>
        </TypePropertySingleValue>
      </PropertyType>
    </PropertyDef>
    <PropertyDef>
      <Name>AirDiffusionPerformanceIndex</Name>
      <Definition>The Air Diffusion Performance Index (ADPI) is used for cooling mode conditions. If several measurements of air velocity and air temperature are made throughout the occupied zone of a space, the ADPI is the percentage of locations where measurements were taken that meet the specifications for effective draft temperature and air velocity.</Definition>
      <PropertyType>
        <TypePropertySingleValue>
          <DataType type="IfcReal"/>
        </TypePropertySingleValue>
      </PropertyType>
    </PropertyDef>
    <PropertyDef>
      <Name>FinishType</Name>
      <Definition>The type of finish for the air terminal.</Definition>
      <PropertyType>
        <TypePropertyEnumeratedValue>
          <EnumList name="PEnum_AirTerminalFinishType">
            <EnumItem>ANNODIZED</EnumItem>
            <EnumItem>NONE</EnumItem>
            <EnumItem>PAINTED</EnumItem>
            <EnumItem>OTHER</EnumItem>
            <EnumItem>NOTKNOWN</EnumItem>
            <EnumItem>UNSET</EnumItem>
          </EnumList>
        </TypePropertyEnumeratedValue>
      </PropertyType>
    </PropertyDef>
    <PropertyDef>
      <Name>FinishColour</Name>
      <Definition>The finish colour of the object.</Definition>
      <PropertyType>
        <TypePropertySingleValue>
          <DataType type="IfcLabel"/>
        </TypePropertySingleValue>
      </PropertyType>
    </PropertyDef>
    <PropertyDef>
      <Name>AirTerminalMountingType</Name>
      <Definition>The way the air terminal is mounted to the ceiling, wall, etc.Surface: mounted to the surface of something (e.g., wall, duct, etc.).
Flat flush: mounted flat and flush with a surface.
Lay-in: mounted in a lay-in type ceiling (e.g., a dropped ceiling grid).</Definition>
      <PropertyType>
        <TypePropertyEnumeratedValue>
          <EnumList name="PEnum_AirTerminalMountingType">
            <EnumItem>FLATFLUSH</EnumItem>
            <EnumItem>LAYIN</EnumItem>
            <EnumItem>SURFACE</EnumItem>
            <EnumItem>OTHER</EnumItem>
            <EnumItem>NOTKNOWN</EnumItem>
            <EnumItem>UNSET</EnumItem>
          </EnumList>
        </TypePropertyEnumeratedValue>
      </PropertyType>
    </PropertyDef>
    <PropertyDef>
      <Name>CoreType</Name>
      <Definition>Identifies the way the core of the AirTerminal is constructed.</Definition>
      <PropertyType>
        <TypePropertyEnumeratedValue>
          <EnumList name="PEnum_AirTerminalCoreType">
            <EnumItem>CURVEDBLADE</EnumItem>
            <EnumItem>NONE</EnumItem>
            <EnumItem>REMOVABLE</EnumItem>
            <EnumItem>REVERSIBLE</EnumItem>
            <EnumItem>SHUTTERBLADE</EnumItem>
            <EnumItem>OTHER</EnumItem>
            <EnumItem>NOTKNOWN</EnumItem>
            <EnumItem>UNSET</EnumItem>
          </EnumList>
        </TypePropertyEnumeratedValue>
      </PropertyType>
    </PropertyDef>
    <PropertyDef>
      <Name>CoreSetHorizontal</Name>
      <Definition>Degree of horizontal (in the X-axis of the LocalPlacement) blade set from the centerline.</Definition>
      <PropertyType>
        <TypePropertySingleValue>
          <DataType type="IfcPlaneAngleMeasure"/>
        </TypePropertySingleValue>
      </PropertyType>
    </PropertyDef>
    <PropertyDef>
      <Name>CoreSetVertical</Name>
      <Definition>Degree of vertical (in the Y-axis of the LocalPlacement) blade set from the centerline.</Definition>
      <PropertyType>
        <TypePropertySingleValue>
          <DataType type="IfcPlaneAngleMeasure"/>
        </TypePropertySingleValue>
      </PropertyType>
    </PropertyDef>
    <PropertyDef>
      <Name>HasIntegralControl</Name>
      <Definition>If TRUE, a self powered temperature control is included in the AirTerminal.</Definition>
      <PropertyType>
        <TypePropertySingleValue>
          <DataType type="IfcBoolean"/>
        </TypePropertySingleValue>
      </PropertyType>
    </PropertyDef>
    <PropertyDef>
      <Name>FlowControlType</Name>
      <Definition>Type of flow control element that may be included as a part of the construction of the air terminal.</Definition>
      <PropertyType>
        <TypePropertyEnumeratedValue>
          <EnumList name="PEnum_AirTerminalFlowControlType">
            <EnumItem>BELLOWS</EnumItem>
            <EnumItem>DAMPER</EnumItem>
            <EnumItem>NONE</EnumItem>
            <EnumItem>OTHER</EnumItem>
            <EnumItem>NOTKNOWN</EnumItem>
            <EnumItem>UNSET</EnumItem>
          </EnumList>
        </TypePropertyEnumeratedValue>
      </PropertyType>
    </PropertyDef>
    <PropertyDef>
      <Name>HasSoundAttenuator</Name>
      <Definition>If TRUE, the object has sound attenuation.</Definition>
      <PropertyType>
        <TypePropertySingleValue>
          <DataType type="IfcBoolean"/>
        </TypePropertySingleValue>
      </PropertyType>
    </PropertyDef>
    <PropertyDef>
      <Name>HasThermalInsulation</Name>
      <Definition>If TRUE, the air terminal has thermal insulation.</Definition>
      <PropertyType>
        <TypePropertySingleValue>
          <DataType type="IfcBoolean"/>
        </TypePropertySingleValue>
      </PropertyType>
    </PropertyDef>
    <PropertyDef>
      <Name>NeckArea</Name>
      <Definition>Neck area of the air terminal.</Definition>
      <PropertyType>
        <TypePropertySingleValue>
          <DataType type="IfcAreaMeasure"/>
        </TypePropertySingleValue>
      </PropertyType>
    </PropertyDef>
    <PropertyDef>
      <Name>EffectiveArea</Name>
      <Definition>Effective discharge area of the air terminal.</Definition>
      <PropertyType>
        <TypePropertySingleValue>
          <DataType type="IfcAreaMeasure"/>
        </TypePropertySingleValue>
      </PropertyType>
    </PropertyDef>
    <PropertyDef>
      <Name>AirFlowrateVersusFlowControlElement</Name>
      <Definition>Air flowrate versus flow control element position at nominal pressure drop.</Definition>
      <PropertyType>
        <TypePropertyTableValue>
          <Expression/>
          <DefiningValue>
            <DataType type="IfcVolumetricFlowRateMeasure"/>
          </DefiningValue>
          <DefinedValue>
            <DataType type="IfcPositiveRatioMeasure"/>
          </DefinedValue>
        </TypePropertyTableValue>
      </PropertyType>
    </PropertyDef>
  </PropertyDefs>
</PropertySetDef>
