<?xml version="1.0" ?>
<PropertySetDef templatetype="PSET_TYPEDRIVENOVERRIDE" xmlns:xsd="http://www.w3.org/2001/XMLSchema" xmlns:xsi="http://www.w3.org/2001/XMLSchema-instance" xsi:noNamespaceSchemaLocation="http://buildingSMART-tech.org/xml/psd/PSD_IFC4.xsd">
  <IfcVersion version="IFC4X3_TC1"/>
  <Name>Pset_ProtectiveDeviceTrippingUnitTimeAdjustment</Name>
  <Definition>A set of time adjustment values that may be applied to an electronic or thermal tripping unit type.</Definition>
  <Applicability/>
  <ApplicableClasses>
    <ClassName>IfcProtectiveDeviceTrippingUnit</ClassName>
    <ClassName>IfcProtectiveDeviceTrippingUnitType</ClassName>
  </ApplicableClasses>
  <ApplicableTypeValue>IfcProtectiveDeviceTrippingUnit,IfcProtectiveDeviceTrippingUnitType</ApplicableTypeValue>
  <PropertyDefs>
    <PropertyDef>
      <Name>AdjustmentValueType</Name>
      <Definition>The type of adjustment value that is applied through the property set. This determines the properties that should be asserted (see below).</Definition>
      <PropertyType>
        <TypePropertyEnumeratedValue>
          <EnumList name="PEnum_AdjustmentValueType">
            <EnumItem>LIST</EnumItem>
            <EnumItem>RANGE</EnumItem>
          </EnumList>
        </TypePropertyEnumeratedValue>
      </PropertyType>
    </PropertyDef>
    <PropertyDef>
      <Name>TimeAdjustmentRange</Name>
      <Definition>Upper and lower time adjustment limits for an AdjustmentValueType = RANGE. Note that this property should not have a value for an  AdjustmentValueType = LIST.</Definition>
      <PropertyType>
        <TypePropertyBoundedValue>
          <DataType type="IfcTimeMeasure"/>
        </TypePropertyBoundedValue>
      </PropertyType>
    </PropertyDef>
    <PropertyDef>
      <Name>TimeAdjustmentRangeStepValue</Name>
      <Definition>Step value of time adjustment for an AdjustmentValueType = RANGE. Note that this property should not have a value for an  AdjustmentValueType = LIST.</Definition>
      <PropertyType>
        <TypePropertySingleValue>
          <DataType type="IfcTimeMeasure"/>
        </TypePropertySingleValue>
      </PropertyType>
    </PropertyDef>
    <PropertyDef>
      <Name>TimeAdjustmentValues</Name>
      <Definition>A list of time adjustment values that may be applied to a tripping unit for an AdjustmentValueType = LIST. A minimum of 1 and a maximum of 16 adjustment values may be specified. Note that this property should not have a value for an  AdjustmentValueType = RANGE.</Definition>
      <PropertyType>
        <TypePropertyListValue>
          <ListValue>
            <DataType type="IfcTimeMeasure"/>
          </ListValue>
        </TypePropertyListValue>
      </PropertyType>
    </PropertyDef>
    <PropertyDef>
      <Name>AdjustmentDesignation</Name>
      <Definition>The desgnation on the device for the adjustment.</Definition>
      <PropertyType>
        <TypePropertySingleValue>
          <DataType type="IfcLabel"/>
        </TypePropertySingleValue>
      </PropertyType>
    </PropertyDef>
    <PropertyDef>
      <Name>CurrentForTimeDelay</Name>
      <Definition>The tripping current in [x In] at which the time delay is specified. A value for this property should only be asserted for time delay of L-function, and for I2t of the S and G function.</Definition>
      <PropertyType>
        <TypePropertySingleValue>
          <DataType type="IfcTimeMeasure"/>
        </TypePropertySingleValue>
      </PropertyType>
    </PropertyDef>
    <PropertyDef>
      <Name>I2TApplicability</Name>
      <Definition>The applicability of the time adjustment related to the tripping function.</Definition>
      <PropertyType>
        <TypePropertyEnumeratedValue>
          <EnumList name="PEnum_AdjustmentValueType">
            <EnumItem>LIST</EnumItem>
            <EnumItem>RANGE</EnumItem>
          </EnumList>
        </TypePropertyEnumeratedValue>
      </PropertyType>
    </PropertyDef>
  </PropertyDefs>
</PropertySetDef>
