<?xml version="1.0" ?>
<PropertySetDef templatetype="PSET_TYPEDRIVENOVERRIDE" xmlns:xsd="http://www.w3.org/2001/XMLSchema" xmlns:xsi="http://www.w3.org/2001/XMLSchema-instance" xsi:noNamespaceSchemaLocation="http://buildingSMART-tech.org/xml/psd/PSD_IFC4.xsd">
  <IfcVersion version="IFC4X3"/>
  <Name>Pset_SensorTypeCO2Sensor</Name>
  <Definition>A device that senses or detects carbon dioxide.</Definition>
  <Applicability/>
  <ApplicableClasses>
    <ClassName>IfcSensor/CO2SENSOR</ClassName>
    <ClassName>IfcSensorType/CO2SENSOR</ClassName>
  </ApplicableClasses>
  <ApplicableTypeValue>IfcSensor/CO2SENSOR,IfcSensorType/CO2SENSOR</ApplicableTypeValue>
  <PropertyDefs>
    <PropertyDef>
      <Name>SetPointCO2Concentration</Name>
      <Definition>The carbon dioxide concentration to be sensed. Use IfcPropertyBoundedValue.SetPointValue to set the set point value.</Definition>
      <PropertyType>
        <TypePropertyBoundedValue>
          <DataType type="IfcPositiveRatioMeasure"/>
        </TypePropertyBoundedValue>
      </PropertyType>
    </PropertyDef>
  </PropertyDefs>
</PropertySetDef>
