<?xml version="1.0" ?>
<PropertySetDef templatetype="PSET_TYPEDRIVENOVERRIDE" xmlns:xsd="http://www.w3.org/2001/XMLSchema" xmlns:xsi="http://www.w3.org/2001/XMLSchema-instance" xsi:noNamespaceSchemaLocation="http://buildingSMART-tech.org/xml/psd/PSD_IFC4.xsd">
  <IfcVersion version="IFC4X3_TC1"/>
  <Name>Pset_DiscreteAccessoryTypeBracket</Name>
  <Definition>Properties of a bracket. The property set can be used by the predefined type BRACKET of IfcDiscreteAccessory.</Definition>
  <Applicability/>
  <ApplicableClasses>
    <ClassName>IfcDiscreteAccessory/BRACKET</ClassName>
    <ClassName>IfcDiscreteAccessoryType/BRACKET</ClassName>
  </ApplicableClasses>
  <ApplicableTypeValue>IfcDiscreteAccessory/BRACKET,IfcDiscreteAccessoryType/BRACKET</ApplicableTypeValue>
  <PropertyDefs>
    <PropertyDef>
      <Name>IsInsulated</Name>
      <Definition>Indicates whether the element is insulated or not.</Definition>
      <PropertyType>
        <TypePropertySingleValue>
          <DataType type="IfcBoolean"/>
        </TypePropertySingleValue>
      </PropertyType>
    </PropertyDef>
  </PropertyDefs>
</PropertySetDef>
