<?xml version="1.0" ?>
<PropertySetDef templatetype="PSET_OCCURRENCEDRIVEN" xmlns:xsd="http://www.w3.org/2001/XMLSchema" xmlns:xsi="http://www.w3.org/2001/XMLSchema-instance" xsi:noNamespaceSchemaLocation="http://buildingSMART-tech.org/xml/psd/PSD_IFC4.xsd">
  <IfcVersion version="IFC4X3_TC1"/>
  <Name>Pset_AlignmentVerticalSegmentCommon</Name>
  <Definition>Properties common to the definition of all instances of alignment vertical segment.</Definition>
  <Applicability/>
  <ApplicableClasses>
    <ClassName>IfcAlignmentSegment</ClassName>
  </ApplicableClasses>
  <ApplicableTypeValue>IfcAlignmentSegment</ApplicableTypeValue>
  <PropertyDefs>
    <PropertyDef>
      <Name>StartElevation</Name>
      <Definition>Elevation of the start point relative to the mean sea level.</Definition>
      <PropertyType>
        <TypePropertySingleValue>
          <DataType type="IfcLengthMeasure"/>
        </TypePropertySingleValue>
      </PropertyType>
    </PropertyDef>
    <PropertyDef>
      <Name>EndElevation</Name>
      <Definition>Elevation of the end point relative to the mean sea level.</Definition>
      <PropertyType>
        <TypePropertySingleValue>
          <DataType type="IfcLengthMeasure"/>
        </TypePropertySingleValue>
      </PropertyType>
    </PropertyDef>
  </PropertyDefs>
</PropertySetDef>
