<?xml version="1.0" ?>
<PropertySetDef templatetype="PSET_TYPEDRIVENOVERRIDE" xmlns:xsd="http://www.w3.org/2001/XMLSchema" xmlns:xsi="http://www.w3.org/2001/XMLSchema-instance" xsi:noNamespaceSchemaLocation="http://buildingSMART-tech.org/xml/psd/PSD_IFC4.xsd">
  <IfcVersion version="IFC4X3_ADD1"/>
  <Name>Pset_ElementAssemblyTypeSupportingAssembly</Name>
  <Definition>Energy supporting assembly properties used in railway. The property set can be used by the predefined type SUPPORTING_ASSEMBLY of IfcElementAssembly.</Definition>
  <Applicability/>
  <ApplicableClasses>
    <ClassName>IfcElementAssembly/SUPPORTINGASSEMBLY</ClassName>
    <ClassName>IfcElementAssemblyType/SUPPORTINGASSEMBLY</ClassName>
  </ApplicableClasses>
  <ApplicableTypeValue>IfcElementAssembly/SUPPORTINGASSEMBLY,IfcElementAssemblyType/SUPPORTINGASSEMBLY</ApplicableTypeValue>
  <PropertyDefs>
    <PropertyDef>
      <Name>NumberOfCantilevers</Name>
      <Definition>Indicates the number of cantilevers in the OCS supporting system.</Definition>
      <PropertyType>
        <TypePropertySingleValue>
          <DataType type="IfcCountMeasure"/>
        </TypePropertySingleValue>
      </PropertyType>
    </PropertyDef>
    <PropertyDef>
      <Name>TypeOfSupportingSystem</Name>
      <Definition>Type of foundation in the OCS supporting system.</Definition>
      <PropertyType>
        <TypePropertyEnumeratedValue>
          <EnumList name="PEnum_SupportingSystemType">
            <EnumItem>ENDCATENARYSUPPORT</EnumItem>
            <EnumItem>HEADSPANSUPPORT</EnumItem>
            <EnumItem>HERSE</EnumItem>
            <EnumItem>MULTITRACKSUPPORT</EnumItem>
            <EnumItem>RIGIDGANTRY</EnumItem>
            <EnumItem>SIMPLESUPPORT</EnumItem>
            <EnumItem>OTHER</EnumItem>
            <EnumItem>NOTKNOWN</EnumItem>
            <EnumItem>UNSET</EnumItem>
          </EnumList>
        </TypePropertyEnumeratedValue>
      </PropertyType>
    </PropertyDef>
  </PropertyDefs>
</PropertySetDef>
