<?xml version="1.0" ?>
<PropertySetDef templatetype="PSET_TYPEDRIVENOVERRIDE" xmlns:xsd="http://www.w3.org/2001/XMLSchema" xmlns:xsi="http://www.w3.org/2001/XMLSchema-instance" xsi:noNamespaceSchemaLocation="http://buildingSMART-tech.org/xml/psd/PSD_IFC4.xsd">
  <IfcVersion version="IFC4X3_TC1"/>
  <Name>Pset_AudioVisualApplianceTypeDisplay</Name>
  <Definition>An audio-visual display is a device that renders video from a screen.  HISTORY: Added in IFC4.</Definition>
  <Applicability/>
  <ApplicableClasses>
    <ClassName>IfcAudioVisualAppliance/DISPLAY</ClassName>
    <ClassName>IfcAudioVisualApplianceType/DISPLAY</ClassName>
  </ApplicableClasses>
  <ApplicableTypeValue>IfcAudioVisualAppliance/DISPLAY,IfcAudioVisualApplianceType/DISPLAY</ApplicableTypeValue>
  <PropertyDefs>
    <PropertyDef>
      <Name>DisplayType</Name>
      <Definition>Indicates the type of display.</Definition>
      <PropertyType>
        <TypePropertyEnumeratedValue>
          <EnumList name="PEnum_AudioVisualDisplayType">
            <EnumItem>CRT</EnumItem>
            <EnumItem>DLP</EnumItem>
            <EnumItem>LCD</EnumItem>
            <EnumItem>LED</EnumItem>
            <EnumItem>PLASMA</EnumItem>
            <EnumItem>OTHER</EnumItem>
            <EnumItem>NOTKNOWN</EnumItem>
            <EnumItem>UNSET</EnumItem>
          </EnumList>
        </TypePropertyEnumeratedValue>
      </PropertyType>
    </PropertyDef>
    <PropertyDef>
      <Name>NominalSize</Name>
      <Definition>Indicates the diagonal screen size.</Definition>
      <PropertyType>
        <TypePropertySingleValue>
          <DataType type="IfcPositiveLengthMeasure"/>
        </TypePropertySingleValue>
      </PropertyType>
    </PropertyDef>
    <PropertyDef>
      <Name>DisplayWidth</Name>
      <Definition>Indicates the physical width of the screen (only the display surface).</Definition>
      <PropertyType>
        <TypePropertySingleValue>
          <DataType type="IfcPositiveLengthMeasure"/>
        </TypePropertySingleValue>
      </PropertyType>
    </PropertyDef>
    <PropertyDef>
      <Name>DisplayHeight</Name>
      <Definition>Indicates the physical height of the screen (only the display surface).</Definition>
      <PropertyType>
        <TypePropertySingleValue>
          <DataType type="IfcPositiveLengthMeasure"/>
        </TypePropertySingleValue>
      </PropertyType>
    </PropertyDef>
    <PropertyDef>
      <Name>Brightness</Name>
      <Definition>Indicates the display brightness.</Definition>
      <PropertyType>
        <TypePropertySingleValue>
          <DataType type="IfcIlluminanceMeasure"/>
        </TypePropertySingleValue>
      </PropertyType>
    </PropertyDef>
    <PropertyDef>
      <Name>ContrastRatio</Name>
      <Definition>Indicates the display contrast ratio.</Definition>
      <PropertyType>
        <TypePropertySingleValue>
          <DataType type="IfcPositiveRatioMeasure"/>
        </TypePropertySingleValue>
      </PropertyType>
    </PropertyDef>
    <PropertyDef>
      <Name>RefreshRate</Name>
      <Definition>Indicates the display refresh frequency.</Definition>
      <PropertyType>
        <TypePropertySingleValue>
          <DataType type="IfcFrequencyMeasure"/>
        </TypePropertySingleValue>
      </PropertyType>
    </PropertyDef>
    <PropertyDef>
      <Name>TouchScreen</Name>
      <Definition>Indicates touchscreen support.</Definition>
      <PropertyType>
        <TypePropertyEnumeratedValue>
          <EnumList name="PEnum_AudioVisualDisplayTouchScreen">
            <EnumItem>MULTITOUCH</EnumItem>
            <EnumItem>NONE</EnumItem>
            <EnumItem>SINGLETOUCH</EnumItem>
            <EnumItem>OTHER</EnumItem>
            <EnumItem>NOTKNOWN</EnumItem>
            <EnumItem>UNSET</EnumItem>
          </EnumList>
        </TypePropertyEnumeratedValue>
      </PropertyType>
    </PropertyDef>
    <PropertyDef>
      <Name>VideoResolutionWidth</Name>
      <Definition>Indicates the number of horizontal pixels (the largest native video resolution width).</Definition>
      <PropertyType>
        <TypePropertySingleValue>
          <DataType type="IfcInteger"/>
        </TypePropertySingleValue>
      </PropertyType>
    </PropertyDef>
    <PropertyDef>
      <Name>VideoResolutionHeight</Name>
      <Definition>Indicates the number of vertical pixels (the largest native video resolution height).</Definition>
      <PropertyType>
        <TypePropertySingleValue>
          <DataType type="IfcInteger"/>
        </TypePropertySingleValue>
      </PropertyType>
    </PropertyDef>
    <PropertyDef>
      <Name>VideoResolutionMode</Name>
      <Definition>Indicates video resolution modes.</Definition>
      <PropertyType>
        <TypePropertyTableValue>
          <Expression/>
          <DefiningValue>
            <DataType type="IfcIdentifier"/>
          </DefiningValue>
          <DefinedValue>
            <DataType type="IfcLabel"/>
          </DefinedValue>
        </TypePropertyTableValue>
      </PropertyType>
    </PropertyDef>
    <PropertyDef>
      <Name>VideoScaleMode</Name>
      <Definition>Indicates video scaling modes.</Definition>
      <PropertyType>
        <TypePropertyTableValue>
          <Expression/>
          <DefiningValue>
            <DataType type="IfcIdentifier"/>
          </DefiningValue>
          <DefinedValue>
            <DataType type="IfcLabel"/>
          </DefinedValue>
        </TypePropertyTableValue>
      </PropertyType>
    </PropertyDef>
    <PropertyDef>
      <Name>VideoCaptionMode</Name>
      <Definition>Indicates video closed captioning modes.</Definition>
      <PropertyType>
        <TypePropertyTableValue>
          <Expression/>
          <DefiningValue>
            <DataType type="IfcIdentifier"/>
          </DefiningValue>
          <DefinedValue>
            <DataType type="IfcLabel"/>
          </DefinedValue>
        </TypePropertyTableValue>
      </PropertyType>
    </PropertyDef>
    <PropertyDef>
      <Name>AudioMode</Name>
      <Definition>Indicates audio sound modes and corresponding labels, if applicable.</Definition>
      <PropertyType>
        <TypePropertyTableValue>
          <Expression/>
          <DefiningValue>
            <DataType type="IfcIdentifier"/>
          </DefiningValue>
          <DefinedValue>
            <DataType type="IfcLabel"/>
          </DefinedValue>
        </TypePropertyTableValue>
      </PropertyType>
    </PropertyDef>
  </PropertyDefs>
</PropertySetDef>
