<?xml version="1.0" ?>
<PropertySetDef templatetype="PSET_TYPEDRIVENOVERRIDE" xmlns:xsd="http://www.w3.org/2001/XMLSchema" xmlns:xsi="http://www.w3.org/2001/XMLSchema-instance" xsi:noNamespaceSchemaLocation="http://buildingSMART-tech.org/xml/psd/PSD_IFC4.xsd">
  <IfcVersion version="IFC4X3_TC1"/>
  <Name>Pset_MechanicalFastenerTypeRailFastening</Name>
  <Definition>Properties of rail fastening used in railway track system. The property set can be used by the predefined type RAILFASTENING of IfcMechanicalFastener.</Definition>
  <Applicability/>
  <ApplicableClasses>
    <ClassName>IfcMechanicalFastener/RAILFASTENING</ClassName>
    <ClassName>IfcMechanicalFastenerType/RAILFASTENING</ClassName>
  </ApplicableClasses>
  <ApplicableTypeValue>IfcMechanicalFastener/RAILFASTENING,IfcMechanicalFastenerType/RAILFASTENING</ApplicableTypeValue>
  <PropertyDefs>
    <PropertyDef>
      <Name>TechnicalStandard</Name>
      <Definition>The technical standard which the element should comply with.</Definition>
      <PropertyType>
        <TypePropertyReferenceValue reftype="IfcExternalReference"/>
      </PropertyType>
    </PropertyDef>
    <PropertyDef>
      <Name>IsReducedResistanceFastening</Name>
      <Definition>Indicates whether the rail fastening is a reduced resistance fastening (YES) or not (NO).</Definition>
      <PropertyType>
        <TypePropertySingleValue>
          <DataType type="IfcBoolean"/>
        </TypePropertySingleValue>
      </PropertyType>
    </PropertyDef>
    <PropertyDef>
      <Name>TrackFasteningElasticityType</Name>
      <Definition>Track fastening elasticity type.</Definition>
      <PropertyType>
        <TypePropertyEnumeratedValue>
          <EnumList name="PEnum_TrackFasteningElasticityType">
            <EnumItem>ELASTIC_FASTENING</EnumItem>
            <EnumItem>RIGID_FASTENING</EnumItem>
            <EnumItem>OTHER</EnumItem>
            <EnumItem>NOTKNOWN</EnumItem>
            <EnumItem>UNSET</EnumItem>
          </EnumList>
        </TypePropertyEnumeratedValue>
      </PropertyType>
    </PropertyDef>
  </PropertyDefs>
</PropertySetDef>
