<?xml version="1.0" ?>
<PropertySetDef templatetype="PSET_TYPEDRIVENOVERRIDE" xmlns:xsd="http://www.w3.org/2001/XMLSchema" xmlns:xsi="http://www.w3.org/2001/XMLSchema-instance" xsi:noNamespaceSchemaLocation="http://buildingSMART-tech.org/xml/psd/PSD_IFC4.xsd">
  <IfcVersion version="IFC4X3_ADD1"/>
  <Name>Pset_PropertyAgreement</Name>
  <Definition>A property agreement is an agreement that enables the occupation of a property for a period of time.The objective is to capture the information within an  agreement that is relevant to a facilities manager. Design and construction information associated with the property is not considered. A property agreement may be applied to an instance of IfcSpatialStructureElement including to compositions defined through the IfcSpatialStructureElement.Element.CompositionEnum.Note that the associated actors are captured by the IfcOccupant class.</Definition>
  <Applicability/>
  <ApplicableClasses>
    <ClassName>IfcSpatialStructureElement</ClassName>
    <ClassName>IfcSpatialStructureElementType</ClassName>
  </ApplicableClasses>
  <ApplicableTypeValue>IfcSpatialStructureElement,IfcSpatialStructureElementType</ApplicableTypeValue>
  <PropertyDefs>
    <PropertyDef>
      <Name>AgreementType</Name>
      <Definition>Identifies the predefined types of property agreement from which the type required may be set.</Definition>
      <PropertyType>
        <TypePropertyEnumeratedValue>
          <EnumList name="PEnum_PropertyAgreementType">
            <EnumItem>ASSIGNMENT</EnumItem>
            <EnumItem>LEASE</EnumItem>
            <EnumItem>TENANT</EnumItem>
            <EnumItem>OTHER</EnumItem>
            <EnumItem>NOTKNOWN</EnumItem>
            <EnumItem>UNSET</EnumItem>
          </EnumList>
        </TypePropertyEnumeratedValue>
      </PropertyType>
    </PropertyDef>
    <PropertyDef>
      <Name>TrackingIdentifier</Name>
      <Definition>The identifier assigned to the agreement for the purposes of tracking.</Definition>
      <PropertyType>
        <TypePropertySingleValue>
          <DataType type="IfcIdentifier"/>
        </TypePropertySingleValue>
      </PropertyType>
    </PropertyDef>
    <PropertyDef>
      <Name>AgreementVersion</Name>
      <Definition>The version number of the agreement that is identified.</Definition>
      <PropertyType>
        <TypePropertySingleValue>
          <DataType type="IfcLabel"/>
        </TypePropertySingleValue>
      </PropertyType>
    </PropertyDef>
    <PropertyDef>
      <Name>AgreementDate</Name>
      <Definition>The date on which the version of the agreement became applicable.</Definition>
      <PropertyType>
        <TypePropertySingleValue>
          <DataType type="IfcDate"/>
        </TypePropertySingleValue>
      </PropertyType>
    </PropertyDef>
    <PropertyDef>
      <Name>PropertyName</Name>
      <Definition>Addressing details of the property as stated within the agreement.</Definition>
      <PropertyType>
        <TypePropertySingleValue>
          <DataType type="IfcLabel"/>
        </TypePropertySingleValue>
      </PropertyType>
    </PropertyDef>
    <PropertyDef>
      <Name>CommencementDate</Name>
      <Definition>Date on which the agreement commences.</Definition>
      <PropertyType>
        <TypePropertySingleValue>
          <DataType type="IfcDate"/>
        </TypePropertySingleValue>
      </PropertyType>
    </PropertyDef>
    <PropertyDef>
      <Name>TerminationDate</Name>
      <Definition>Date on which the agreement terminates.</Definition>
      <PropertyType>
        <TypePropertySingleValue>
          <DataType type="IfcDate"/>
        </TypePropertySingleValue>
      </PropertyType>
    </PropertyDef>
    <PropertyDef>
      <Name>Duration</Name>
      <Definition>Duration.

The period of time for the lease.</Definition>
      <PropertyType>
        <TypePropertySingleValue>
          <DataType type="IfcDuration"/>
        </TypePropertySingleValue>
      </PropertyType>
    </PropertyDef>
    <PropertyDef>
      <Name>Options</Name>
      <Definition>A statement of the options available in the agreement.</Definition>
      <PropertyType>
        <TypePropertySingleValue>
          <DataType type="IfcText"/>
        </TypePropertySingleValue>
      </PropertyType>
    </PropertyDef>
    <PropertyDef>
      <Name>ConditionCommencement</Name>
      <Definition>Condition of property provided on commencement of the agreement e.g. cold shell, warm lit shell, broom clean, turn-key.</Definition>
      <PropertyType>
        <TypePropertySingleValue>
          <DataType type="IfcText"/>
        </TypePropertySingleValue>
      </PropertyType>
    </PropertyDef>
    <PropertyDef>
      <Name>Restrictions</Name>
      <Definition>Restrictions that may be placed by a  competent authority.</Definition>
      <PropertyType>
        <TypePropertySingleValue>
          <DataType type="IfcText"/>
        </TypePropertySingleValue>
      </PropertyType>
    </PropertyDef>
    <PropertyDef>
      <Name>ConditionTermination</Name>
      <Definition>Condition of property required on termination of the agreement e.g. cold shell, warm lit shell, broom clean, turn-key.</Definition>
      <PropertyType>
        <TypePropertySingleValue>
          <DataType type="IfcText"/>
        </TypePropertySingleValue>
      </PropertyType>
    </PropertyDef>
  </PropertyDefs>
</PropertySetDef>
