<?xml version="1.0" ?>
<PropertySetDef templatetype="PSET_OCCURRENCEDRIVEN" xmlns:xsd="http://www.w3.org/2001/XMLSchema" xmlns:xsi="http://www.w3.org/2001/XMLSchema-instance" xsi:noNamespaceSchemaLocation="http://buildingSMART-tech.org/xml/psd/PSD_IFC4.xsd">
  <IfcVersion version="IFC4X3"/>
  <Name>Pset_QuayCommon</Name>
  <Definition>Properties common to the definition of all occurrences of IfcMarineFacility with the predefined type set to QUAY.</Definition>
  <Applicability/>
  <ApplicableClasses>
    <ClassName>IfcMarineFacility/QUAY</ClassName>
  </ApplicableClasses>
  <ApplicableTypeValue>IfcMarineFacility/QUAY</ApplicableTypeValue>
  <PropertyDefs>
    <PropertyDef>
      <Name>StructuralType</Name>
      <Definition>Structural type of the object</Definition>
      <PropertyType>
        <TypePropertySingleValue>
          <DataType type="IfcLabel"/>
        </TypePropertySingleValue>
      </PropertyType>
    </PropertyDef>
    <PropertyDef>
      <Name>BentSpacing</Name>
      <Definition>Bent (upright) spacing</Definition>
      <PropertyType>
        <TypePropertySingleValue>
          <DataType type="IfcLengthMeasure"/>
        </TypePropertySingleValue>
      </PropertyType>
    </PropertyDef>
    <PropertyDef>
      <Name>QuaySectionType</Name>
      <Definition>Whether the structure presents a solid/closed barrier to the passage of water or is open.</Definition>
      <PropertyType>
        <TypePropertyEnumeratedValue>
          <EnumList name="PEnum_SectionType">
            <EnumItem>CLOSED</EnumItem>
            <EnumItem>OPEN</EnumItem>
          </EnumList>
        </TypePropertyEnumeratedValue>
      </PropertyType>
    </PropertyDef>
    <PropertyDef>
      <Name>Elevation</Name>
      <Definition>Elevation of the entity</Definition>
      <PropertyType>
        <TypePropertySingleValue>
          <DataType type="IfcLengthMeasure"/>
        </TypePropertySingleValue>
      </PropertyType>
    </PropertyDef>
  </PropertyDefs>
</PropertySetDef>
