<?xml version="1.0" ?>
<PropertySetDef templatetype="PSET_TYPEDRIVENOVERRIDE" xmlns:xsd="http://www.w3.org/2001/XMLSchema" xmlns:xsi="http://www.w3.org/2001/XMLSchema-instance" xsi:noNamespaceSchemaLocation="http://buildingSMART-tech.org/xml/psd/PSD_IFC4.xsd">
  <IfcVersion version="IFC4X3_TC1"/>
  <Name>Pset_ConstructionAdministration</Name>
  <Definition>Properties for Construction Administration. Often used for facility and asset management.</Definition>
  <Applicability/>
  <ApplicableClasses>
    <ClassName>IfcElement</ClassName>
    <ClassName>IfcElementType</ClassName>
  </ApplicableClasses>
  <ApplicableTypeValue>IfcElement,IfcElementType</ApplicableTypeValue>
  <PropertyDefs>
    <PropertyDef>
      <Name>ProcurementMethod</Name>
      <Definition>The method by which an IfcProductType/IfcProduct is acquired and installed. The value provided shall be one of the following four character acronyms: “CFCI” (meaning Contractor Furnished Contractor Installed), “OFCI” (meaning Owner Furnished Contractor Installed), or “OFOI” (meaning Owner Furnished Owner Installed).</Definition>
      <PropertyType>
        <TypePropertySingleValue>
          <DataType type="IfcLabel"/>
        </TypePropertySingleValue>
      </PropertyType>
    </PropertyDef>
    <PropertyDef>
      <Name>SpecificationSectionNumber</Name>
      <Definition>A reference number to an external contract technical specification section describing either (a) minimum performance requirements of a given IfcProductType/IfcProduct or (b) a preselection for a specific IfcProductType/IfcProduct made for this project.</Definition>
      <PropertyType>
        <TypePropertySingleValue>
          <DataType type="IfcLabel"/>
        </TypePropertySingleValue>
      </PropertyType>
    </PropertyDef>
    <PropertyDef>
      <Name>SubmittalIdentifer</Name>
      <Definition>The reference number to an external construction administration submittal used by the construction contractor and/or subcontractor to verify that the referenced IfcProductType/IfcProduct selection conforms with the requirements found in the referenced SpecificationSectionNumber.</Definition>
      <PropertyType>
        <TypePropertySingleValue>
          <DataType type="IfcLabel"/>
        </TypePropertySingleValue>
      </PropertyType>
    </PropertyDef>
  </PropertyDefs>
</PropertySetDef>
