<?xml version="1.0" ?>
<PropertySetDef templatetype="PSET_TYPEDRIVENOVERRIDE" xmlns:xsd="http://www.w3.org/2001/XMLSchema" xmlns:xsi="http://www.w3.org/2001/XMLSchema-instance" xsi:noNamespaceSchemaLocation="http://buildingSMART-tech.org/xml/psd/PSD_IFC4.xsd">
  <IfcVersion version="IFC4X3_ADD1"/>
  <Name>Pset_MemberTypePost</Name>
  <Definition>Properties of a post. A post is a linear (usually vertical) member used to support something or to mark a point.</Definition>
  <Applicability/>
  <ApplicableClasses>
    <ClassName>IfcMember/POST</ClassName>
    <ClassName>IfcMemberType/POST</ClassName>
  </ApplicableClasses>
  <ApplicableTypeValue>IfcMember/POST,IfcMemberType/POST</ApplicableTypeValue>
  <PropertyDefs>
    <PropertyDef>
      <Name>NominalHeight</Name>
      <Definition>The nominal height of the object. The size information is provided in addition to the shape representation and the geometric parameters used within. In cases of inconsistency between the geometric parameters and the size properties, provided in the attached property set, the geometric parameters take precedence.</Definition>
      <PropertyType>
        <TypePropertySingleValue>
          <DataType type="IfcNonNegativeLengthMeasure"/>
        </TypePropertySingleValue>
      </PropertyType>
    </PropertyDef>
    <PropertyDef>
      <Name>ConicityRatio</Name>
      <Definition>The ratio of the diameter of the cone bottom surface to the height of the pole.</Definition>
      <PropertyType>
        <TypePropertySingleValue>
          <DataType type="IfcRatioMeasure"/>
        </TypePropertySingleValue>
      </PropertyType>
    </PropertyDef>
    <PropertyDef>
      <Name>LoadBearingCapacity</Name>
      <Definition>Maximum load bearing capacity of the floor structure throughtout the storey as designed.</Definition>
      <PropertyType>
        <TypePropertySingleValue>
          <DataType type="IfcPlanarForceMeasure"/>
        </TypePropertySingleValue>
      </PropertyType>
    </PropertyDef>
    <PropertyDef>
      <Name>WindLoadRating</Name>
      <Definition>Wind load resistance rating for this object.
It is provided according to the national building code.</Definition>
      <PropertyType>
        <TypePropertySingleValue>
          <DataType type="IfcLabel"/>
        </TypePropertySingleValue>
      </PropertyType>
    </PropertyDef>
    <PropertyDef>
      <Name>TorsionalStrength</Name>
      <Definition>Shear strength in torsion.</Definition>
      <PropertyType>
        <TypePropertySingleValue>
          <DataType type="IfcPressureMeasure"/>
        </TypePropertySingleValue>
      </PropertyType>
    </PropertyDef>
    <PropertyDef>
      <Name>BendingStrength</Name>
      <Definition>Bending strength.</Definition>
      <PropertyType>
        <TypePropertySingleValue>
          <DataType type="IfcPressureMeasure"/>
        </TypePropertySingleValue>
      </PropertyType>
    </PropertyDef>
  </PropertyDefs>
</PropertySetDef>
