<?xml version="1.0" ?>
<PropertySetDef templatetype="PSET_OCCURRENCEDRIVEN" xmlns:xsd="http://www.w3.org/2001/XMLSchema" xmlns:xsi="http://www.w3.org/2001/XMLSchema-instance" xsi:noNamespaceSchemaLocation="http://buildingSMART-tech.org/xml/psd/PSD_IFC4.xsd">
  <IfcVersion version="IFC4X3_TC1"/>
  <Name>Pset_ReferentCommon</Name>
  <Definition>Specifies common properties for IfcReferent</Definition>
  <Applicability/>
  <ApplicableClasses>
    <ClassName>IfcReferent</ClassName>
  </ApplicableClasses>
  <ApplicableTypeValue>IfcReferent</ApplicableTypeValue>
  <PropertyDefs>
    <PropertyDef>
      <Name>NameFormat</Name>
      <Definition>Specifies a reference to or description of the formatting or encoding of the Name attribute of the IfcReferent occurrence.</Definition>
      <PropertyType>
        <TypePropertySingleValue>
          <DataType type="IfcLabel"/>
        </TypePropertySingleValue>
      </PropertyType>
    </PropertyDef>
  </PropertyDefs>
</PropertySetDef>
