<?xml version="1.0" ?>
<PropertySetDef templatetype="PSET_TYPEDRIVENOVERRIDE" xmlns:xsd="http://www.w3.org/2001/XMLSchema" xmlns:xsi="http://www.w3.org/2001/XMLSchema-instance" xsi:noNamespaceSchemaLocation="http://buildingSMART-tech.org/xml/psd/PSD_IFC4.xsd">
  <IfcVersion version="IFC4X3_TC1"/>
  <Name>Pset_MobileTelecommunicationsApplianceTypeMSCServer</Name>
  <Definition>Properties common to the definition of all occurrences of  IfcMobileTelecommunicationsAppliance and types of IfcMobileTelecommunicationsApplianceType with the predefined type set to MSCSERVER.</Definition>
  <Applicability/>
  <ApplicableClasses>
    <ClassName>IfcMobileTelecommunicationsAppliance/MSCSERVER</ClassName>
    <ClassName>IfcMobileTelecommunicationsApplianceType/MSCSERVER</ClassName>
  </ApplicableClasses>
  <ApplicableTypeValue>IfcMobileTelecommunicationsAppliance/MSCSERVER,IfcMobileTelecommunicationsApplianceType/MSCSERVER</ApplicableTypeValue>
  <PropertyDefs>
    <PropertyDef>
      <Name>UserCapacity</Name>
      <Definition>Indicates the user capacity of the device, defined as the maximum number of users that can be active at the same time.</Definition>
      <PropertyType>
        <TypePropertySingleValue>
          <DataType type="IfcInteger"/>
        </TypePropertySingleValue>
      </PropertyType>
    </PropertyDef>
    <PropertyDef>
      <Name>NumberOfInterfaces</Name>
      <Definition>Indicates the types of interfaces and their number in the device.</Definition>
      <PropertyType>
        <TypePropertyTableValue>
          <Expression/>
          <DefiningValue>
            <DataType type="IfcLabel"/>
          </DefiningValue>
          <DefinedValue>
            <DataType type="IfcInteger"/>
          </DefinedValue>
        </TypePropertyTableValue>
      </PropertyType>
    </PropertyDef>
  </PropertyDefs>
</PropertySetDef>
