<?xml version="1.0" ?>
<PropertySetDef templatetype="PSET_TYPEDRIVENOVERRIDE" xmlns:xsd="http://www.w3.org/2001/XMLSchema" xmlns:xsi="http://www.w3.org/2001/XMLSchema-instance" xsi:noNamespaceSchemaLocation="http://buildingSMART-tech.org/xml/psd/PSD_IFC4.xsd">
  <IfcVersion version="IFC4X3_TC1"/>
  <Name>Pset_PipeSegmentTypeGutter</Name>
  <Definition>Gutter segment type common attributes.</Definition>
  <Applicability/>
  <ApplicableClasses>
    <ClassName>IfcPipeSegment/GUTTER</ClassName>
    <ClassName>IfcPipeSegmentType/GUTTER</ClassName>
  </ApplicableClasses>
  <ApplicableTypeValue>IfcPipeSegment/GUTTER,IfcPipeSegmentType/GUTTER</ApplicableTypeValue>
  <PropertyDefs>
    <PropertyDef>
      <Name>Slope</Name>
      <Definition>Slope angle - relative to horizontal (0.0 degrees).The shape information is provided in addition to the shape representation and the geometric parameters used within. In cases of inconsistency between the geometric parameters and the shape properties, provided in the attached property, the geometric parameters take precedence.  For geometry editing applications, like CAD: this value should be write-only.

Angle of the gutter to allow for drainage.</Definition>
      <PropertyType>
        <TypePropertySingleValue>
          <DataType type="IfcPlaneAngleMeasure"/>
        </TypePropertySingleValue>
      </PropertyType>
    </PropertyDef>
    <PropertyDef>
      <Name>FlowRating</Name>
      <Definition>Actual flow capacity for the gutter. Value of 0.00 means this value has not been set.</Definition>
      <PropertyType>
        <TypePropertySingleValue>
          <DataType type="IfcVolumetricFlowRateMeasure"/>
        </TypePropertySingleValue>
      </PropertyType>
    </PropertyDef>
    <PropertyDef>
      <Name>Complementaryfunction</Name>
      <Definition>Indicates the complementary function of the drain channel.</Definition>
      <PropertyType>
        <TypePropertyEnumeratedValue>
          <EnumList name="PEnum_ComplementaryWorks">
            <EnumItem>DISPERSING_WELLS</EnumItem>
            <EnumItem>LIFTING_WATER_WELLS</EnumItem>
            <EnumItem>TRANSVERSAL_WATER_REMOVAL</EnumItem>
            <EnumItem>OTHER</EnumItem>
            <EnumItem>NOTKNOWN</EnumItem>
            <EnumItem>NOTDEFINED</EnumItem>
          </EnumList>
        </TypePropertyEnumeratedValue>
      </PropertyType>
    </PropertyDef>
    <PropertyDef>
      <Name>OrthometricHeight</Name>
      <Definition>The orthometric height is the vertical distance H along the plumb line from a point of interest to a reference surface known as the geoid, the vertical datum that approximates mean sea level.</Definition>
      <PropertyType>
        <TypePropertySingleValue>
          <DataType type="IfcLengthMeasure"/>
        </TypePropertySingleValue>
      </PropertyType>
    </PropertyDef>
    <PropertyDef>
      <Name>IsCovered</Name>
      <Definition>This property defines if the drain channel has a cover (TRUE) or not (FALSE).</Definition>
      <PropertyType>
        <TypePropertySingleValue>
          <DataType type="IfcBoolean"/>
        </TypePropertySingleValue>
      </PropertyType>
    </PropertyDef>
    <PropertyDef>
      <Name>IsMonitored</Name>
      <Definition>This property defines if the Drain Channel is monitored (TRUE) or not (FALSE).</Definition>
      <PropertyType>
        <TypePropertySingleValue>
          <DataType type="IfcBoolean"/>
        </TypePropertySingleValue>
      </PropertyType>
    </PropertyDef>
  </PropertyDefs>
</PropertySetDef>
