<?xml version="1.0" ?>
<PropertySetDef templatetype="PSET_TYPEDRIVENOVERRIDE" xmlns:xsd="http://www.w3.org/2001/XMLSchema" xmlns:xsi="http://www.w3.org/2001/XMLSchema-instance" xsi:noNamespaceSchemaLocation="http://buildingSMART-tech.org/xml/psd/PSD_IFC4.xsd">
  <IfcVersion version="IFC4X3_TC1"/>
  <Name>Pset_DistributionChamberElementTypeFormedDuct</Name>
  <Definition>Space formed in the ground for the passage of pipes, cables, ducts.</Definition>
  <Applicability/>
  <ApplicableClasses>
    <ClassName>IfcDistributionChamberElement/FORMEDDUCT</ClassName>
    <ClassName>IfcDistributionChamberElementType/FORMEDDUCT</ClassName>
  </ApplicableClasses>
  <ApplicableTypeValue>IfcDistributionChamberElement/FORMEDDUCT,IfcDistributionChamberElementType/FORMEDDUCT</ApplicableTypeValue>
  <PropertyDefs>
    <PropertyDef>
      <Name>ClearWidth</Name>
      <Definition>The clear width.

It indicates the formed space in the duct.</Definition>
      <PropertyType>
        <TypePropertySingleValue>
          <DataType type="IfcPositiveLengthMeasure"/>
        </TypePropertySingleValue>
      </PropertyType>
    </PropertyDef>
    <PropertyDef>
      <Name>ClearDepth</Name>
      <Definition>The clear depth.

It indicates the formed space in the duct.</Definition>
      <PropertyType>
        <TypePropertySingleValue>
          <DataType type="IfcPositiveLengthMeasure"/>
        </TypePropertySingleValue>
      </PropertyType>
    </PropertyDef>
    <PropertyDef>
      <Name>WallThickness</Name>
      <Definition>The thickness of the wall construction.
NOTE: It is assumed that walls will be constructed at a single thickness.</Definition>
      <PropertyType>
        <TypePropertySingleValue>
          <DataType type="IfcPositiveLengthMeasure"/>
        </TypePropertySingleValue>
      </PropertyType>
    </PropertyDef>
    <PropertyDef>
      <Name>BaseThickness</Name>
      <Definition>The thickness of the base construction, assumed to be constructed at a single thickness.</Definition>
      <PropertyType>
        <TypePropertySingleValue>
          <DataType type="IfcPositiveLengthMeasure"/>
        </TypePropertySingleValue>
      </PropertyType>
    </PropertyDef>
    <PropertyDef>
      <Name>AccessCoverLoadRating</Name>
      <Definition>The load rating of the access cover (which may be a value or an alphanumerically defined class rating).</Definition>
      <PropertyType>
        <TypePropertySingleValue>
          <DataType type="IfcText"/>
        </TypePropertySingleValue>
      </PropertyType>
    </PropertyDef>
    <PropertyDef>
      <Name>CableDuctOccupancyRatio</Name>
      <Definition>Indicates the ratio between the number of cables in the duct and the maximum number of cables that the duct can contain.</Definition>
      <PropertyType>
        <TypePropertySingleValue>
          <DataType type="IfcNormalisedRatioMeasure"/>
        </TypePropertySingleValue>
      </PropertyType>
    </PropertyDef>
  </PropertyDefs>
</PropertySetDef>
