<?xml version="1.0" ?>
<PropertySetDef templatetype="PSET_PERFORMANCEDRIVEN" xmlns:xsd="http://www.w3.org/2001/XMLSchema" xmlns:xsi="http://www.w3.org/2001/XMLSchema-instance" xsi:noNamespaceSchemaLocation="http://buildingSMART-tech.org/xml/psd/PSD_IFC4.xsd">
  <IfcVersion version="IFC4X3"/>
  <Name>Pset_AudioVisualAppliancePHistory</Name>
  <Definition>Captures realtime information for audio-video devices, such as for security camera footage and retail information displays.  HISTORY: Added in IFC4.</Definition>
  <Applicability/>
  <ApplicableClasses>
    <ClassName>IfcAudioVisualAppliance</ClassName>
  </ApplicableClasses>
  <ApplicableTypeValue>IfcAudioVisualAppliance</ApplicableTypeValue>
  <PropertyDefs>
    <PropertyDef>
      <Name>PowerState</Name>
      <Definition>Indicates the power state of the device where True is on and False is off.</Definition>
      <PropertyType>
        <TypePropertyReferenceValue reftype="IfcTimeSeries"/>
      </PropertyType>
    </PropertyDef>
    <PropertyDef>
      <Name>MediaSourceHistory</Name>
      <Definition>Indicates the media source where the identifier corresponds to an entry within the table of available media sources on Pset_AudioVisualApplianceTypeCommon.MediaSource.</Definition>
      <PropertyType>
        <TypePropertyReferenceValue reftype="IfcTimeSeries"/>
      </PropertyType>
    </PropertyDef>
    <PropertyDef>
      <Name>MediaContent</Name>
      <Definition>Indicates the media content storage location, such as URLs to camera footage within particular time periods.</Definition>
      <PropertyType>
        <TypePropertyReferenceValue reftype="IfcTimeSeries"/>
      </PropertyType>
    </PropertyDef>
    <PropertyDef>
      <Name>AudioVolumeHistory</Name>
      <Definition>Indicates the audio volume level where the integer level corresponds to an entry or interpolation within Pset_AudioVisualApplianceTypeCommon.AudioVolume.</Definition>
      <PropertyType>
        <TypePropertyReferenceValue reftype="IfcTimeSeries"/>
      </PropertyType>
    </PropertyDef>
  </PropertyDefs>
</PropertySetDef>
