<?xml version="1.0" ?>
<PropertySetDef templatetype="PSET_OCCURRENCEDRIVEN" xmlns:xsd="http://www.w3.org/2001/XMLSchema" xmlns:xsi="http://www.w3.org/2001/XMLSchema-instance" xsi:noNamespaceSchemaLocation="http://buildingSMART-tech.org/xml/psd/PSD_IFC4.xsd">
  <IfcVersion version="IFC4X3_ADD1"/>
  <Name>Pset_BuildingStoreyCommon</Name>
  <Definition>Properties common to the definition of all instances of IfcBuildingStorey. Please note that several building attributes are handled directly at the IfcBuildingStorey instance, the building storey number (or short name) by IfcBuildingStorey.Name, the building storey name (or long name) by IfcBuildingStorey.LongName, and the description (or comments) by IfcBuildingStorey.Description. Actual building storey quantities, like building storey perimeter, building storey area and building storey volume are provided by IfcElementQuantity, and the building storey classification according to national building code by IfcClassificationReference.</Definition>
  <Applicability/>
  <ApplicableClasses>
    <ClassName>IfcBuildingStorey</ClassName>
  </ApplicableClasses>
  <ApplicableTypeValue>IfcBuildingStorey</ApplicableTypeValue>
  <PropertyDefs>
    <PropertyDef>
      <Name>Reference</Name>
      <Definition>Reference ID for this specified type in this project (e.g. type 'A-1'), Also referred to as &quot;construction type&quot;. It should be provided as an alternative to the name of the &quot;object type&quot;, if the software does not support object types and no classification reference to a recognized classification system used.IFC4.3.0.0 DEPRECATION  The Reference property is deprecated and shall no longer be used, use attribute Name on the relating type instead.</Definition>
      <PropertyType>
        <TypePropertySingleValue>
          <DataType type="IfcIdentifier"/>
        </TypePropertySingleValue>
      </PropertyType>
    </PropertyDef>
    <PropertyDef>
      <Name>EntranceLevel</Name>
      <Definition>Indication whether this building storey is an entrance level to the building (TRUE), or (FALSE) if otherwise.</Definition>
      <PropertyType>
        <TypePropertySingleValue>
          <DataType type="IfcBoolean"/>
        </TypePropertySingleValue>
      </PropertyType>
    </PropertyDef>
    <PropertyDef>
      <Name>AboveGround</Name>
      <Definition>Indication whether this building storey is fully above ground (TRUE), or below ground (FALSE), or partially above and below ground (UNKNOWN) - as in sloped terrain.</Definition>
      <PropertyType>
        <TypePropertySingleValue>
          <DataType type="IfcLogical"/>
        </TypePropertySingleValue>
      </PropertyType>
    </PropertyDef>
    <PropertyDef>
      <Name>SprinklerProtection</Name>
      <Definition>Indication whether this object is sprinkler protected (TRUE) or not (FALSE).</Definition>
      <PropertyType>
        <TypePropertySingleValue>
          <DataType type="IfcBoolean"/>
        </TypePropertySingleValue>
      </PropertyType>
    </PropertyDef>
    <PropertyDef>
      <Name>SprinklerProtectionAutomatic</Name>
      <Definition>Indication whether this object has an automatic sprinkler protection (TRUE) or not (FALSE).
It should only be given, if the property &quot;SprinklerProtection&quot; is set to TRUE.</Definition>
      <PropertyType>
        <TypePropertySingleValue>
          <DataType type="IfcBoolean"/>
        </TypePropertySingleValue>
      </PropertyType>
    </PropertyDef>
    <PropertyDef>
      <Name>LoadBearingCapacity</Name>
      <Definition>Maximum load bearing capacity of the floor structure throughtout the storey as designed.</Definition>
      <PropertyType>
        <TypePropertySingleValue>
          <DataType type="IfcPlanarForceMeasure"/>
        </TypePropertySingleValue>
      </PropertyType>
    </PropertyDef>
    <PropertyDef>
      <Name>GrossPlannedArea</Name>
      <Definition>Total planned gross area of the spatial structure element. Used for programming the spatial structure element.</Definition>
      <PropertyType>
        <TypePropertySingleValue>
          <DataType type="IfcAreaMeasure"/>
        </TypePropertySingleValue>
      </PropertyType>
    </PropertyDef>
    <PropertyDef>
      <Name>NetPlannedArea</Name>
      <Definition>Total planned net area of the object. Used for programming the object.</Definition>
      <PropertyType>
        <TypePropertySingleValue>
          <DataType type="IfcAreaMeasure"/>
        </TypePropertySingleValue>
      </PropertyType>
    </PropertyDef>
    <PropertyDef>
      <Name>ElevationOfSSLRelative</Name>
      <Definition>Elevation of the top surface of the structural slab level given in elevation above the local zero height. If the level varies and there is no significantly more prominent elevation, then this property may be omitted. In case of any inconsistency with the geometric positioning of the top surface, the geometric representation takes precedence.</Definition>
      <PropertyType>
        <TypePropertySingleValue>
          <DataType type="IfcLengthMeasure"/>
        </TypePropertySingleValue>
      </PropertyType>
    </PropertyDef>
    <PropertyDef>
      <Name>ElevationOfFFLRelative</Name>
      <Definition>Elevation of the top surface of the finished floor level given in elevation above the local zero height. If the level varies and there is no significantly more prominent elevation, then this property may be omitted. In case of any inconsistency with the geometric positioning of the top surface, the geometric representation takes precedence.</Definition>
      <PropertyType>
        <TypePropertySingleValue>
          <DataType type="IfcLengthMeasure"/>
        </TypePropertySingleValue>
      </PropertyType>
    </PropertyDef>
  </PropertyDefs>
</PropertySetDef>
