<?xml version="1.0" ?>
<PropertySetDef templatetype="PSET_TYPEDRIVENOVERRIDE" xmlns:xsd="http://www.w3.org/2001/XMLSchema" xmlns:xsi="http://www.w3.org/2001/XMLSchema-instance" xsi:noNamespaceSchemaLocation="http://buildingSMART-tech.org/xml/psd/PSD_IFC4.xsd">
  <IfcVersion version="IFC4X3_ADD1"/>
  <Name>Pset_ProtectiveDeviceBreakerUnitIPICurve</Name>
  <Definition>A coherent set of attributes representing curves for  let-through currents of a protective device. Note - A protective device may be associated with different instances of this pSet providing information related to different  basic characteristics.</Definition>
  <Applicability/>
  <ApplicableClasses>
    <ClassName>IfcProtectiveDevice</ClassName>
    <ClassName>IfcProtectiveDeviceType</ClassName>
  </ApplicableClasses>
  <ApplicableTypeValue>IfcProtectiveDevice,IfcProtectiveDeviceType</ApplicableTypeValue>
  <PropertyDefs>
    <PropertyDef>
      <Name>VoltageLevel</Name>
      <Definition>The voltage levels for which the data of the instance is valid. More than one value may be selected in the enumeration.</Definition>
      <PropertyType>
        <TypePropertyEnumeratedValue>
          <EnumList name="PEnum_VoltageLevels">
            <EnumItem>U1000</EnumItem>
            <EnumItem>U230</EnumItem>
            <EnumItem>U400</EnumItem>
            <EnumItem>U440</EnumItem>
            <EnumItem>U525</EnumItem>
            <EnumItem>U690</EnumItem>
            <EnumItem>OTHER</EnumItem>
            <EnumItem>NOTKNOWN</EnumItem>
            <EnumItem>UNSET</EnumItem>
          </EnumList>
        </TypePropertyEnumeratedValue>
      </PropertyType>
    </PropertyDef>
    <PropertyDef>
      <Name>NominalCurrent</Name>
      <Definition>The nominal current that is designed to be measured.

A set of nominal currents in [A] for which the data of this instance is valid. At least one value shall be provided. Any value in the set shall not exceed the value of the
UltimateRatedCurrent associated with the same breaker unit.</Definition>
      <PropertyType>
        <TypePropertySingleValue>
          <DataType type="IfcElectricCurrentMeasure"/>
        </TypePropertySingleValue>
      </PropertyType>
    </PropertyDef>
    <PropertyDef>
      <Name>BreakerUnitIPICurve</Name>
      <Definition>A curve that establishes the let through peak current of a breaker unit when a particular prospective current is applied.  Note that the breaker unit IPI curve is defined within a Cartesian coordinate system and this fact must be asserted within the property set:(1) Defining value: A list of minimum 2 and maximum 16 numbers providing the currents in [A] for points in the I/Î log/log coordinate space. The curve is drawn as a straight line between two consecutive points.
(2) Defined value: A list of minimum 2 and maximum 16 numbers providing the let-through peak currents, Î, in [A] for points in the I/Î log/log coordinate space. The curve is drawn as a straight line between two consecutive points.</Definition>
      <PropertyType>
        <TypePropertyTableValue>
          <Expression/>
          <DefiningValue>
            <DataType type="IfcElectricCurrentMeasure"/>
          </DefiningValue>
          <DefinedValue>
            <DataType type="IfcElectricCurrentMeasure"/>
          </DefinedValue>
        </TypePropertyTableValue>
      </PropertyType>
    </PropertyDef>
  </PropertyDefs>
</PropertySetDef>
