<?xml version="1.0" ?>
<PropertySetDef templatetype="PSET_TYPEDRIVENOVERRIDE" xmlns:xsd="http://www.w3.org/2001/XMLSchema" xmlns:xsi="http://www.w3.org/2001/XMLSchema-instance" xsi:noNamespaceSchemaLocation="http://buildingSMART-tech.org/xml/psd/PSD_IFC4.xsd">
  <IfcVersion version="IFC4X3"/>
  <Name>Pset_BearingCommon</Name>
  <Definition>Common properties for IfcBearing.</Definition>
  <Applicability/>
  <ApplicableClasses>
    <ClassName>IfcBearing</ClassName>
    <ClassName>IfcBearingType</ClassName>
  </ApplicableClasses>
  <ApplicableTypeValue>IfcBearing,IfcBearingType</ApplicableTypeValue>
  <PropertyDefs>
    <PropertyDef>
      <Name>DisplacementAccommodated</Name>
      <Definition>Displacement Accommodated</Definition>
      <PropertyType>
        <TypePropertyListValue>
          <ListValue>
            <DataType type="IfcBoolean"/>
          </ListValue>
        </TypePropertyListValue>
      </PropertyType>
    </PropertyDef>
    <PropertyDef>
      <Name>RotationAccommodated</Name>
      <Definition>Rotation Accommodated</Definition>
      <PropertyType>
        <TypePropertyListValue>
          <ListValue>
            <DataType type="IfcBoolean"/>
          </ListValue>
        </TypePropertyListValue>
      </PropertyType>
    </PropertyDef>
  </PropertyDefs>
</PropertySetDef>
