<?xml version="1.0" ?>
<PropertySetDef templatetype="PSET_TYPEDRIVENOVERRIDE" xmlns:xsd="http://www.w3.org/2001/XMLSchema" xmlns:xsi="http://www.w3.org/2001/XMLSchema-instance" xsi:noNamespaceSchemaLocation="http://buildingSMART-tech.org/xml/psd/PSD_IFC4.xsd">
  <IfcVersion version="IFC4X3_TC1"/>
  <Name>Pset_SensorTypeFireSensor</Name>
  <Definition>A device that senses or detects the presence of fire.</Definition>
  <Applicability/>
  <ApplicableClasses>
    <ClassName>IfcSensor/FIRESENSOR</ClassName>
    <ClassName>IfcSensorType/FIRESENSOR</ClassName>
  </ApplicableClasses>
  <ApplicableTypeValue>IfcSensor/FIRESENSOR,IfcSensorType/FIRESENSOR</ApplicableTypeValue>
  <PropertyDefs>
    <PropertyDef>
      <Name>FireSensorSetPoint</Name>
      <Definition>The temperature value to be sensed to indicate the presence of fire.</Definition>
      <PropertyType>
        <TypePropertySingleValue>
          <DataType type="IfcThermodynamicTemperatureMeasure"/>
        </TypePropertySingleValue>
      </PropertyType>
    </PropertyDef>
    <PropertyDef>
      <Name>AccuracyOfFireSensor</Name>
      <Definition>The accuracy of the sensor.</Definition>
      <PropertyType>
        <TypePropertySingleValue>
          <DataType type="IfcThermodynamicTemperatureMeasure"/>
        </TypePropertySingleValue>
      </PropertyType>
    </PropertyDef>
    <PropertyDef>
      <Name>TimeConstant</Name>
      <Definition>The time constant of the sensor.</Definition>
      <PropertyType>
        <TypePropertySingleValue>
          <DataType type="IfcTimeMeasure"/>
        </TypePropertySingleValue>
      </PropertyType>
    </PropertyDef>
  </PropertyDefs>
</PropertySetDef>
