<?xml version="1.0" ?>
<PropertySetDef templatetype="PSET_TYPEDRIVENOVERRIDE" xmlns:xsd="http://www.w3.org/2001/XMLSchema" xmlns:xsi="http://www.w3.org/2001/XMLSchema-instance" xsi:noNamespaceSchemaLocation="http://buildingSMART-tech.org/xml/psd/PSD_IFC4.xsd">
  <IfcVersion version="IFC4X3_TC1"/>
  <Name>Pset_AudioVisualApplianceTypeCamera</Name>
  <Definition>An audio-visual camera is a device that captures video, such as for security.  HISTORY: Added in IFC4.</Definition>
  <Applicability/>
  <ApplicableClasses>
    <ClassName>IfcAudioVisualAppliance/CAMERA</ClassName>
    <ClassName>IfcAudioVisualApplianceType/CAMERA</ClassName>
  </ApplicableClasses>
  <ApplicableTypeValue>IfcAudioVisualAppliance/CAMERA,IfcAudioVisualApplianceType/CAMERA</ApplicableTypeValue>
  <PropertyDefs>
    <PropertyDef>
      <Name>CameraType</Name>
      <Definition>Indicates the type of camera.</Definition>
      <PropertyType>
        <TypePropertyEnumeratedValue>
          <EnumList name="PEnum_AudioVisualCameraType">
            <EnumItem>AUDIOVIDEO</EnumItem>
            <EnumItem>PHOTO</EnumItem>
            <EnumItem>VIDEO</EnumItem>
            <EnumItem>OTHER</EnumItem>
            <EnumItem>NOTKNOWN</EnumItem>
            <EnumItem>UNSET</EnumItem>
          </EnumList>
        </TypePropertyEnumeratedValue>
      </PropertyType>
    </PropertyDef>
    <PropertyDef>
      <Name>IsOutdoors</Name>
      <Definition>Indicates if camera is designed to be used outdoors.</Definition>
      <PropertyType>
        <TypePropertySingleValue>
          <DataType type="IfcBoolean"/>
        </TypePropertySingleValue>
      </PropertyType>
    </PropertyDef>
    <PropertyDef>
      <Name>VideoResolutionWidth</Name>
      <Definition>Indicates the number of horizontal pixels (the largest native video resolution width).</Definition>
      <PropertyType>
        <TypePropertySingleValue>
          <DataType type="IfcInteger"/>
        </TypePropertySingleValue>
      </PropertyType>
    </PropertyDef>
    <PropertyDef>
      <Name>VideoResolutionHeight</Name>
      <Definition>Indicates the number of vertical pixels (the largest native video resolution height).</Definition>
      <PropertyType>
        <TypePropertySingleValue>
          <DataType type="IfcInteger"/>
        </TypePropertySingleValue>
      </PropertyType>
    </PropertyDef>
    <PropertyDef>
      <Name>VideoResolutionMode</Name>
      <Definition>Indicates video resolution modes.</Definition>
      <PropertyType>
        <TypePropertyTableValue>
          <Expression/>
          <DefiningValue>
            <DataType type="IfcIdentifier"/>
          </DefiningValue>
          <DefinedValue>
            <DataType type="IfcLabel"/>
          </DefinedValue>
        </TypePropertyTableValue>
      </PropertyType>
    </PropertyDef>
    <PropertyDef>
      <Name>VideoCaptureInterval</Name>
      <Definition>Indicates video frame capture time intervals.</Definition>
      <PropertyType>
        <TypePropertyTableValue>
          <Expression/>
          <DefiningValue>
            <DataType type="IfcIdentifier"/>
          </DefiningValue>
          <DefinedValue>
            <DataType type="IfcTimeMeasure"/>
          </DefinedValue>
        </TypePropertyTableValue>
      </PropertyType>
    </PropertyDef>
    <PropertyDef>
      <Name>PanTiltZoomPreset</Name>
      <Definition>Indicates pan/tilt/zoom position presets.</Definition>
      <PropertyType>
        <TypePropertyTableValue>
          <Expression/>
          <DefiningValue>
            <DataType type="IfcIdentifier"/>
          </DefiningValue>
          <DefinedValue>
            <DataType type="IfcLabel"/>
          </DefinedValue>
        </TypePropertyTableValue>
      </PropertyType>
    </PropertyDef>
    <PropertyDef>
      <Name>PanHorizontal</Name>
      <Definition>Indicates horizontal range for panning.</Definition>
      <PropertyType>
        <TypePropertyBoundedValue>
          <DataType type="IfcLengthMeasure"/>
        </TypePropertyBoundedValue>
      </PropertyType>
    </PropertyDef>
    <PropertyDef>
      <Name>PanVertical</Name>
      <Definition>Indicates vertical range for panning.</Definition>
      <PropertyType>
        <TypePropertyBoundedValue>
          <DataType type="IfcLengthMeasure"/>
        </TypePropertyBoundedValue>
      </PropertyType>
    </PropertyDef>
    <PropertyDef>
      <Name>TiltHorizontal</Name>
      <Definition>Indicates horizontal range for pivoting, where positive values indicate the camera rotating clockwise,</Definition>
      <PropertyType>
        <TypePropertyBoundedValue>
          <DataType type="IfcPlaneAngleMeasure"/>
        </TypePropertyBoundedValue>
      </PropertyType>
    </PropertyDef>
    <PropertyDef>
      <Name>TiltVertical</Name>
      <Definition>Indicates vertical range for pivoting, where 0.0 is level, +90 degrees is looking up, -90 degrees is looking down.</Definition>
      <PropertyType>
        <TypePropertyBoundedValue>
          <DataType type="IfcPlaneAngleMeasure"/>
        </TypePropertyBoundedValue>
      </PropertyType>
    </PropertyDef>
    <PropertyDef>
      <Name>Zoom</Name>
      <Definition>Indicates the zoom range.</Definition>
      <PropertyType>
        <TypePropertyBoundedValue>
          <DataType type="IfcPositiveLengthMeasure"/>
        </TypePropertyBoundedValue>
      </PropertyType>
    </PropertyDef>
  </PropertyDefs>
</PropertySetDef>
