<?xml version="1.0" ?>
<PropertySetDef templatetype="PSET_OCCURRENCEDRIVEN" xmlns:xsd="http://www.w3.org/2001/XMLSchema" xmlns:xsi="http://www.w3.org/2001/XMLSchema-instance" xsi:noNamespaceSchemaLocation="http://buildingSMART-tech.org/xml/psd/PSD_IFC4.xsd">
  <IfcVersion version="IFC4X3_TC1"/>
  <Name>Pset_CableSegmentOccurrence</Name>
  <Definition>Properties for the occurrence of an electrical cable, core or conductor that conforms to a type as specified by an appropriate type definition within IFC. NOTE: Maximum allowed voltage drop should be derived from the property within Pset_ElectricalCircuit.</Definition>
  <Applicability/>
  <ApplicableClasses>
    <ClassName>IfcCableSegment</ClassName>
  </ApplicableClasses>
  <ApplicableTypeValue>IfcCableSegment</ApplicableTypeValue>
  <PropertyDefs>
    <PropertyDef>
      <Name>DesignAmbientTemperature</Name>
      <Definition>The highest and lowest local ambient temperature likely to be encountered.</Definition>
      <PropertyType>
        <TypePropertyBoundedValue>
          <DataType type="IfcThermodynamicTemperatureMeasure"/>
        </TypePropertyBoundedValue>
      </PropertyType>
    </PropertyDef>
    <PropertyDef>
      <Name>UserCorrectionFactor</Name>
      <Definition>An arbitrary correction factor that may be applied by the user.</Definition>
      <PropertyType>
        <TypePropertySingleValue>
          <DataType type="IfcReal"/>
        </TypePropertySingleValue>
      </PropertyType>
    </PropertyDef>
    <PropertyDef>
      <Name>NumberOfParallelCircuits</Name>
      <Definition>Number of parallel circuits.</Definition>
      <PropertyType>
        <TypePropertySingleValue>
          <DataType type="IfcCountMeasure"/>
        </TypePropertySingleValue>
      </PropertyType>
    </PropertyDef>
    <PropertyDef>
      <Name>InstallationMethod</Name>
      <Definition>Method of installation of cable/conductor. Installation methods are typically defined by reference in standards such as IEC 60364-5-52, table 52A-1 or BS7671 Appendix 4 Table 4A1 etc. Selection of the value to be used should be determined from such a standard according to local usage.</Definition>
      <PropertyType>
        <TypePropertySingleValue>
          <DataType type="IfcLabel"/>
        </TypePropertySingleValue>
      </PropertyType>
    </PropertyDef>
    <PropertyDef>
      <Name>InstallationMethodFlagEnum</Name>
      <Definition>Special installation conditions relating to particular types of installation based on IEC60364-5-52:2001 reference installation methods C and D.</Definition>
      <PropertyType>
        <TypePropertyEnumeratedValue>
          <EnumList name="PEnum_InstallationMethodFlagEnum">
            <EnumItem>BELOWCEILING</EnumItem>
            <EnumItem>INDUCT</EnumItem>
            <EnumItem>INSOIL</EnumItem>
            <EnumItem>ONWALL</EnumItem>
            <EnumItem>OTHER</EnumItem>
            <EnumItem>NOTKNOWN</EnumItem>
            <EnumItem>UNSET</EnumItem>
          </EnumList>
        </TypePropertyEnumeratedValue>
      </PropertyType>
    </PropertyDef>
    <PropertyDef>
      <Name>DistanceBetweenParallelCircuits</Name>
      <Definition>Distance measured between parallel circuits.</Definition>
      <PropertyType>
        <TypePropertySingleValue>
          <DataType type="IfcLengthMeasure"/>
        </TypePropertySingleValue>
      </PropertyType>
    </PropertyDef>
    <PropertyDef>
      <Name>SoilConductivity</Name>
      <Definition>Thermal conductivity of soil. Generally, within standards such as IEC 60364-5-52, table 52A-16, the resistivity of soil is required (measured in [SI] units of degK.m /W). This is the reciprocal of the conductivity value and needs to be calculated accordingly.</Definition>
      <PropertyType>
        <TypePropertySingleValue>
          <DataType type="IfcThermalConductivityMeasure"/>
        </TypePropertySingleValue>
      </PropertyType>
    </PropertyDef>
    <PropertyDef>
      <Name>CarrierStackNumber</Name>
      <Definition>Number of carrier segments (tray, ladder etc.) that are vertically stacked (vertical is measured as the z-axis of the local coordinate system of the carrier segment).</Definition>
      <PropertyType>
        <TypePropertySingleValue>
          <DataType type="IfcInteger"/>
        </TypePropertySingleValue>
      </PropertyType>
    </PropertyDef>
    <PropertyDef>
      <Name>MountingMethod</Name>
      <Definition>The method of mounting cable segment occurrences on a cable carrier occurrence from which the method required can be selected. This is for the purpose of carrying out 'worst case' cable sizing calculations and may be a conceptual requirement rather than a statement of the physical occurrences of cable and carrier segments.</Definition>
      <PropertyType>
        <TypePropertyEnumeratedValue>
          <EnumList name="PEnum_MountingMethodEnum">
            <EnumItem>LADDER</EnumItem>
            <EnumItem>PERFORATEDTRAY</EnumItem>
            <EnumItem>OTHER</EnumItem>
            <EnumItem>NOTKNOWN</EnumItem>
            <EnumItem>UNSET</EnumItem>
          </EnumList>
        </TypePropertyEnumeratedValue>
      </PropertyType>
    </PropertyDef>
    <PropertyDef>
      <Name>IsHorizontalCable</Name>
      <Definition>Indication of whether the cable occurrences are mounted horizontally (= TRUE) or vertically (= FALSE).</Definition>
      <PropertyType>
        <TypePropertySingleValue>
          <DataType type="IfcBoolean"/>
        </TypePropertySingleValue>
      </PropertyType>
    </PropertyDef>
    <PropertyDef>
      <Name>IsMountedFlatCable</Name>
      <Definition>Indication of whether the cable occurrences are mounted flat (= TRUE) or in a trefoil pattern (= FALSE).</Definition>
      <PropertyType>
        <TypePropertySingleValue>
          <DataType type="IfcBoolean"/>
        </TypePropertySingleValue>
      </PropertyType>
    </PropertyDef>
    <PropertyDef>
      <Name>CurrentCarryingCapacity</Name>
      <Definition>Maximum value of electric current which can be carried continuously by a conductor, a device or an apparatus, under specified conditions without its steady-state temperature exceeding a  specified value. Based on IEC60826-11-13. NOTE: The temperature specified value is maximum Design Ambient Temperature.</Definition>
      <PropertyType>
        <TypePropertySingleValue>
          <DataType type="IfcElectricCurrentMeasure"/>
        </TypePropertySingleValue>
      </PropertyType>
    </PropertyDef>
    <PropertyDef>
      <Name>MaximumCableLength</Name>
      <Definition>Maximum cable length based on voltagedrop. NOTE: This value may also be specified as a constraint within an IFC model if required but is included within the property set at this stage pending implementation of the required capabilities within software applications.</Definition>
      <PropertyType>
        <TypePropertySingleValue>
          <DataType type="IfcLengthMeasure"/>
        </TypePropertySingleValue>
      </PropertyType>
    </PropertyDef>
    <PropertyDef>
      <Name>PowerLoss</Name>
      <Definition>The power loss in [W].

Total loss of power across this cable.</Definition>
      <PropertyType>
        <TypePropertySingleValue>
          <DataType type="IfcPowerMeasure"/>
        </TypePropertySingleValue>
      </PropertyType>
    </PropertyDef>
    <PropertyDef>
      <Name>SequentialCode</Name>
      <Definition>Indicates the sequential code of the cable or wire.</Definition>
      <PropertyType>
        <TypePropertySingleValue>
          <DataType type="IfcLabel"/>
        </TypePropertySingleValue>
      </PropertyType>
    </PropertyDef>
  </PropertyDefs>
</PropertySetDef>
