<?xml version="1.0" ?>
<PropertySetDef templatetype="PSET_TYPEDRIVENOVERRIDE" xmlns:xsd="http://www.w3.org/2001/XMLSchema" xmlns:xsi="http://www.w3.org/2001/XMLSchema-instance" xsi:noNamespaceSchemaLocation="http://buildingSMART-tech.org/xml/psd/PSD_IFC4.xsd">
  <IfcVersion version="IFC4X3"/>
  <Name>Pset_FittingBend</Name>
  <Definition>Properties about the bend angles.</Definition>
  <Applicability/>
  <ApplicableClasses>
    <ClassName>IfcCableCarrierFitting/BEND</ClassName>
    <ClassName>IfcDuctFitting/BEND</ClassName>
    <ClassName>IfcPipeFitting/BEND</ClassName>
    <ClassName>IfcCableCarrierFittingType/BEND</ClassName>
    <ClassName>IfcDuctFittingType/BEND</ClassName>
    <ClassName>IfcPipeFittingType/BEND</ClassName>
  </ApplicableClasses>
  <ApplicableTypeValue>IfcCableCarrierFitting/BEND,IfcDuctFitting/BEND,IfcPipeFitting/BEND,IfcCableCarrierFittingType/BEND,IfcDuctFittingType/BEND,IfcPipeFittingType/BEND</ApplicableTypeValue>
  <PropertyDefs>
    <PropertyDef>
      <Name>BendAngle</Name>
      <Definition>The change of direction of flow.</Definition>
      <PropertyType>
        <TypePropertySingleValue>
          <DataType type="IfcPositivePlaneAngleMeasure"/>
        </TypePropertySingleValue>
      </PropertyType>
    </PropertyDef>
    <PropertyDef>
      <Name>BendRadius</Name>
      <Definition>The radius of bending if circular arc or zero if sharp bend.</Definition>
      <PropertyType>
        <TypePropertySingleValue>
          <DataType type="IfcPositiveLengthMeasure"/>
        </TypePropertySingleValue>
      </PropertyType>
    </PropertyDef>
  </PropertyDefs>
</PropertySetDef>
