<?xml version="1.0" ?>
<PropertySetDef templatetype="PSET_OCCURRENCEDRIVEN" xmlns:xsd="http://www.w3.org/2001/XMLSchema" xmlns:xsi="http://www.w3.org/2001/XMLSchema-instance" xsi:noNamespaceSchemaLocation="http://buildingSMART-tech.org/xml/psd/PSD_IFC4.xsd">
  <IfcVersion version="IFC4X3_ADD1"/>
  <Name>Pset_LandRegistration</Name>
  <Definition>Specifies the identity of land within a statutory registration system. NOTE: The property LandTitleID is to be used in preference to deprecated attribute LandTitleNumber in IfcSite.</Definition>
  <Applicability/>
  <ApplicableClasses>
    <ClassName>IfcSite</ClassName>
  </ApplicableClasses>
  <ApplicableTypeValue>IfcSite</ApplicableTypeValue>
  <PropertyDefs>
    <PropertyDef>
      <Name>LandID</Name>
      <Definition>Identification number assigned by the statutory registration authority to a land parcel.</Definition>
      <PropertyType>
        <TypePropertySingleValue>
          <DataType type="IfcIdentifier"/>
        </TypePropertySingleValue>
      </PropertyType>
    </PropertyDef>
    <PropertyDef>
      <Name>IsPermanentID</Name>
      <Definition>Indicates whether the identity assigned to the object is permanent (= TRUE) or temporary (=FALSE).</Definition>
      <PropertyType>
        <TypePropertySingleValue>
          <DataType type="IfcBoolean"/>
        </TypePropertySingleValue>
      </PropertyType>
    </PropertyDef>
    <PropertyDef>
      <Name>LandTitleID</Name>
      <Definition>Identification number assigned by the statutory registration authority to the title to a land parcel.</Definition>
      <PropertyType>
        <TypePropertySingleValue>
          <DataType type="IfcIdentifier"/>
        </TypePropertySingleValue>
      </PropertyType>
    </PropertyDef>
  </PropertyDefs>
</PropertySetDef>
