<?xml version="1.0" ?>
<PropertySetDef templatetype="PSET_OCCURRENCEDRIVEN" xmlns:xsd="http://www.w3.org/2001/XMLSchema" xmlns:xsi="http://www.w3.org/2001/XMLSchema-instance" xsi:noNamespaceSchemaLocation="http://buildingSMART-tech.org/xml/psd/PSD_IFC4.xsd">
  <IfcVersion version="IFC4X3_TC1"/>
  <Name>Pset_RailwaySignalOccurrence</Name>
  <Definition>Properties common to the definition of occurrences of IfcSignal applied in railways.</Definition>
  <Applicability/>
  <ApplicableClasses>
    <ClassName>IfcSignal</ClassName>
  </ApplicableClasses>
  <ApplicableTypeValue>IfcSignal</ApplicableTypeValue>
  <PropertyDefs>
    <PropertyDef>
      <Name>ApproachSpeed</Name>
      <Definition>The design speed of trains approaching the signal if different from the line speed.</Definition>
      <PropertyType>
        <TypePropertySingleValue>
          <DataType type="IfcLinearVelocityMeasure"/>
        </TypePropertySingleValue>
      </PropertyType>
    </PropertyDef>
    <PropertyDef>
      <Name>HandSignallingProhibited</Name>
      <Definition>Indicates if hand signalling is prohibited in case of any failure.</Definition>
      <PropertyType>
        <TypePropertySingleValue>
          <DataType type="IfcBoolean"/>
        </TypePropertySingleValue>
      </PropertyType>
    </PropertyDef>
    <PropertyDef>
      <Name>LimitedClearances</Name>
      <Definition>Special conditions for placing the signal post telephone: tunnels, bridges, viaducts.</Definition>
      <PropertyType>
        <TypePropertySingleValue>
          <DataType type="IfcText"/>
        </TypePropertySingleValue>
      </PropertyType>
    </PropertyDef>
    <PropertyDef>
      <Name>NumberOfLampsNotUsed</Name>
      <Definition>Number of lamps which are not needed and blanked out (sealed).</Definition>
      <PropertyType>
        <TypePropertySingleValue>
          <DataType type="IfcCountMeasure"/>
        </TypePropertySingleValue>
      </PropertyType>
    </PropertyDef>
    <PropertyDef>
      <Name>RequiresOLEMesh</Name>
      <Definition>Indicates whether an OLE mesh is required to protect the signal or maintainer.</Definition>
      <PropertyType>
        <TypePropertySingleValue>
          <DataType type="IfcBoolean"/>
        </TypePropertySingleValue>
      </PropertyType>
    </PropertyDef>
    <PropertyDef>
      <Name>RequiresSafetyHandrail</Name>
      <Definition>Indicates whether a safety handrail is required.</Definition>
      <PropertyType>
        <TypePropertySingleValue>
          <DataType type="IfcBoolean"/>
        </TypePropertySingleValue>
      </PropertyType>
    </PropertyDef>
    <PropertyDef>
      <Name>SignalPostTelephoneID</Name>
      <Definition>The identifier of the signal post telephone attached to the signal.</Definition>
      <PropertyType>
        <TypePropertySingleValue>
          <DataType type="IfcIdentifier"/>
        </TypePropertySingleValue>
      </PropertyType>
    </PropertyDef>
    <PropertyDef>
      <Name>SignalPostTelephoneType</Name>
      <Definition>Indicates the type of the signal post telephone, e.g. locked, direct line, dial phone.</Definition>
      <PropertyType>
        <TypePropertySingleValue>
          <DataType type="IfcLabel"/>
        </TypePropertySingleValue>
      </PropertyType>
    </PropertyDef>
    <PropertyDef>
      <Name>SpecialPositionArrangement</Name>
      <Definition>Type of special position at which the signal is placed.</Definition>
      <PropertyType>
        <TypePropertySingleValue>
          <DataType type="IfcLabel"/>
        </TypePropertySingleValue>
      </PropertyType>
    </PropertyDef>
    <PropertyDef>
      <Name>HinderingObstaclesDescription</Name>
      <Definition>Description of obstacles that hinder the visibility for the staff in the station.</Definition>
      <PropertyType>
        <TypePropertySingleValue>
          <DataType type="IfcText"/>
        </TypePropertySingleValue>
      </PropertyType>
    </PropertyDef>
    <PropertyDef>
      <Name>SignalWalkwayLength</Name>
      <Definition>Indicates the length of the walkway from signal to signal post telephone.</Definition>
      <PropertyType>
        <TypePropertySingleValue>
          <DataType type="IfcPositiveLengthMeasure"/>
        </TypePropertySingleValue>
      </PropertyType>
    </PropertyDef>
    <PropertyDef>
      <Name>RequiresBannerSignal</Name>
      <Definition>Indicates whether a banner repeater signal is required.</Definition>
      <PropertyType>
        <TypePropertySingleValue>
          <DataType type="IfcBoolean"/>
        </TypePropertySingleValue>
      </PropertyType>
    </PropertyDef>
    <PropertyDef>
      <Name>DistanceToStopMark</Name>
      <Definition>Distance from the signal to the nearest stop mark at a platform.</Definition>
      <PropertyType>
        <TypePropertySingleValue>
          <DataType type="IfcPositiveLengthMeasure"/>
        </TypePropertySingleValue>
      </PropertyType>
    </PropertyDef>
  </PropertyDefs>
</PropertySetDef>
