<?xml version="1.0" ?>
<PropertySetDef templatetype="PSET_TYPEDRIVENOVERRIDE" xmlns:xsd="http://www.w3.org/2001/XMLSchema" xmlns:xsi="http://www.w3.org/2001/XMLSchema-instance" xsi:noNamespaceSchemaLocation="http://buildingSMART-tech.org/xml/psd/PSD_IFC4.xsd">
  <IfcVersion version="IFC4X3"/>
  <Name>Pset_ReinforcementBarCountOfIndependentFooting</Name>
  <Definition>Reinforcement Concrete parameter [ST-2]: The amount number information of reinforcement  bar with the independent footing. The X and Y direction are based on the local coordinate system of building storey. The X and Y direction of the reinforcement bar are parallel to the X and Y axis of the IfcBuildingStorey's local coordinate system, respectively.</Definition>
  <Applicability/>
  <ApplicableClasses>
    <ClassName>IfcFooting</ClassName>
    <ClassName>IfcFootingType</ClassName>
  </ApplicableClasses>
  <ApplicableTypeValue>IfcFooting,IfcFootingType</ApplicableTypeValue>
  <PropertyDefs>
    <PropertyDef>
      <Name>Description</Name>
      <Definition>The Description of the object.</Definition>
      <PropertyType>
        <TypePropertySingleValue>
          <DataType type="IfcText"/>
        </TypePropertySingleValue>
      </PropertyType>
    </PropertyDef>
    <PropertyDef>
      <Name>Reference</Name>
      <Definition>Reference ID for this specified type in this project (e.g. type 'A-1'), Also referred to as &quot;construction type&quot;. It should be provided as an alternative to the name of the &quot;object type&quot;, if the software does not support object types and no classification reference to a recognized classification system used.IFC4.3.0.0 DEPRECATION  The Reference property is deprecated and shall no longer be used, use attribute Name on the relating type instead.</Definition>
      <PropertyType>
        <TypePropertySingleValue>
          <DataType type="IfcLabel"/>
        </TypePropertySingleValue>
      </PropertyType>
    </PropertyDef>
    <PropertyDef>
      <Name>XDirectionLowerBarCount</Name>
      <Definition>The number of bars with X direction lower bar.</Definition>
      <PropertyType>
        <TypePropertySingleValue>
          <DataType type="IfcCountMeasure"/>
        </TypePropertySingleValue>
      </PropertyType>
    </PropertyDef>
    <PropertyDef>
      <Name>YDirectionLowerBarCount</Name>
      <Definition>The number of bars with Y direction lower bar.</Definition>
      <PropertyType>
        <TypePropertySingleValue>
          <DataType type="IfcCountMeasure"/>
        </TypePropertySingleValue>
      </PropertyType>
    </PropertyDef>
    <PropertyDef>
      <Name>XDirectionUpperBarCount</Name>
      <Definition>The number of bars with X direction upper bar.</Definition>
      <PropertyType>
        <TypePropertySingleValue>
          <DataType type="IfcCountMeasure"/>
        </TypePropertySingleValue>
      </PropertyType>
    </PropertyDef>
    <PropertyDef>
      <Name>YDirectionUpperBarCount</Name>
      <Definition>The number of bars with Y direction upper bar.</Definition>
      <PropertyType>
        <TypePropertySingleValue>
          <DataType type="IfcCountMeasure"/>
        </TypePropertySingleValue>
      </PropertyType>
    </PropertyDef>
  </PropertyDefs>
</PropertySetDef>
