<?xml version="1.0" ?>
<PropertySetDef templatetype="PSET_TYPEDRIVENOVERRIDE" xmlns:xsd="http://www.w3.org/2001/XMLSchema" xmlns:xsi="http://www.w3.org/2001/XMLSchema-instance" xsi:noNamespaceSchemaLocation="http://buildingSMART-tech.org/xml/psd/PSD_IFC4.xsd">
  <IfcVersion version="IFC4X3_ADD1"/>
  <Name>Pset_SanitaryTerminalTypeCistern</Name>
  <Definition>A water storage unit attached to a sanitary terminal that is fitted with a device, operated automatically or by the user, that discharges water to cleanse a water closet (toilet) pan, urinal or slop hopper. (BS6100 330 5008)</Definition>
  <Applicability/>
  <ApplicableClasses>
    <ClassName>IfcSanitaryTerminal/CISTERN</ClassName>
    <ClassName>IfcSanitaryTerminalType/CISTERN</ClassName>
  </ApplicableClasses>
  <ApplicableTypeValue>IfcSanitaryTerminal/CISTERN,IfcSanitaryTerminalType/CISTERN</ApplicableTypeValue>
  <PropertyDefs>
    <PropertyDef>
      <Name>CisternHeight</Name>
      <Definition>Enumeration that identifies the height of the cistern or, if set to 'None' if the urinal has no cistern and is flushed using mains or high pressure water through a flushing valve.</Definition>
      <PropertyType>
        <TypePropertyEnumeratedValue>
          <EnumList name="PEnum_CisternHeight">
            <EnumItem>HIGHLEVEL</EnumItem>
            <EnumItem>LOWLEVEL</EnumItem>
            <EnumItem>NONE</EnumItem>
            <EnumItem>OTHER</EnumItem>
            <EnumItem>NOTKNOWN</EnumItem>
            <EnumItem>UNSET</EnumItem>
          </EnumList>
        </TypePropertyEnumeratedValue>
      </PropertyType>
    </PropertyDef>
    <PropertyDef>
      <Name>CisternCapacity</Name>
      <Definition>Volumetric capacity of the cistern</Definition>
      <PropertyType>
        <TypePropertySingleValue>
          <DataType type="IfcVolumeMeasure"/>
        </TypePropertySingleValue>
      </PropertyType>
    </PropertyDef>
    <PropertyDef>
      <Name>IsSingleFlush</Name>
      <Definition>Indicates whether the cistern is single flush = TRUE (i.e. the same amount of water is used for each and every flush) or dual flush = FALSE (i.e. the amount of water used for a flush may be selected by the user to be high or low depending on the waste material to be removed).</Definition>
      <PropertyType>
        <TypePropertySingleValue>
          <DataType type="IfcBoolean"/>
        </TypePropertySingleValue>
      </PropertyType>
    </PropertyDef>
    <PropertyDef>
      <Name>FlushType</Name>
      <Definition>The property enumeration Pset_FlushTypeEnum defines the types of flushing mechanism that may be specified for cisterns and sanitary terminals where:-Lever:  Flushing is achieved by twisting a lever that causes a predetermined flow of water to be passed from a cistern to the sanitary terminal.
Pull:   Flushing is achieved by pulling a handle or knob vertically upwards that causes a predetermined flow of water to be passed from a cistern to the sanitary terminal.
Push:   Flushing is achieved by pushing a button or plate that causes a predetermined flow of water to be passed from a cistern to the sanitary terminal.
Sensor: Flush is activated through an automatic sensing mechanism.</Definition>
      <PropertyType>
        <TypePropertyEnumeratedValue>
          <EnumList name="PEnum_FlushType">
            <EnumItem>LEVER</EnumItem>
            <EnumItem>PULL</EnumItem>
            <EnumItem>PUSH</EnumItem>
            <EnumItem>SENSOR</EnumItem>
            <EnumItem>OTHER</EnumItem>
            <EnumItem>NOTKNOWN</EnumItem>
            <EnumItem>UNSET</EnumItem>
          </EnumList>
        </TypePropertyEnumeratedValue>
      </PropertyType>
    </PropertyDef>
    <PropertyDef>
      <Name>FlushRate</Name>
      <Definition>The minimum and maximum volume of water used at each flush. Where a single flush is used, the value of upper bound and lower bound should be equal. For a dual flush toilet, the lower bound should be used for the lesser flush rate and the upper bound for the greater flush rate. Where flush is achieved using mains pressure water through a flush valve, the value of upper and lower bound should be equal and should be the same as the flush rate property of the flush valve (see relevant valve property set). Alternatively, in this case, do not assert the flush rate property; refer to the flush rate of the flush valve.</Definition>
      <PropertyType>
        <TypePropertyBoundedValue>
          <DataType type="IfcVolumeMeasure"/>
        </TypePropertyBoundedValue>
      </PropertyType>
    </PropertyDef>
    <PropertyDef>
      <Name>IsAutomaticFlush</Name>
      <Definition>Boolean value that determines if the cistern is flushed automatically either after each use or periodically (TRUE) or whether manual flushing is required (FALSE).</Definition>
      <PropertyType>
        <TypePropertySingleValue>
          <DataType type="IfcBoolean"/>
        </TypePropertySingleValue>
      </PropertyType>
    </PropertyDef>
  </PropertyDefs>
</PropertySetDef>
