<?xml version="1.0" ?>
<PropertySetDef templatetype="PSET_TYPEDRIVENOVERRIDE" xmlns:xsd="http://www.w3.org/2001/XMLSchema" xmlns:xsi="http://www.w3.org/2001/XMLSchema-instance" xsi:noNamespaceSchemaLocation="http://buildingSMART-tech.org/xml/psd/PSD_IFC4.xsd">
  <IfcVersion version="IFC4X3"/>
  <Name>Pset_ControllerTypeFloating</Name>
  <Definition>Properties for signal handling for an analog controller taking disparate valued multiple inputs and creating a single valued output.  HISTORY: IFC4 adapted from Pset_ControllerTypeCommon and applicable predefined type made specific to FLOATING; ACCUMULATOR and PULSECONVERTER types added; additional properties added to replace Pset_AnalogInput and Pset_AnalogOutput.</Definition>
  <Applicability/>
  <ApplicableClasses>
    <ClassName>IfcController/FLOATING</ClassName>
    <ClassName>IfcControllerType/FLOATING</ClassName>
  </ApplicableClasses>
  <ApplicableTypeValue>IfcController/FLOATING,IfcControllerType/FLOATING</ApplicableTypeValue>
  <PropertyDefs>
    <PropertyDef>
      <Name>ControlType</Name>
      <Definition>The type controller, signal modification effected and applicable ports</Definition>
      <PropertyType>
        <TypePropertyEnumeratedValue>
          <EnumList name="PEnum_ControllerTypeFloating">
            <EnumItem>ABSOLUTE</EnumItem>
            <EnumItem>ACCUMULATOR</EnumItem>
            <EnumItem>AVERAGE</EnumItem>
            <EnumItem>BINARY</EnumItem>
            <EnumItem>CONSTANT</EnumItem>
            <EnumItem>DERIVATIVE</EnumItem>
            <EnumItem>DIVIDE</EnumItem>
            <EnumItem>HYSTERESIS</EnumItem>
            <EnumItem>INPUT</EnumItem>
            <EnumItem>INTEGRAL</EnumItem>
            <EnumItem>INVERSE</EnumItem>
            <EnumItem>LOWERLIMITCONTROL</EnumItem>
            <EnumItem>MAXIMUM</EnumItem>
            <EnumItem>MINIMUM</EnumItem>
            <EnumItem>MODIFIER</EnumItem>
            <EnumItem>OUTPUT</EnumItem>
            <EnumItem>PRODUCT</EnumItem>
            <EnumItem>PULSECONVERTER</EnumItem>
            <EnumItem>REPORT</EnumItem>
            <EnumItem>RUNNINGAVERAGE</EnumItem>
            <EnumItem>SPLIT</EnumItem>
            <EnumItem>SUBTRACT</EnumItem>
            <EnumItem>SUM</EnumItem>
            <EnumItem>UPPERLIMITCONTROL</EnumItem>
            <EnumItem>VARIABLE</EnumItem>
            <EnumItem>OTHER</EnumItem>
            <EnumItem>NOTKNOWN</EnumItem>
            <EnumItem>UNSET</EnumItem>
          </EnumList>
        </TypePropertyEnumeratedValue>
      </PropertyType>
    </PropertyDef>
    <PropertyDef>
      <Name>Labels</Name>
      <Definition>Table mapping values to labels, where such labels indicate the meanings of True and False, such as 'Open' and 'Closed'</Definition>
      <PropertyType>
        <TypePropertyTableValue>
          <Expression/>
          <DefiningValue>
            <DataType type="IfcReal"/>
          </DefiningValue>
          <DefinedValue>
            <DataType type="IfcLabel"/>
          </DefinedValue>
        </TypePropertyTableValue>
      </PropertyType>
    </PropertyDef>
    <PropertyDef>
      <Name>Range</Name>
      <Definition>The physical range of values supported by the device.</Definition>
      <PropertyType>
        <TypePropertyBoundedValue>
          <DataType type="IfcReal"/>
        </TypePropertyBoundedValue>
      </PropertyType>
    </PropertyDef>
    <PropertyDef>
      <Name>Value</Name>
      <Definition>The expected range and default value.</Definition>
      <PropertyType>
        <TypePropertyBoundedValue>
          <DataType type="IfcReal"/>
        </TypePropertyBoundedValue>
      </PropertyType>
    </PropertyDef>
    <PropertyDef>
      <Name>SignalOffset</Name>
      <Definition>Offset constant added to modified signal.</Definition>
      <PropertyType>
        <TypePropertySingleValue>
          <DataType type="IfcReal"/>
        </TypePropertySingleValue>
      </PropertyType>
    </PropertyDef>
    <PropertyDef>
      <Name>SignalFactor</Name>
      <Definition>Factor multiplied onto offset signal.</Definition>
      <PropertyType>
        <TypePropertySingleValue>
          <DataType type="IfcReal"/>
        </TypePropertySingleValue>
      </PropertyType>
    </PropertyDef>
    <PropertyDef>
      <Name>SignalTime</Name>
      <Definition>Time factor used for integral and running average controllers.</Definition>
      <PropertyType>
        <TypePropertySingleValue>
          <DataType type="IfcTimeMeasure"/>
        </TypePropertySingleValue>
      </PropertyType>
    </PropertyDef>
  </PropertyDefs>
</PropertySetDef>
