<?xml version="1.0" ?>
<PropertySetDef templatetype="PSET_OCCURRENCEDRIVEN" xmlns:xsd="http://www.w3.org/2001/XMLSchema" xmlns:xsi="http://www.w3.org/2001/XMLSchema-instance" xsi:noNamespaceSchemaLocation="http://buildingSMART-tech.org/xml/psd/PSD_IFC4.xsd">
  <IfcVersion version="IFC4X3"/>
  <Name>Pset_FanOccurrence</Name>
  <Definition>Fan occurrence attributes attached to an instance of IfcFan.</Definition>
  <Applicability/>
  <ApplicableClasses>
    <ClassName>IfcFan</ClassName>
  </ApplicableClasses>
  <ApplicableTypeValue>IfcFan</ApplicableTypeValue>
  <PropertyDefs>
    <PropertyDef>
      <Name>DischargeType</Name>
      <Definition>Defines the type of connection at the fan discharge.Duct: Discharge into ductwork.
Screen: Discharge into screen outlet.
Louver: Discharge into a louver.
Damper: Discharge into a damper.</Definition>
      <PropertyType>
        <TypePropertyEnumeratedValue>
          <EnumList name="PEnum_FanDischargeType">
            <EnumItem>DAMPER</EnumItem>
            <EnumItem>DUCT</EnumItem>
            <EnumItem>LOUVER</EnumItem>
            <EnumItem>SCREEN</EnumItem>
            <EnumItem>OTHER</EnumItem>
            <EnumItem>NOTKNOWN</EnumItem>
            <EnumItem>UNSET</EnumItem>
          </EnumList>
        </TypePropertyEnumeratedValue>
      </PropertyType>
    </PropertyDef>
    <PropertyDef>
      <Name>ApplicationOfFan</Name>
      <Definition>The functional application of the fan.SupplyAir: Supply air fan.
ReturnAir: Return air fan.
ExhaustAir: Exhaust air fan.
Other: Other type of application not defined above.</Definition>
      <PropertyType>
        <TypePropertyEnumeratedValue>
          <EnumList name="PEnum_FanApplicationType">
            <EnumItem>COOLINGTOWER</EnumItem>
            <EnumItem>EXHAUSTAIR</EnumItem>
            <EnumItem>RETURNAIR</EnumItem>
            <EnumItem>SUPPLYAIR</EnumItem>
            <EnumItem>OTHER</EnumItem>
            <EnumItem>NOTKNOWN</EnumItem>
            <EnumItem>UNSET</EnumItem>
          </EnumList>
        </TypePropertyEnumeratedValue>
      </PropertyType>
    </PropertyDef>
    <PropertyDef>
      <Name>CoilPosition</Name>
      <Definition>Defines the relationship between a fan and a coil.DrawThrough: Fan located downstream of the coil.
BlowThrough: Fan located upstream of the coil.</Definition>
      <PropertyType>
        <TypePropertyEnumeratedValue>
          <EnumList name="PEnum_FanCoilPosition">
            <EnumItem>BLOWTHROUGH</EnumItem>
            <EnumItem>DRAWTHROUGH</EnumItem>
            <EnumItem>OTHER</EnumItem>
            <EnumItem>NOTKNOWN</EnumItem>
            <EnumItem>UNSET</EnumItem>
          </EnumList>
        </TypePropertyEnumeratedValue>
      </PropertyType>
    </PropertyDef>
    <PropertyDef>
      <Name>MotorPosition</Name>
      <Definition>Defines the location of the motor relative to the air stream.InAirStream: Fan motor is in the air stream.
OutOfAirStream: Fan motor is out of the air stream.</Definition>
      <PropertyType>
        <TypePropertyEnumeratedValue>
          <EnumList name="PEnum_FanMotorPosition">
            <EnumItem>INAIRSTREAM</EnumItem>
            <EnumItem>OUTOFAIRSTREAM</EnumItem>
            <EnumItem>OTHER</EnumItem>
            <EnumItem>NOTKNOWN</EnumItem>
            <EnumItem>UNSET</EnumItem>
          </EnumList>
        </TypePropertyEnumeratedValue>
      </PropertyType>
    </PropertyDef>
    <PropertyDef>
      <Name>FanMountingType</Name>
      <Definition>Defines the method of mounting the fan in the building.</Definition>
      <PropertyType>
        <TypePropertyEnumeratedValue>
          <EnumList name="PEnum_FanMountingType">
            <EnumItem>CONCRETEPAD</EnumItem>
            <EnumItem>DUCTMOUNTED</EnumItem>
            <EnumItem>FIELDERECTEDCURB</EnumItem>
            <EnumItem>MANUFACTUREDCURB</EnumItem>
            <EnumItem>SUSPENDED</EnumItem>
            <EnumItem>WALLMOUNTED</EnumItem>
            <EnumItem>OTHER</EnumItem>
            <EnumItem>NOTKNOWN</EnumItem>
            <EnumItem>UNSET</EnumItem>
          </EnumList>
        </TypePropertyEnumeratedValue>
      </PropertyType>
    </PropertyDef>
    <PropertyDef>
      <Name>FractionOfMotorHeatToAirStream</Name>
      <Definition>Fraction of the motor heat released into the fluid flow.</Definition>
      <PropertyType>
        <TypePropertySingleValue>
          <DataType type="IfcNormalisedRatioMeasure"/>
        </TypePropertySingleValue>
      </PropertyType>
    </PropertyDef>
    <PropertyDef>
      <Name>ImpellerDiameter</Name>
      <Definition>Diameter of object - used to scale performance of geometrically similar objects.</Definition>
      <PropertyType>
        <TypePropertySingleValue>
          <DataType type="IfcPositiveLengthMeasure"/>
        </TypePropertySingleValue>
      </PropertyType>
    </PropertyDef>
  </PropertyDefs>
</PropertySetDef>
