<?xml version="1.0" ?>
<PropertySetDef templatetype="PSET_TYPEDRIVENOVERRIDE" xmlns:xsd="http://www.w3.org/2001/XMLSchema" xmlns:xsi="http://www.w3.org/2001/XMLSchema-instance" xsi:noNamespaceSchemaLocation="http://buildingSMART-tech.org/xml/psd/PSD_IFC4.xsd">
  <IfcVersion version="IFC4X3"/>
  <Name>Pset_FlowInstrumentTypeThermometer</Name>
  <Definition>A device that reads and displays a temperature value at a point.</Definition>
  <Applicability/>
  <ApplicableClasses>
    <ClassName>IfcFlowInstrument/THERMOMETER</ClassName>
    <ClassName>IfcFlowInstrumentType/THERMOMETER</ClassName>
  </ApplicableClasses>
  <ApplicableTypeValue>IfcFlowInstrument/THERMOMETER,IfcFlowInstrumentType/THERMOMETER</ApplicableTypeValue>
  <PropertyDefs>
    <PropertyDef>
      <Name>ThermometerType</Name>
      <Definition>Identifies the means by which temperature is displayed.</Definition>
      <PropertyType>
        <TypePropertyEnumeratedValue>
          <EnumList name="PEnum_ThermometerType">
            <EnumItem>DIAL</EnumItem>
            <EnumItem>DIGITAL</EnumItem>
            <EnumItem>STEM</EnumItem>
            <EnumItem>OTHER</EnumItem>
            <EnumItem>NOTKNOWN</EnumItem>
            <EnumItem>UNSET</EnumItem>
          </EnumList>
        </TypePropertyEnumeratedValue>
      </PropertyType>
    </PropertyDef>
    <PropertyDef>
      <Name>DisplaySize</Name>
      <Definition>The physical size of the display.</Definition>
      <PropertyType>
        <TypePropertySingleValue>
          <DataType type="IfcPositiveLengthMeasure"/>
        </TypePropertySingleValue>
      </PropertyType>
    </PropertyDef>
  </PropertyDefs>
</PropertySetDef>
