<?xml version="1.0" ?>
<PropertySetDef templatetype="PSET_OCCURRENCEDRIVEN" xmlns:xsd="http://www.w3.org/2001/XMLSchema" xmlns:xsi="http://www.w3.org/2001/XMLSchema-instance" xsi:noNamespaceSchemaLocation="http://buildingSMART-tech.org/xml/psd/PSD_IFC4.xsd">
  <IfcVersion version="IFC4X3_TC1"/>
  <Name>Pset_DistributionBoardOccurrence</Name>
  <Definition>Properties that may be applied to electric distribution board occurrences.</Definition>
  <Applicability/>
  <ApplicableClasses>
    <ClassName>IfcElectricDistributionBoard</ClassName>
  </ApplicableClasses>
  <ApplicableTypeValue>IfcElectricDistributionBoard</ApplicableTypeValue>
  <PropertyDefs>
    <PropertyDef>
      <Name>IsMain</Name>
      <Definition>Identifies if the current instance is a main distribution point or topmost level in an electrical distribution hierarchy (= TRUE) or a sub-main distribution point (= FALSE).</Definition>
      <PropertyType>
        <TypePropertySingleValue>
          <DataType type="IfcBoolean"/>
        </TypePropertySingleValue>
      </PropertyType>
    </PropertyDef>
    <PropertyDef>
      <Name>IsSkilledOperator</Name>
      <Definition>Identifies if the current instance requires a skilled person or instructed person to perform operations on the distribution board (= TRUE) or whether operations may be performed by a person without appropriate skills or instruction (= FALSE).</Definition>
      <PropertyType>
        <TypePropertySingleValue>
          <DataType type="IfcBoolean"/>
        </TypePropertySingleValue>
      </PropertyType>
    </PropertyDef>
  </PropertyDefs>
</PropertySetDef>
