<?xml version="1.0" ?>
<PropertySetDef templatetype="PSET_PERFORMANCEDRIVEN" xmlns:xsd="http://www.w3.org/2001/XMLSchema" xmlns:xsi="http://www.w3.org/2001/XMLSchema-instance" xsi:noNamespaceSchemaLocation="http://buildingSMART-tech.org/xml/psd/PSD_IFC4.xsd">
  <IfcVersion version="IFC4X3"/>
  <Name>Pset_DuctSilencerPHistory</Name>
  <Definition>Duct silencer performance history common attributes.</Definition>
  <Applicability/>
  <ApplicableClasses>
    <ClassName>IfcDuctSilencer</ClassName>
  </ApplicableClasses>
  <ApplicableTypeValue>IfcDuctSilencer</ApplicableTypeValue>
  <PropertyDefs>
    <PropertyDef>
      <Name>AirFlowRate</Name>
      <Definition>Air flow rate.</Definition>
      <PropertyType>
        <TypePropertyReferenceValue reftype="IfcTimeSeries"/>
      </PropertyType>
    </PropertyDef>
    <PropertyDef>
      <Name>AirPressureDropCurve</Name>
      <Definition>Air pressure drop as a function of air flow rate.</Definition>
      <PropertyType>
        <TypePropertyReferenceValue reftype="IfcTimeSeries"/>
      </PropertyType>
    </PropertyDef>
  </PropertyDefs>
</PropertySetDef>
