<?xml version="1.0" ?>
<PropertySetDef templatetype="PSET_TYPEDRIVENOVERRIDE" xmlns:xsd="http://www.w3.org/2001/XMLSchema" xmlns:xsi="http://www.w3.org/2001/XMLSchema-instance" xsi:noNamespaceSchemaLocation="http://buildingSMART-tech.org/xml/psd/PSD_IFC4.xsd">
  <IfcVersion version="IFC4X3"/>
  <Name>Pset_MaintenanceTriggerCondition</Name>
  <Definition>Trigger levels for an asset that has an inspection-based maintenance strategy</Definition>
  <Applicability/>
  <ApplicableClasses>
    <ClassName>IfcAsset</ClassName>
    <ClassName>IfcElement</ClassName>
    <ClassName>IfcSystem</ClassName>
    <ClassName>IfcElementType</ClassName>
  </ApplicableClasses>
  <ApplicableTypeValue>IfcAsset,IfcElement,IfcSystem,IfcElementType</ApplicableTypeValue>
  <PropertyDefs>
    <PropertyDef>
      <Name>ConditionTargetPerformance</Name>
      <Definition>Target condition of the asset</Definition>
      <PropertyType>
        <TypePropertyEnumeratedValue>
          <EnumList name="PEnum_AssetRating">
            <EnumItem>HIGH</EnumItem>
            <EnumItem>LOW</EnumItem>
            <EnumItem>MODERATE</EnumItem>
            <EnumItem>VERYHIGH</EnumItem>
            <EnumItem>VERYLOW</EnumItem>
          </EnumList>
        </TypePropertyEnumeratedValue>
      </PropertyType>
    </PropertyDef>
    <PropertyDef>
      <Name>ConditionMaintenanceLevel</Name>
      <Definition>Condition that will trigger maintenance</Definition>
      <PropertyType>
        <TypePropertyEnumeratedValue>
          <EnumList name="PEnum_AssetRating">
            <EnumItem>HIGH</EnumItem>
            <EnumItem>LOW</EnumItem>
            <EnumItem>MODERATE</EnumItem>
            <EnumItem>VERYHIGH</EnumItem>
            <EnumItem>VERYLOW</EnumItem>
          </EnumList>
        </TypePropertyEnumeratedValue>
      </PropertyType>
    </PropertyDef>
    <PropertyDef>
      <Name>ConditionReplacementLevel</Name>
      <Definition>Condition that will trigger a replacement process</Definition>
      <PropertyType>
        <TypePropertyEnumeratedValue>
          <EnumList name="PEnum_AssetRating">
            <EnumItem>HIGH</EnumItem>
            <EnumItem>LOW</EnumItem>
            <EnumItem>MODERATE</EnumItem>
            <EnumItem>VERYHIGH</EnumItem>
            <EnumItem>VERYLOW</EnumItem>
          </EnumList>
        </TypePropertyEnumeratedValue>
      </PropertyType>
    </PropertyDef>
    <PropertyDef>
      <Name>ConditionDisposalLevel</Name>
      <Definition>Condition that will trigger a disposal process</Definition>
      <PropertyType>
        <TypePropertyEnumeratedValue>
          <EnumList name="PEnum_AssetRating">
            <EnumItem>HIGH</EnumItem>
            <EnumItem>LOW</EnumItem>
            <EnumItem>MODERATE</EnumItem>
            <EnumItem>VERYHIGH</EnumItem>
            <EnumItem>VERYLOW</EnumItem>
          </EnumList>
        </TypePropertyEnumeratedValue>
      </PropertyType>
    </PropertyDef>
  </PropertyDefs>
</PropertySetDef>
