<?xml version="1.0" ?>
<PropertySetDef templatetype="PSET_TYPEDRIVENOVERRIDE" xmlns:xsd="http://www.w3.org/2001/XMLSchema" xmlns:xsi="http://www.w3.org/2001/XMLSchema-instance" xsi:noNamespaceSchemaLocation="http://buildingSMART-tech.org/xml/psd/PSD_IFC4.xsd">
  <IfcVersion version="IFC4X3_ADD1"/>
  <Name>Pset_CableCarrierSegmentTypeDropper</Name>
  <Definition>Properties that are applicable to a type or an occurrence of dropper.</Definition>
  <Applicability/>
  <ApplicableClasses>
    <ClassName>IfcCableCarrierSegment/DROPPER</ClassName>
    <ClassName>IfcCableCarrierSegmentType/DROPPER</ClassName>
  </ApplicableClasses>
  <ApplicableTypeValue>IfcCableCarrierSegment/DROPPER,IfcCableCarrierSegmentType/DROPPER</ApplicableTypeValue>
  <PropertyDefs>
    <PropertyDef>
      <Name>CurrentCarryingCapacity</Name>
      <Definition>Maximum value of electric current which can be carried continuously by a conductor, a device or an apparatus, under specified conditions without its steady-state temperature exceeding a  specified value. Based on IEC60826-11-13. NOTE: The temperature specified value is maximum Design Ambient Temperature.</Definition>
      <PropertyType>
        <TypePropertySingleValue>
          <DataType type="IfcElectricCurrentMeasure"/>
        </TypePropertySingleValue>
      </PropertyType>
    </PropertyDef>
    <PropertyDef>
      <Name>TensileStrength</Name>
      <Definition>Indicates the ability to withstand breakage apart under applied force.</Definition>
      <PropertyType>
        <TypePropertySingleValue>
          <DataType type="IfcPressureMeasure"/>
        </TypePropertySingleValue>
      </PropertyType>
    </PropertyDef>
    <PropertyDef>
      <Name>AssemblyInstruction</Name>
      <Definition>Instructions to describe how the system / equipment / facility is assembled.</Definition>
      <PropertyType>
        <TypePropertyReferenceValue reftype="IfcExternalReference"/>
      </PropertyType>
    </PropertyDef>
    <PropertyDef>
      <Name>IsRigid</Name>
      <Definition>Indication of whether the conduit is rigid (= TRUE) or flexible (= FALSE).</Definition>
      <PropertyType>
        <TypePropertySingleValue>
          <DataType type="IfcBoolean"/>
        </TypePropertySingleValue>
      </PropertyType>
    </PropertyDef>
    <PropertyDef>
      <Name>UltimateTensileStrength</Name>
      <Definition>Indicates the maximum stress that a material or element can withstand before breaking while being stretched or pulled.</Definition>
      <PropertyType>
        <TypePropertySingleValue>
          <DataType type="IfcForceMeasure"/>
        </TypePropertySingleValue>
      </PropertyType>
    </PropertyDef>
    <PropertyDef>
      <Name>IsAdjustable</Name>
      <Definition>Indicates whether the element is adjustable or not.</Definition>
      <PropertyType>
        <TypePropertySingleValue>
          <DataType type="IfcBoolean"/>
        </TypePropertySingleValue>
      </PropertyType>
    </PropertyDef>
    <PropertyDef>
      <Name>IsCurrentCarrying</Name>
      <Definition>To indicate whether the current will go through the dropper.</Definition>
      <PropertyType>
        <TypePropertySingleValue>
          <DataType type="IfcBoolean"/>
        </TypePropertySingleValue>
      </PropertyType>
    </PropertyDef>
    <PropertyDef>
      <Name>NominalLoad</Name>
      <Definition>The nominal load that a component can support.</Definition>
      <PropertyType>
        <TypePropertySingleValue>
          <DataType type="IfcForceMeasure"/>
        </TypePropertySingleValue>
      </PropertyType>
    </PropertyDef>
  </PropertyDefs>
</PropertySetDef>
