<?xml version="1.0" ?>
<PropertySetDef templatetype="PSET_TYPEDRIVENOVERRIDE" xmlns:xsd="http://www.w3.org/2001/XMLSchema" xmlns:xsi="http://www.w3.org/2001/XMLSchema-instance" xsi:noNamespaceSchemaLocation="http://buildingSMART-tech.org/xml/psd/PSD_IFC4.xsd">
  <IfcVersion version="IFC4X3_ADD1"/>
  <Name>Pset_KerbCommon</Name>
  <Definition>Properties for a kerb.</Definition>
  <Applicability/>
  <ApplicableClasses>
    <ClassName>IfcKerb</ClassName>
    <ClassName>IfcKerbType</ClassName>
  </ApplicableClasses>
  <ApplicableTypeValue>IfcKerb,IfcKerbType</ApplicableTypeValue>
  <PropertyDefs>
    <PropertyDef>
      <Name>CombinedKerbGutter</Name>
      <Definition>Indicating  the use of a combined kerb and gutter.</Definition>
      <PropertyType>
        <TypePropertySingleValue>
          <DataType type="IfcBoolean"/>
        </TypePropertySingleValue>
      </PropertyType>
    </PropertyDef>
    <PropertyDef>
      <Name>Upstand</Name>
      <Definition>The height difference between the two separated surfaces.</Definition>
      <PropertyType>
        <TypePropertySingleValue>
          <DataType type="IfcNonNegativeLengthMeasure"/>
        </TypePropertySingleValue>
      </PropertyType>
    </PropertyDef>
    <PropertyDef>
      <Name>Mountable</Name>
      <Definition>Specifies whether the kerb can be readily climbed by a vehicle or not.</Definition>
      <PropertyType>
        <TypePropertySingleValue>
          <DataType type="IfcBoolean"/>
        </TypePropertySingleValue>
      </PropertyType>
    </PropertyDef>
  </PropertyDefs>
</PropertySetDef>
