<?xml version="1.0" ?>
<PropertySetDef templatetype="PSET_TYPEDRIVENOVERRIDE" xmlns:xsd="http://www.w3.org/2001/XMLSchema" xmlns:xsi="http://www.w3.org/2001/XMLSchema-instance" xsi:noNamespaceSchemaLocation="http://buildingSMART-tech.org/xml/psd/PSD_IFC4.xsd">
  <IfcVersion version="IFC4X3_ADD1"/>
  <Name>Pset_MemberTypeTieBar</Name>
  <Definition>Properties of tie bar. A tie bar is a linear bar element used to secure or stabilise a structure by resisting lateral and longitudinal loading through tension and or compression. usually formed by a solid bar.</Definition>
  <Applicability/>
  <ApplicableClasses>
    <ClassName>IfcMember/TIEBAR</ClassName>
    <ClassName>IfcMemberType/TIEBAR</ClassName>
  </ApplicableClasses>
  <ApplicableTypeValue>IfcMember/TIEBAR,IfcMemberType/TIEBAR</ApplicableTypeValue>
  <PropertyDefs>
    <PropertyDef>
      <Name>IsTemporaryInstallation</Name>
      <Definition>Indicates whether the installation (in the construction stage) is permanent (TRUE) or temporary (FALSE)</Definition>
      <PropertyType>
        <TypePropertySingleValue>
          <DataType type="IfcBoolean"/>
        </TypePropertySingleValue>
      </PropertyType>
    </PropertyDef>
  </PropertyDefs>
</PropertySetDef>
