<?xml version="1.0" ?>
<PropertySetDef templatetype="PSET_TYPEDRIVENOVERRIDE" xmlns:xsd="http://www.w3.org/2001/XMLSchema" xmlns:xsi="http://www.w3.org/2001/XMLSchema-instance" xsi:noNamespaceSchemaLocation="http://buildingSMART-tech.org/xml/psd/PSD_IFC4.xsd">
  <IfcVersion version="IFC4X3"/>
  <Name>Pset_ControllerTypeTwoPosition</Name>
  <Definition>Properties for signal handling for an analog controller taking disparate valued multiple inputs and creating a single valued binary output. HISTORY: In IFC4, extended properties to replace Pset_BinaryInput and Pset_BinaryOutput.</Definition>
  <Applicability/>
  <ApplicableClasses>
    <ClassName>IfcController/TWOPOSITION</ClassName>
    <ClassName>IfcControllerType/TWOPOSITION</ClassName>
  </ApplicableClasses>
  <ApplicableTypeValue>IfcController/TWOPOSITION,IfcControllerType/TWOPOSITION</ApplicableTypeValue>
  <PropertyDefs>
    <PropertyDef>
      <Name>ControlType</Name>
      <Definition>The type controller, signal modification effected and applicable ports</Definition>
      <PropertyType>
        <TypePropertyEnumeratedValue>
          <EnumList name="PEnum_ControllerTwoPositionType">
            <EnumItem>AND</EnumItem>
            <EnumItem>AVERAGE</EnumItem>
            <EnumItem>CALENDAR</EnumItem>
            <EnumItem>INPUT</EnumItem>
            <EnumItem>LOWERBANDSWITCH</EnumItem>
            <EnumItem>LOWERLIMITSWITCH</EnumItem>
            <EnumItem>NOT</EnumItem>
            <EnumItem>OR</EnumItem>
            <EnumItem>OUTPUT</EnumItem>
            <EnumItem>UPPERBANDSWITCH</EnumItem>
            <EnumItem>UPPERLIMITSWITCH</EnumItem>
            <EnumItem>VARIABLE</EnumItem>
            <EnumItem>XOR</EnumItem>
            <EnumItem>OTHER</EnumItem>
            <EnumItem>NOTKNOWN</EnumItem>
            <EnumItem>UNSET</EnumItem>
          </EnumList>
        </TypePropertyEnumeratedValue>
      </PropertyType>
    </PropertyDef>
    <PropertyDef>
      <Name>Labels</Name>
      <Definition>Table mapping values to labels, where such labels indicate the meanings of True and False, such as 'Open' and 'Closed'</Definition>
      <PropertyType>
        <TypePropertyTableValue>
          <Expression/>
          <DefiningValue>
            <DataType type="IfcBoolean"/>
          </DefiningValue>
          <DefinedValue>
            <DataType type="IfcLabel"/>
          </DefinedValue>
        </TypePropertyTableValue>
      </PropertyType>
    </PropertyDef>
    <PropertyDef>
      <Name>Polarity</Name>
      <Definition>True indicates normal polarity; False indicates reverse polarity.</Definition>
      <PropertyType>
        <TypePropertySingleValue>
          <DataType type="IfcBoolean"/>
        </TypePropertySingleValue>
      </PropertyType>
    </PropertyDef>
    <PropertyDef>
      <Name>Value</Name>
      <Definition>The expected range and default value.</Definition>
      <PropertyType>
        <TypePropertySingleValue>
          <DataType type="IfcBoolean"/>
        </TypePropertySingleValue>
      </PropertyType>
    </PropertyDef>
  </PropertyDefs>
</PropertySetDef>
