<?xml version="1.0" ?>
<PropertySetDef templatetype="PSET_MATERIALDRIVEN" xmlns:xsd="http://www.w3.org/2001/XMLSchema" xmlns:xsi="http://www.w3.org/2001/XMLSchema-instance" xsi:noNamespaceSchemaLocation="http://buildingSMART-tech.org/xml/psd/PSD_IFC4.xsd">
  <IfcVersion version="IFC4X3_ADD1"/>
  <Name>Pset_MaterialFuel</Name>
  <Definition>A set of extended material properties of fuel energy typically used within the context of building services and flow distribution systems.</Definition>
  <Applicability/>
  <ApplicableClasses>
    <ClassName>IfcMaterial</ClassName>
  </ApplicableClasses>
  <ApplicableTypeValue>IfcMaterial</ApplicableTypeValue>
  <PropertyDefs>
    <PropertyDef>
      <Name>CombustionTemperature</Name>
      <Definition>Combustion temperature.

Combustion temperature of the material when air is at 298 K and 100 kPa.</Definition>
      <PropertyType>
        <TypePropertySingleValue>
          <DataType type="IfcThermodynamicTemperatureMeasure"/>
        </TypePropertySingleValue>
      </PropertyType>
    </PropertyDef>
    <PropertyDef>
      <Name>CarbonContent</Name>
      <Definition>The carbon content in the fuel. This is measured in weight of carbon per unit weight of fuel and is therefore unitless.</Definition>
      <PropertyType>
        <TypePropertySingleValue>
          <DataType type="IfcPositiveRatioMeasure"/>
        </TypePropertySingleValue>
      </PropertyType>
    </PropertyDef>
    <PropertyDef>
      <Name>LowerHeatingValue</Name>
      <Definition>Lower Heating Value is defined as the amount of energy released (MJ/kg) when a fuel is burned completely, and H2O is in vapor form in the combustion products.</Definition>
      <PropertyType>
        <TypePropertySingleValue>
          <DataType type="IfcHeatingValueMeasure"/>
        </TypePropertySingleValue>
      </PropertyType>
    </PropertyDef>
    <PropertyDef>
      <Name>HigherHeatingValue</Name>
      <Definition>Higher Heating Value is defined as the amount of energy released (MJ/kg) when a fuel is burned completely, and H2O is in liquid form in the combustion products.</Definition>
      <PropertyType>
        <TypePropertySingleValue>
          <DataType type="IfcHeatingValueMeasure"/>
        </TypePropertySingleValue>
      </PropertyType>
    </PropertyDef>
  </PropertyDefs>
</PropertySetDef>
