<?xml version="1.0" ?>
<PropertySetDef templatetype="PSET_TYPEDRIVENOVERRIDE" xmlns:xsd="http://www.w3.org/2001/XMLSchema" xmlns:xsi="http://www.w3.org/2001/XMLSchema-instance" xsi:noNamespaceSchemaLocation="http://buildingSMART-tech.org/xml/psd/PSD_IFC4.xsd">
  <IfcVersion version="IFC4X3"/>
  <Name>Pset_ProtectiveDeviceTrippingFunctionLCurve</Name>
  <Definition>Tripping functions are applied to electronic tripping units (i.e. tripping units having type property sets for electronic tripping defined). They are not applied to thermal, thermal magnetic or RCD tripping units.
This property set represent the long time protection (L-curve) of an electronic protection device</Definition>
  <Applicability/>
  <ApplicableClasses>
    <ClassName>IfcProtectiveDeviceTrippingUnit</ClassName>
    <ClassName>IfcProtectiveDeviceTrippingUnitType</ClassName>
  </ApplicableClasses>
  <ApplicableTypeValue>IfcProtectiveDeviceTrippingUnit,IfcProtectiveDeviceTrippingUnitType</ApplicableTypeValue>
  <PropertyDefs>
    <PropertyDef>
      <Name>IsSelectable</Name>
      <Definition>Indication whether something can be switched off or not.</Definition>
      <PropertyType>
        <TypePropertySingleValue>
          <DataType type="IfcBoolean"/>
        </TypePropertySingleValue>
      </PropertyType>
    </PropertyDef>
    <PropertyDef>
      <Name>UpperCurrent1</Name>
      <Definition>The current in [x In], indicating that for currents larger than UpperCurrent1 the I2t part of the L-function will trip the current.</Definition>
      <PropertyType>
        <TypePropertySingleValue>
          <DataType type="IfcElectricCurrentMeasure"/>
        </TypePropertySingleValue>
      </PropertyType>
    </PropertyDef>
    <PropertyDef>
      <Name>UpperCurrent2</Name>
      <Definition>The current in [x In], indicating the upper current limit of the upper time/current curve of the I2t part of the L-function.</Definition>
      <PropertyType>
        <TypePropertySingleValue>
          <DataType type="IfcElectricCurrentMeasure"/>
        </TypePropertySingleValue>
      </PropertyType>
    </PropertyDef>
    <PropertyDef>
      <Name>UpperTime1</Name>
      <Definition>The time in [s], indicating that tripping times of the upper time/current curve lower than UpperTime1 is determined by the I2t part of the L-function.</Definition>
      <PropertyType>
        <TypePropertySingleValue>
          <DataType type="IfcTimeMeasure"/>
        </TypePropertySingleValue>
      </PropertyType>
    </PropertyDef>
    <PropertyDef>
      <Name>UpperTime2</Name>
      <Definition>The time in [s], indicating the tripping times of the upper time/current curve at the UpperCurrent2.</Definition>
      <PropertyType>
        <TypePropertySingleValue>
          <DataType type="IfcTimeMeasure"/>
        </TypePropertySingleValue>
      </PropertyType>
    </PropertyDef>
    <PropertyDef>
      <Name>LowerCurrent1</Name>
      <Definition>The current in [x In], indicating that for currents smaller than LowerCurrent1 the I2t part of the L-function will not trip the current,</Definition>
      <PropertyType>
        <TypePropertySingleValue>
          <DataType type="IfcElectricCurrentMeasure"/>
        </TypePropertySingleValue>
      </PropertyType>
    </PropertyDef>
    <PropertyDef>
      <Name>LowerCurrent2</Name>
      <Definition>The current in [x In], indicating the upper current limit of the lower time/current curve of the I2t part of the L-function.</Definition>
      <PropertyType>
        <TypePropertySingleValue>
          <DataType type="IfcElectricCurrentMeasure"/>
        </TypePropertySingleValue>
      </PropertyType>
    </PropertyDef>
    <PropertyDef>
      <Name>LowerTime1</Name>
      <Definition>The time in [s], indicating that tripping times of the lower time/current curve lower than LowerTime1 is determined by the I2t part of the L-function.</Definition>
      <PropertyType>
        <TypePropertySingleValue>
          <DataType type="IfcTimeMeasure"/>
        </TypePropertySingleValue>
      </PropertyType>
    </PropertyDef>
    <PropertyDef>
      <Name>LowerTime2</Name>
      <Definition>The time in [s], indicating the tripping times of the upper time/current curve at the LowerCurrent2.</Definition>
      <PropertyType>
        <TypePropertySingleValue>
          <DataType type="IfcTimeMeasure"/>
        </TypePropertySingleValue>
      </PropertyType>
    </PropertyDef>
  </PropertyDefs>
</PropertySetDef>
