<?xml version="1.0" ?>
<PropertySetDef templatetype="PSET_TYPEDRIVENOVERRIDE" xmlns:xsd="http://www.w3.org/2001/XMLSchema" xmlns:xsi="http://www.w3.org/2001/XMLSchema-instance" xsi:noNamespaceSchemaLocation="http://buildingSMART-tech.org/xml/psd/PSD_IFC4.xsd">
  <IfcVersion version="IFC4X3_TC1"/>
  <Name>Pset_ElectricalFeederLine</Name>
  <Definition>Properties of conductors used as feeder line. This property set is applicable to a type or occurrence of IfcCableSegment with predefined type CONDUCTORSEGMENT.</Definition>
  <Applicability/>
  <ApplicableClasses>
    <ClassName>IfcCableSegment/CONDUCTORSEGMENT</ClassName>
    <ClassName>IfcCableSegmentType/CONDUCTORSEGMENT</ClassName>
  </ApplicableClasses>
  <ApplicableTypeValue>IfcCableSegment/CONDUCTORSEGMENT,IfcCableSegmentType/CONDUCTORSEGMENT</ApplicableTypeValue>
  <PropertyDefs>
    <PropertyDef>
      <Name>CurrentCarryingCapacity</Name>
      <Definition>Maximum value of electric current which can be carried continuously by a conductor, a device or an apparatus, under specified conditions without its steady-state temperature exceeding a  specified value. Based on IEC60826-11-13. NOTE: The temperature specified value is maximum Design Ambient Temperature.</Definition>
      <PropertyType>
        <TypePropertySingleValue>
          <DataType type="IfcElectricCurrentMeasure"/>
        </TypePropertySingleValue>
      </PropertyType>
    </PropertyDef>
    <PropertyDef>
      <Name>DesignAmbientTemperature</Name>
      <Definition>The highest and lowest local ambient temperature likely to be encountered.</Definition>
      <PropertyType>
        <TypePropertyBoundedValue>
          <DataType type="IfcThermodynamicTemperatureMeasure"/>
        </TypePropertyBoundedValue>
      </PropertyType>
    </PropertyDef>
    <PropertyDef>
      <Name>ElectricalClearanceDistance</Name>
      <Definition>The distance between two conductive parts along a string stretched the shortest way between these conductive parts. (IEV ref 441-17-31)</Definition>
      <PropertyType>
        <TypePropertySingleValue>
          <DataType type="IfcPositiveLengthMeasure"/>
        </TypePropertySingleValue>
      </PropertyType>
    </PropertyDef>
    <PropertyDef>
      <Name>ElectricalFeederType</Name>
      <Definition>Type of electrical feeder.</Definition>
      <PropertyType>
        <TypePropertyEnumeratedValue>
          <EnumList name="PEnum_ElectricalFeederType">
            <EnumItem>ALONGTRACKFEEDER</EnumItem>
            <EnumItem>BYPASSFEEDER</EnumItem>
            <EnumItem>NEGATIVEFEEDER</EnumItem>
            <EnumItem>POSITIVEFEEDER</EnumItem>
            <EnumItem>REINFORCINGFEEDER</EnumItem>
            <EnumItem>OTHER</EnumItem>
            <EnumItem>NOTKNOWN</EnumItem>
            <EnumItem>UNSET</EnumItem>
          </EnumList>
        </TypePropertyEnumeratedValue>
      </PropertyType>
    </PropertyDef>
  </PropertyDefs>
</PropertySetDef>
