<?xml version="1.0" ?>
<PropertySetDef templatetype="PSET_TYPEDRIVENOVERRIDE" xmlns:xsd="http://www.w3.org/2001/XMLSchema" xmlns:xsi="http://www.w3.org/2001/XMLSchema-instance" xsi:noNamespaceSchemaLocation="http://buildingSMART-tech.org/xml/psd/PSD_IFC4.xsd">
  <IfcVersion version="IFC4X3_ADD1"/>
  <Name>Pset_PrecastConcreteElementGeneral</Name>
  <Definition>Production and manufacturing related properties common to different types of precast concrete elements. The Pset can be used by a number of subtypes of IfcBuildingElement. If the precast concrete element is a sandwich wall panel each structural layer or shell represented by an IfcBuildingElementPart may be attached to a separate Pset of this type, if needed. Some of the properties apply only for specific types of precast concrete elements.</Definition>
  <Applicability/>
  <ApplicableClasses>
    <ClassName>IfcBeam</ClassName>
    <ClassName>IfcBuildingElementProxy</ClassName>
    <ClassName>IfcChimney</ClassName>
    <ClassName>IfcCivilElement</ClassName>
    <ClassName>IfcColumn</ClassName>
    <ClassName>IfcFooting</ClassName>
    <ClassName>IfcMember</ClassName>
    <ClassName>IfcPile</ClassName>
    <ClassName>IfcPlate</ClassName>
    <ClassName>IfcRampFlight</ClassName>
    <ClassName>IfcRamp</ClassName>
    <ClassName>IfcRoof</ClassName>
    <ClassName>IfcSlab</ClassName>
    <ClassName>IfcStairFlight</ClassName>
    <ClassName>IfcStair</ClassName>
    <ClassName>IfcWall</ClassName>
    <ClassName>IfcBeamType</ClassName>
    <ClassName>IfcBuildingElementProxyType</ClassName>
    <ClassName>IfcChimneyType</ClassName>
    <ClassName>IfcCivilElementType</ClassName>
    <ClassName>IfcColumnType</ClassName>
    <ClassName>IfcFootingType</ClassName>
    <ClassName>IfcMemberType</ClassName>
    <ClassName>IfcPileType</ClassName>
    <ClassName>IfcPlateType</ClassName>
    <ClassName>IfcRampFlightType</ClassName>
    <ClassName>IfcRampType</ClassName>
    <ClassName>IfcRoofType</ClassName>
    <ClassName>IfcSlabType</ClassName>
    <ClassName>IfcStairFlightType</ClassName>
    <ClassName>IfcStairType</ClassName>
    <ClassName>IfcWallType</ClassName>
  </ApplicableClasses>
  <ApplicableTypeValue>IfcBeam,IfcBuildingElementProxy,IfcChimney,IfcCivilElement,IfcColumn,IfcFooting,IfcMember,IfcPile,IfcPlate,IfcRampFlight,IfcRamp,IfcRoof,IfcSlab,IfcStairFlight,IfcStair,IfcWall,IfcBeamType,IfcBuildingElementProxyType,IfcChimneyType,IfcCivilElementType,IfcColumnType,IfcFootingType,IfcMemberType,IfcPileType,IfcPlateType,IfcRampFlightType,IfcRampType,IfcRoofType,IfcSlabType,IfcStairFlightType,IfcStairType,IfcWallType</ApplicableTypeValue>
  <PropertyDefs>
    <PropertyDef>
      <Name>TypeDesignation</Name>
      <Definition>Type designator for the element. The content depends on local standards. Eg. 'Bull nose', 'Half batter', 'Dropper', 'Chamfer' etc</Definition>
      <PropertyType>
        <TypePropertySingleValue>
          <DataType type="IfcLabel"/>
        </TypePropertySingleValue>
      </PropertyType>
    </PropertyDef>
    <PropertyDef>
      <Name>CornerChamfer</Name>
      <Definition>The chamfer in the corners of the precast element. The chamfer is presumed to be equal in both directions.</Definition>
      <PropertyType>
        <TypePropertySingleValue>
          <DataType type="IfcPositiveLengthMeasure"/>
        </TypePropertySingleValue>
      </PropertyType>
    </PropertyDef>
    <PropertyDef>
      <Name>ManufacturingToleranceClass</Name>
      <Definition>Classification designation of the manufacturing tolerances according to local standards.</Definition>
      <PropertyType>
        <TypePropertySingleValue>
          <DataType type="IfcLabel"/>
        </TypePropertySingleValue>
      </PropertyType>
    </PropertyDef>
    <PropertyDef>
      <Name>FormStrippingStrength</Name>
      <Definition>The minimum required compressive strength of the concrete at form stripping time.</Definition>
      <PropertyType>
        <TypePropertySingleValue>
          <DataType type="IfcPressureMeasure"/>
        </TypePropertySingleValue>
      </PropertyType>
    </PropertyDef>
    <PropertyDef>
      <Name>LiftingStrength</Name>
      <Definition>The minimum required compressive strength of the concrete when the concrete element is lifted.</Definition>
      <PropertyType>
        <TypePropertySingleValue>
          <DataType type="IfcPressureMeasure"/>
        </TypePropertySingleValue>
      </PropertyType>
    </PropertyDef>
    <PropertyDef>
      <Name>ReleaseStrength</Name>
      <Definition>The minimum required compressive strength of the concrete when the tendon stress is released. This property applies to prestressed concrete elements only.</Definition>
      <PropertyType>
        <TypePropertySingleValue>
          <DataType type="IfcPressureMeasure"/>
        </TypePropertySingleValue>
      </PropertyType>
    </PropertyDef>
    <PropertyDef>
      <Name>MinimumAllowableSupportLength</Name>
      <Definition>The minimum allowable support length.</Definition>
      <PropertyType>
        <TypePropertySingleValue>
          <DataType type="IfcPositiveLengthMeasure"/>
        </TypePropertySingleValue>
      </PropertyType>
    </PropertyDef>
    <PropertyDef>
      <Name>InitialTension</Name>
      <Definition>The initial stress of the tendon. This property applies to prestressed concrete elements only.</Definition>
      <PropertyType>
        <TypePropertySingleValue>
          <DataType type="IfcPressureMeasure"/>
        </TypePropertySingleValue>
      </PropertyType>
    </PropertyDef>
    <PropertyDef>
      <Name>TendonRelaxation</Name>
      <Definition>The maximum allowable relaxation of the tendon (usually expressed as %/1000 h).This property applies to prestressed concrete elements only.</Definition>
      <PropertyType>
        <TypePropertySingleValue>
          <DataType type="IfcPositiveRatioMeasure"/>
        </TypePropertySingleValue>
      </PropertyType>
    </PropertyDef>
    <PropertyDef>
      <Name>TransportationStrength</Name>
      <Definition>The minimum required compressive strength of the concrete required for transportation.</Definition>
      <PropertyType>
        <TypePropertySingleValue>
          <DataType type="IfcPressureMeasure"/>
        </TypePropertySingleValue>
      </PropertyType>
    </PropertyDef>
    <PropertyDef>
      <Name>SupportDuringTransportDescription</Name>
      <Definition>Textual description of how the concrete element is supported during transportation.</Definition>
      <PropertyType>
        <TypePropertySingleValue>
          <DataType type="IfcText"/>
        </TypePropertySingleValue>
      </PropertyType>
    </PropertyDef>
    <PropertyDef>
      <Name>SupportDuringTransportDocReference</Name>
      <Definition>Reference to an external document defining how the concrete element is supported during transportation.</Definition>
      <PropertyType>
        <TypePropertyReferenceValue reftype="IfcExternalReference"/>
      </PropertyType>
    </PropertyDef>
    <PropertyDef>
      <Name>HollowCorePlugging</Name>
      <Definition>A descriptive label for how the hollow core ends are treated: they may be left open, closed with a plug, or sealed with cast concrete. Values would be, for example: 'Unplugged', 'Plugged', 'SealedWithConcrete'. This property applies to  hollow core slabs only.</Definition>
      <PropertyType>
        <TypePropertySingleValue>
          <DataType type="IfcLabel"/>
        </TypePropertySingleValue>
      </PropertyType>
    </PropertyDef>
    <PropertyDef>
      <Name>CamberAtMidspan</Name>
      <Definition>The camber deflection, measured from the midpoint of a cambered face of a piece to the midpoint of the chord joining the ends of the same face, as shown in the figure below, divided by the original (nominal) straight length of the face of the piece.</Definition>
      <PropertyType>
        <TypePropertySingleValue>
          <DataType type="IfcRatioMeasure"/>
        </TypePropertySingleValue>
      </PropertyType>
    </PropertyDef>
    <PropertyDef>
      <Name>BatterAtStart</Name>
      <Definition>The angle, in radians, by which the formwork at the starting face of a piece is to be rotated from the vertical in order to compensate for the rotation of the face that will occur once the piece is stripped from its form, inducing camber due to eccentric prestressing.</Definition>
      <PropertyType>
        <TypePropertySingleValue>
          <DataType type="IfcPlaneAngleMeasure"/>
        </TypePropertySingleValue>
      </PropertyType>
    </PropertyDef>
    <PropertyDef>
      <Name>BatterAtEnd</Name>
      <Definition>The angle, in radians, by which the formwork at the ending face of a piece is to be rotated from the vertical in order to compensate for the rotation of the face that will occur once the piece is stripped from its form, inducing camber due to eccentric prestressing.</Definition>
      <PropertyType>
        <TypePropertySingleValue>
          <DataType type="IfcPlaneAngleMeasure"/>
        </TypePropertySingleValue>
      </PropertyType>
    </PropertyDef>
    <PropertyDef>
      <Name>Twisting</Name>
      <Definition>The angle, in radians, through which the end face of a precast piece is rotated with respect to its starting face, along its longitudinal axis, as a result of non-aligned supports. This measure is also termed the ‘warping’ angle.</Definition>
      <PropertyType>
        <TypePropertySingleValue>
          <DataType type="IfcPlaneAngleMeasure"/>
        </TypePropertySingleValue>
      </PropertyType>
    </PropertyDef>
    <PropertyDef>
      <Name>Shortening</Name>
      <Definition>The ratio of the distance by which a precast piece is shortened after release from its form (due to compression induced by prestressing) to its original (nominal) length.</Definition>
      <PropertyType>
        <TypePropertySingleValue>
          <DataType type="IfcRatioMeasure"/>
        </TypePropertySingleValue>
      </PropertyType>
    </PropertyDef>
    <PropertyDef>
      <Name>PieceMark</Name>
      <Definition>Defines a unique piece for production purposes. All pieces with the same piece mark value are identical and interchangeable. The piece mark may be composed of sub-parts that have specific locally defined meaning (e.g. B-1A may denote a beam, of generic type ‘1’ and specific shape ‘A’).</Definition>
      <PropertyType>
        <TypePropertySingleValue>
          <DataType type="IfcLabel"/>
        </TypePropertySingleValue>
      </PropertyType>
    </PropertyDef>
    <PropertyDef>
      <Name>DesignLocationNumber</Name>
      <Definition>Defines a unique location within a structure, the ‘slot’ for which the piece was designed.</Definition>
      <PropertyType>
        <TypePropertySingleValue>
          <DataType type="IfcLabel"/>
        </TypePropertySingleValue>
      </PropertyType>
    </PropertyDef>
  </PropertyDefs>
</PropertySetDef>
