<?xml version="1.0" ?>
<PropertySetDef templatetype="PSET_OCCURRENCEDRIVEN" xmlns:xsd="http://www.w3.org/2001/XMLSchema" xmlns:xsi="http://www.w3.org/2001/XMLSchema-instance" xsi:noNamespaceSchemaLocation="http://buildingSMART-tech.org/xml/psd/PSD_IFC4.xsd">
  <IfcVersion version="IFC4X3_ADD1"/>
  <Name>Pset_DistributionPortTypeCable</Name>
  <Definition>Cable port occurrence attributes attached to an instance of IfcDistributionPort.</Definition>
  <Applicability/>
  <ApplicableClasses>
    <ClassName>IfcDistributionPort/CABLE</ClassName>
  </ApplicableClasses>
  <ApplicableTypeValue>IfcDistributionPort/CABLE</ApplicableTypeValue>
  <PropertyDefs>
    <PropertyDef>
      <Name>ElectricalConnectionType</Name>
      <Definition>The physical port connection:ACPLUG: AC plug
DCPLUG: DC plug
CRIMP: bare wire</Definition>
      <PropertyType>
        <TypePropertyEnumeratedValue>
          <EnumList name="PEnum_DistributionPortElectricalType">
            <EnumItem>ACPLUG</EnumItem>
            <EnumItem>COAXIAL</EnumItem>
            <EnumItem>CRIMP</EnumItem>
            <EnumItem>DCPLUG</EnumItem>
            <EnumItem>DIN</EnumItem>
            <EnumItem>DSUB</EnumItem>
            <EnumItem>DVI</EnumItem>
            <EnumItem>EIAJ</EnumItem>
            <EnumItem>HDMI</EnumItem>
            <EnumItem>RADIO</EnumItem>
            <EnumItem>RCA</EnumItem>
            <EnumItem>RJ</EnumItem>
            <EnumItem>SOCKET</EnumItem>
            <EnumItem>TRS</EnumItem>
            <EnumItem>USB</EnumItem>
            <EnumItem>XLR</EnumItem>
            <EnumItem>OTHER</EnumItem>
            <EnumItem>NOTKNOWN</EnumItem>
            <EnumItem>UNSET</EnumItem>
          </EnumList>
        </TypePropertyEnumeratedValue>
      </PropertyType>
    </PropertyDef>
    <PropertyDef>
      <Name>ConnectionSubtype</Name>
      <Definition>The physical port connection subtype that further qualifies the ConnectionType. The following values are recommended:ACPLUG: A, B, C, D, E, F, EF, G, H, I, J, K, L, M
DIN: Mini3P, Mini4P, Mini5P, Mini6P, Mini7P, Mini8P, Mini9P
DSub: DA15, DB25, DC37, DD50, DE9, DE15
EIAJ: RC5720
HDMI: A, B, C
RADIO: IEEE802.11g, IEEE802.11n
RJ: 4P4C, 6P2C, 8P8C
SOCKET: E-11, E-12, E-14, E-17, E-26, E-27, E-39, E-40
TRS: TS_Mini, TS_SubMini, TRS_Mini, TRS_SubMini</Definition>
      <PropertyType>
        <TypePropertySingleValue>
          <DataType type="IfcLabel"/>
        </TypePropertySingleValue>
      </PropertyType>
    </PropertyDef>
    <PropertyDef>
      <Name>ConnectionGender</Name>
      <Definition>The physical connection gender.</Definition>
      <PropertyType>
        <TypePropertyEnumeratedValue>
          <EnumList name="PEnum_DistributionPortGender">
            <EnumItem>FEMALE</EnumItem>
            <EnumItem>MALE</EnumItem>
            <EnumItem>OTHER</EnumItem>
            <EnumItem>NOTKNOWN</EnumItem>
            <EnumItem>UNSET</EnumItem>
          </EnumList>
        </TypePropertyEnumeratedValue>
      </PropertyType>
    </PropertyDef>
    <PropertyDef>
      <Name>ConductorFunction</Name>
      <Definition>Indicates function of the conductors to which the load is connected. Where L1, L2 and L3 represent the phase lines according to IEC 60446 notation (sometimes phase lines may be referenced by color [Red, Blue, Yellow] or by number [1, 2, 3] etc). Protective Earth is sometimes also known as CPC or common protective conductor. Note that for an electrical device, a set of line conductor functions may be applied.</Definition>
      <PropertyType>
        <TypePropertyEnumeratedValue>
          <EnumList name="PEnum_ConductorFunctionEnum">
            <EnumItem>NEUTRAL</EnumItem>
            <EnumItem>PHASE_L1</EnumItem>
            <EnumItem>PHASE_L2</EnumItem>
            <EnumItem>PHASE_L3</EnumItem>
            <EnumItem>PROTECTIVEEARTH</EnumItem>
            <EnumItem>PROTECTIVEEARTHNEUTRAL</EnumItem>
            <EnumItem>OTHER</EnumItem>
            <EnumItem>NOTKNOWN</EnumItem>
            <EnumItem>UNSET</EnumItem>
          </EnumList>
        </TypePropertyEnumeratedValue>
      </PropertyType>
    </PropertyDef>
    <PropertyDef>
      <Name>CurrentContent3rdHarmonic</Name>
      <Definition>The ratio between the third harmonic current and the phase current.</Definition>
      <PropertyType>
        <TypePropertySingleValue>
          <DataType type="IfcPositiveRatioMeasure"/>
        </TypePropertySingleValue>
      </PropertyType>
    </PropertyDef>
    <PropertyDef>
      <Name>Current</Name>
      <Definition>The actual current and operable range.</Definition>
      <PropertyType>
        <TypePropertyBoundedValue>
          <DataType type="IfcElectricCurrentMeasure"/>
        </TypePropertyBoundedValue>
      </PropertyType>
    </PropertyDef>
    <PropertyDef>
      <Name>Voltage</Name>
      <Definition>The actual voltage and operable range.</Definition>
      <PropertyType>
        <TypePropertyBoundedValue>
          <DataType type="IfcElectricVoltageMeasure"/>
        </TypePropertyBoundedValue>
      </PropertyType>
    </PropertyDef>
    <PropertyDef>
      <Name>Power</Name>
      <Definition>The actual power and operable range.</Definition>
      <PropertyType>
        <TypePropertyBoundedValue>
          <DataType type="IfcPowerMeasure"/>
        </TypePropertyBoundedValue>
      </PropertyType>
    </PropertyDef>
    <PropertyDef>
      <Name>Protocols</Name>
      <Definition>For data ports, identifies the protocols used as defined by the Open System Interconnection (OSI) Basic Reference Model (ISO 7498).  Layers include: 1. Physical; 2. DataLink; 3. Network; 4. Transport; 5. Session; 6. Presentation; 7. Application.  Example: 3:IP, 4:TCP, 5:HTTP</Definition>
      <PropertyType>
        <TypePropertyListValue>
          <ListValue>
            <DataType type="IfcIdentifier"/>
          </ListValue>
        </TypePropertyListValue>
      </PropertyType>
    </PropertyDef>
    <PropertyDef>
      <Name>HasConnector</Name>
      <Definition>Indicate whether the wire pair end point is terminated with a connector or not.</Definition>
      <PropertyType>
        <TypePropertySingleValue>
          <DataType type="IfcBoolean"/>
        </TypePropertySingleValue>
      </PropertyType>
    </PropertyDef>
    <PropertyDef>
      <Name>IsWelded</Name>
      <Definition>Indicates whether the wire pair end point is joined to another wire pair end point by means of a welded junction.</Definition>
      <PropertyType>
        <TypePropertySingleValue>
          <DataType type="IfcBoolean"/>
        </TypePropertySingleValue>
      </PropertyType>
    </PropertyDef>
  </PropertyDefs>
</PropertySetDef>
