<?xml version="1.0" ?>
<PropertySetDef templatetype="PSET_TYPEDRIVENOVERRIDE" xmlns:xsd="http://www.w3.org/2001/XMLSchema" xmlns:xsi="http://www.w3.org/2001/XMLSchema-instance" xsi:noNamespaceSchemaLocation="http://buildingSMART-tech.org/xml/psd/PSD_IFC4.xsd">
  <IfcVersion version="IFC4X3"/>
  <Name>Pset_RadiiKerbStone</Name>
  <Definition>Properties describing the keb stone radii.</Definition>
  <Applicability/>
  <ApplicableClasses>
    <ClassName>IfcKerb</ClassName>
    <ClassName>IfcKerbType</ClassName>
  </ApplicableClasses>
  <ApplicableTypeValue>IfcKerb,IfcKerbType</ApplicableTypeValue>
  <PropertyDefs>
    <PropertyDef>
      <Name>CurveShape</Name>
      <Definition>Shape according to CurveShapeEnum</Definition>
      <PropertyType>
        <TypePropertyEnumeratedValue>
          <EnumList name="PEnum_CurveShapeEnum">
            <EnumItem>EXTERNAL</EnumItem>
            <EnumItem>INTERNAL</EnumItem>
          </EnumList>
        </TypePropertyEnumeratedValue>
      </PropertyType>
    </PropertyDef>
    <PropertyDef>
      <Name>Radius</Name>
      <Definition>The radius of the object. The size information is provided in addition to the shape representation and the geometric parameters used within. In cases of inconsistency between the geometric parameters and the size properties, provided in the attached property set, the geometric parameters take precedence.</Definition>
      <PropertyType>
        <TypePropertySingleValue>
          <DataType type="IfcPositiveLengthMeasure"/>
        </TypePropertySingleValue>
      </PropertyType>
    </PropertyDef>
  </PropertyDefs>
</PropertySetDef>
