<?xml version="1.0" ?>
<PropertySetDef templatetype="PSET_TYPEDRIVENOVERRIDE" xmlns:xsd="http://www.w3.org/2001/XMLSchema" xmlns:xsi="http://www.w3.org/2001/XMLSchema-instance" xsi:noNamespaceSchemaLocation="http://buildingSMART-tech.org/xml/psd/PSD_IFC4.xsd">
  <IfcVersion version="IFC4X3_ADD1"/>
  <Name>Pset_MemberTypeOCSRigidSupport</Name>
  <Definition>Properties of rigid catenary support used in railway overhead contact system.</Definition>
  <Applicability/>
  <ApplicableClasses>
    <ClassName>IfcMember/MEMBER</ClassName>
    <ClassName>IfcMemberType/MEMBER</ClassName>
  </ApplicableClasses>
  <ApplicableTypeValue>IfcMember/MEMBER,IfcMemberType/MEMBER</ApplicableTypeValue>
  <PropertyDefs>
    <PropertyDef>
      <Name>AssemblyInstruction</Name>
      <Definition>Instructions to describe how the system / equipment / facility is assembled.</Definition>
      <PropertyType>
        <TypePropertyReferenceValue reftype="IfcExternalReference"/>
      </PropertyType>
    </PropertyDef>
    <PropertyDef>
      <Name>ContactWireStagger</Name>
      <Definition>Lateral displacement of the contact wire to opposite sides of the track centre at successive supports.</Definition>
      <PropertyType>
        <TypePropertySingleValue>
          <DataType type="IfcPositiveLengthMeasure"/>
        </TypePropertySingleValue>
      </PropertyType>
    </PropertyDef>
  </PropertyDefs>
</PropertySetDef>
