<?xml version="1.0" ?>
<PropertySetDef templatetype="PSET_TYPEDRIVENOVERRIDE" xmlns:xsd="http://www.w3.org/2001/XMLSchema" xmlns:xsi="http://www.w3.org/2001/XMLSchema-instance" xsi:noNamespaceSchemaLocation="http://buildingSMART-tech.org/xml/psd/PSD_IFC4.xsd">
  <IfcVersion version="IFC4X3_ADD1"/>
  <Name>Pset_ControllerTypeMultiPosition</Name>
  <Definition>Properties for discrete inputs, outputs, and values within a programmable logic controller. HISTORY: New in IFC4, replaces Pset_MultiStateInput and Pset_MultiStateOutput.</Definition>
  <Applicability/>
  <ApplicableClasses>
    <ClassName>IfcController/MULTIPOSITION</ClassName>
    <ClassName>IfcControllerType/MULTIPOSITION</ClassName>
  </ApplicableClasses>
  <ApplicableTypeValue>IfcController/MULTIPOSITION,IfcControllerType/MULTIPOSITION</ApplicableTypeValue>
  <PropertyDefs>
    <PropertyDef>
      <Name>ControlType</Name>
      <Definition>The type controller, signal modification effected and applicable ports

INPUT: Controller element is a dedicated input.
OUTPUT: Controller element is a dedicated output.
VARIABLE: Controller element is an in-memory variable.</Definition>
      <PropertyType>
        <TypePropertyEnumeratedValue>
          <EnumList name="PEnum_ControllerMultiPositionType">
            <EnumItem>INPUT</EnumItem>
            <EnumItem>OUTPUT</EnumItem>
            <EnumItem>VARIABLE</EnumItem>
            <EnumItem>OTHER</EnumItem>
            <EnumItem>NOTKNOWN</EnumItem>
            <EnumItem>UNSET</EnumItem>
          </EnumList>
        </TypePropertyEnumeratedValue>
      </PropertyType>
    </PropertyDef>
    <PropertyDef>
      <Name>Labels</Name>
      <Definition>Table mapping values to labels

Each entry corresponds to an integer within the ValueRange.</Definition>
      <PropertyType>
        <TypePropertyTableValue>
          <Expression/>
          <DefiningValue>
            <DataType type="IfcInteger"/>
          </DefiningValue>
          <DefinedValue>
            <DataType type="IfcLabel"/>
          </DefinedValue>
        </TypePropertyTableValue>
      </PropertyType>
    </PropertyDef>
    <PropertyDef>
      <Name>IntegerRange</Name>
      <Definition>The physical range of values supported by the device.</Definition>
      <PropertyType>
        <TypePropertyBoundedValue>
          <DataType type="IfcInteger"/>
        </TypePropertyBoundedValue>
      </PropertyType>
    </PropertyDef>
    <PropertyDef>
      <Name>Value</Name>
      <Definition>The expected range and default value.

The expected range and default value.  The LowerLimitValue and UpperLimitValue must fall within the physical Range.</Definition>
      <PropertyType>
        <TypePropertyBoundedValue>
          <DataType type="IfcInteger"/>
        </TypePropertyBoundedValue>
      </PropertyType>
    </PropertyDef>
  </PropertyDefs>
</PropertySetDef>
