<?xml version="1.0" ?>
<PropertySetDef templatetype="PSET_TYPEDRIVENOVERRIDE" xmlns:xsd="http://www.w3.org/2001/XMLSchema" xmlns:xsi="http://www.w3.org/2001/XMLSchema-instance" xsi:noNamespaceSchemaLocation="http://buildingSMART-tech.org/xml/psd/PSD_IFC4.xsd">
  <IfcVersion version="IFC4X3_ADD1"/>
  <Name>Pset_SensorTypeConductanceSensor</Name>
  <Definition>A device that senses or detects electrical conductance.  HISTORY: Added in IFC4.</Definition>
  <Applicability/>
  <ApplicableClasses>
    <ClassName>IfcSensor/CONDUCTANCESENSOR</ClassName>
    <ClassName>IfcSensorType/CONDUCTANCESENSOR</ClassName>
  </ApplicableClasses>
  <ApplicableTypeValue>IfcSensor/CONDUCTANCESENSOR,IfcSensorType/CONDUCTANCESENSOR</ApplicableTypeValue>
  <PropertyDefs>
    <PropertyDef>
      <Name>SetPointConductance</Name>
      <Definition>The fill level value to be sensed. Use IfcPropertyBoundedValue.SetPointValue to set the set point value.</Definition>
      <PropertyType>
        <TypePropertyBoundedValue>
          <DataType type="IfcElectricConductanceMeasure"/>
        </TypePropertyBoundedValue>
      </PropertyType>
    </PropertyDef>
  </PropertyDefs>
</PropertySetDef>
