<?xml version="1.0" ?>
<PropertySetDef templatetype="PSET_OCCURRENCEDRIVEN" xmlns:xsd="http://www.w3.org/2001/XMLSchema" xmlns:xsi="http://www.w3.org/2001/XMLSchema-instance" xsi:noNamespaceSchemaLocation="http://buildingSMART-tech.org/xml/psd/PSD_IFC4.xsd">
  <IfcVersion version="IFC4X3_TC1"/>
  <Name>Pset_RailwayTrackStructurePart</Name>
  <Definition>Properties applicable to IfcRailwayPart with PredefinedType set to TRACKSTRUCTURE, or more specialized types including PLAINTRACKSUPERSTRUCTURE, TURNOUTSUPERSTRUCTURE or DILATATIONSUPERSTRUCTURE.</Definition>
  <Applicability/>
  <ApplicableClasses>
    <ClassName>IfcRailwayPart/DILATATIONSUPERSTRUCTURE</ClassName>
    <ClassName>IfcRailwayPart/PLAINTRACKSUPERSTRUCTURE</ClassName>
    <ClassName>IfcRailwayPart/TRACKSTRUCTURE</ClassName>
    <ClassName>IfcRailwayPart/TURNOUTSUPERSTRUCTURE</ClassName>
  </ApplicableClasses>
  <ApplicableTypeValue>IfcRailwayPart/DILATATIONSUPERSTRUCTURE,IfcRailwayPart/PLAINTRACKSUPERSTRUCTURE,IfcRailwayPart/TRACKSTRUCTURE,IfcRailwayPart/TURNOUTSUPERSTRUCTURE</ApplicableTypeValue>
  <PropertyDefs>
    <PropertyDef>
      <Name>HasBallastTrack</Name>
      <Definition>Indicates whether the track has ballast or not.</Definition>
      <PropertyType>
        <TypePropertySingleValue>
          <DataType type="IfcBoolean"/>
        </TypePropertySingleValue>
      </PropertyType>
    </PropertyDef>
    <PropertyDef>
      <Name>HasCWR</Name>
      <Definition>Indicates if the track has continuous welded rails.</Definition>
      <PropertyType>
        <TypePropertySingleValue>
          <DataType type="IfcBoolean"/>
        </TypePropertySingleValue>
      </PropertyType>
    </PropertyDef>
    <PropertyDef>
      <Name>IsSunExposed</Name>
      <Definition>Indicates if the object is in exposed position to sunshine.</Definition>
      <PropertyType>
        <TypePropertySingleValue>
          <DataType type="IfcBoolean"/>
        </TypePropertySingleValue>
      </PropertyType>
    </PropertyDef>
    <PropertyDef>
      <Name>TrackSupportingStructure</Name>
      <Definition>Indicates the supporting structure for track part.</Definition>
      <PropertyType>
        <TypePropertyEnumeratedValue>
          <EnumList name="PEnum_TrackSupportingStructure">
            <EnumItem>BRIDGE</EnumItem>
            <EnumItem>CONCRETE</EnumItem>
            <EnumItem>ONSPECIALFOUNDATION</EnumItem>
            <EnumItem>PAVEMENT</EnumItem>
            <EnumItem>SUBGRADELAYER</EnumItem>
            <EnumItem>TRANSITIONSECTION</EnumItem>
            <EnumItem>TUNNEL</EnumItem>
            <EnumItem>OTHER</EnumItem>
            <EnumItem>NOTKNOWN</EnumItem>
            <EnumItem>UNSET</EnumItem>
          </EnumList>
        </TypePropertyEnumeratedValue>
      </PropertyType>
    </PropertyDef>
  </PropertyDefs>
</PropertySetDef>
