<?xml version="1.0" ?>
<PropertySetDef templatetype="PSET_MATERIALDRIVEN" xmlns:xsd="http://www.w3.org/2001/XMLSchema" xmlns:xsi="http://www.w3.org/2001/XMLSchema-instance" xsi:noNamespaceSchemaLocation="http://buildingSMART-tech.org/xml/psd/PSD_IFC4.xsd">
  <IfcVersion version="IFC4X3_TC1"/>
  <Name>Pset_MaterialCombustion</Name>
  <Definition>A set of extended material properties of products of combustion generated by elements typically used within the context of building services and flow distribution systems.</Definition>
  <Applicability/>
  <ApplicableClasses>
    <ClassName>IfcMaterial</ClassName>
  </ApplicableClasses>
  <ApplicableTypeValue>IfcMaterial</ApplicableTypeValue>
  <PropertyDefs>
    <PropertyDef>
      <Name>SpecificHeatCapacity</Name>
      <Definition>Defines the specific heat capacity of a material.

Specific heat of the products of combustion: heat energy absorbed per temperature unit.</Definition>
      <PropertyType>
        <TypePropertySingleValue>
          <DataType type="IfcSpecificHeatCapacityMeasure"/>
        </TypePropertySingleValue>
      </PropertyType>
    </PropertyDef>
    <PropertyDef>
      <Name>N20Content</Name>
      <Definition>Nitrous oxide (N2O) content of the products of combustion. This is measured in weight of N2O per unit weight and is therefore unitless.</Definition>
      <PropertyType>
        <TypePropertySingleValue>
          <DataType type="IfcPositiveRatioMeasure"/>
        </TypePropertySingleValue>
      </PropertyType>
    </PropertyDef>
    <PropertyDef>
      <Name>COContent</Name>
      <Definition>Carbon monoxide (CO) content of the products of combustion. This is measured in weight of CO per unit weight and is therefore unitless.</Definition>
      <PropertyType>
        <TypePropertySingleValue>
          <DataType type="IfcPositiveRatioMeasure"/>
        </TypePropertySingleValue>
      </PropertyType>
    </PropertyDef>
    <PropertyDef>
      <Name>CO2Content</Name>
      <Definition>Carbon dioxide (CO2) content of the products of combustion. This is measured in weight of CO2 per unit weight and is therefore unitless.</Definition>
      <PropertyType>
        <TypePropertySingleValue>
          <DataType type="IfcPositiveRatioMeasure"/>
        </TypePropertySingleValue>
      </PropertyType>
    </PropertyDef>
  </PropertyDefs>
</PropertySetDef>
