<?xml version="1.0" ?>
<PropertySetDef templatetype="PSET_TYPEDRIVENOVERRIDE" xmlns:xsd="http://www.w3.org/2001/XMLSchema" xmlns:xsi="http://www.w3.org/2001/XMLSchema-instance" xsi:noNamespaceSchemaLocation="http://buildingSMART-tech.org/xml/psd/PSD_IFC4.xsd">
  <IfcVersion version="IFC4X3"/>
  <Name>Pset_CableFittingTypeFanout</Name>
  <Definition>Properties of the fanout type of cable fitting.</Definition>
  <Applicability/>
  <ApplicableClasses>
    <ClassName>IfcCableFitting/FANOUT</ClassName>
    <ClassName>IfcCableFittingType/FANOUT</ClassName>
  </ApplicableClasses>
  <ApplicableTypeValue>IfcCableFitting/FANOUT,IfcCableFittingType/FANOUT</ApplicableTypeValue>
  <PropertyDefs>
    <PropertyDef>
      <Name>NumberOfTubes</Name>
      <Definition>Number of fiber tubes.</Definition>
      <PropertyType>
        <TypePropertySingleValue>
          <DataType type="IfcCountMeasure"/>
        </TypePropertySingleValue>
      </PropertyType>
    </PropertyDef>
    <PropertyDef>
      <Name>TubeDiameter</Name>
      <Definition>Indicates the diameter of the fiber tubes that are used in the fan out.</Definition>
      <PropertyType>
        <TypePropertySingleValue>
          <DataType type="IfcPositiveLengthMeasure"/>
        </TypePropertySingleValue>
      </PropertyType>
    </PropertyDef>
  </PropertyDefs>
</PropertySetDef>
