<?xml version="1.0" ?>
<PropertySetDef templatetype="PSET_TYPEDRIVENOVERRIDE" xmlns:xsd="http://www.w3.org/2001/XMLSchema" xmlns:xsi="http://www.w3.org/2001/XMLSchema-instance" xsi:noNamespaceSchemaLocation="http://buildingSMART-tech.org/xml/psd/PSD_IFC4.xsd">
  <IfcVersion version="IFC4X3"/>
  <Name>Pset_DistributionChamberElementTypeManhole</Name>
  <Definition>Chamber constructed on a drain, sewer or pipeline and with a removable cover, that permits the entry of a person.</Definition>
  <Applicability/>
  <ApplicableClasses>
    <ClassName>IfcDistributionChamberElement/MANHOLE</ClassName>
    <ClassName>IfcDistributionChamberElementType/MANHOLE</ClassName>
  </ApplicableClasses>
  <ApplicableTypeValue>IfcDistributionChamberElement/MANHOLE,IfcDistributionChamberElementType/MANHOLE</ApplicableTypeValue>
  <PropertyDefs>
    <PropertyDef>
      <Name>InvertLevel</Name>
      <Definition>Level of the lowest part of the cross section as measured from ground level.</Definition>
      <PropertyType>
        <TypePropertySingleValue>
          <DataType type="IfcLengthMeasure"/>
        </TypePropertySingleValue>
      </PropertyType>
    </PropertyDef>
    <PropertyDef>
      <Name>SoffitLevel</Name>
      <Definition>Level of the highest internal part of the cross section as measured from ground level.</Definition>
      <PropertyType>
        <TypePropertySingleValue>
          <DataType type="IfcLengthMeasure"/>
        </TypePropertySingleValue>
      </PropertyType>
    </PropertyDef>
    <PropertyDef>
      <Name>WallMaterial</Name>
      <Definition>The material from which the wall of the chamber is constructed.
NOTE: It is assumed that chamber walls will be constructed of a single material.</Definition>
      <PropertyType>
        <TypePropertyReferenceValue reftype="IfcMaterialDefinition"/>
      </PropertyType>
    </PropertyDef>
    <PropertyDef>
      <Name>WallThickness</Name>
      <Definition>The thickness of the wall construction.
NOTE: It is assumed that walls will be constructed at a single thickness.</Definition>
      <PropertyType>
        <TypePropertySingleValue>
          <DataType type="IfcPositiveLengthMeasure"/>
        </TypePropertySingleValue>
      </PropertyType>
    </PropertyDef>
    <PropertyDef>
      <Name>BaseMaterial</Name>
      <Definition>The material from which the base of the chamber is constructed.
NOTE: It is assumed that chamber base will be constructed of a single material.</Definition>
      <PropertyType>
        <TypePropertyReferenceValue reftype="IfcMaterialDefinition"/>
      </PropertyType>
    </PropertyDef>
    <PropertyDef>
      <Name>BaseThickness</Name>
      <Definition>The thickness of the base construction, assumed to be constructed at a single thickness.</Definition>
      <PropertyType>
        <TypePropertySingleValue>
          <DataType type="IfcPositiveLengthMeasure"/>
        </TypePropertySingleValue>
      </PropertyType>
    </PropertyDef>
    <PropertyDef>
      <Name>IsShallow</Name>
      <Definition>Indicates whether the chamber has been designed as being shallow (TRUE) or deep (FALSE).</Definition>
      <PropertyType>
        <TypePropertySingleValue>
          <DataType type="IfcBoolean"/>
        </TypePropertySingleValue>
      </PropertyType>
    </PropertyDef>
    <PropertyDef>
      <Name>HasSteps</Name>
      <Definition>Indicates whether the chamber has steps (TRUE) or not (FALSE).</Definition>
      <PropertyType>
        <TypePropertySingleValue>
          <DataType type="IfcBoolean"/>
        </TypePropertySingleValue>
      </PropertyType>
    </PropertyDef>
    <PropertyDef>
      <Name>WithBackdrop</Name>
      <Definition>Indicates whether the chamber has a backdrop or tumbling bay (TRUE) or not (FALSE).</Definition>
      <PropertyType>
        <TypePropertySingleValue>
          <DataType type="IfcBoolean"/>
        </TypePropertySingleValue>
      </PropertyType>
    </PropertyDef>
    <PropertyDef>
      <Name>AccessCoverMaterial</Name>
      <Definition>The material from which the access cover to the chamber is constructed.
NOTE: It is assumed that chamber walls will be constructed of a single material.</Definition>
      <PropertyType>
        <TypePropertyReferenceValue reftype="IfcMaterialDefinition"/>
      </PropertyType>
    </PropertyDef>
    <PropertyDef>
      <Name>AccessLengthOrRadius</Name>
      <Definition>The length of the chamber access cover or, where the plan shape of the cover is circular, the radius.</Definition>
      <PropertyType>
        <TypePropertySingleValue>
          <DataType type="IfcPositiveLengthMeasure"/>
        </TypePropertySingleValue>
      </PropertyType>
    </PropertyDef>
    <PropertyDef>
      <Name>AccessWidth</Name>
      <Definition>The width of the chamber access cover where the plan shape of the cover is not circular.</Definition>
      <PropertyType>
        <TypePropertySingleValue>
          <DataType type="IfcPositiveLengthMeasure"/>
        </TypePropertySingleValue>
      </PropertyType>
    </PropertyDef>
    <PropertyDef>
      <Name>AccessCoverLoadRating</Name>
      <Definition>The load rating of the access cover (which may be a value or an alphanumerically defined class rating).</Definition>
      <PropertyType>
        <TypePropertySingleValue>
          <DataType type="IfcText"/>
        </TypePropertySingleValue>
      </PropertyType>
    </PropertyDef>
    <PropertyDef>
      <Name>IsAccessibleOnFoot</Name>
      <Definition>Indicates whether the element is accessible on foot (TRUE) or not (FALSE).</Definition>
      <PropertyType>
        <TypePropertySingleValue>
          <DataType type="IfcBoolean"/>
        </TypePropertySingleValue>
      </PropertyType>
    </PropertyDef>
    <PropertyDef>
      <Name>IsLocked</Name>
      <Definition>Indicates whether the element is locked (TRUE) or not (FALSE).</Definition>
      <PropertyType>
        <TypePropertySingleValue>
          <DataType type="IfcBoolean"/>
        </TypePropertySingleValue>
      </PropertyType>
    </PropertyDef>
    <PropertyDef>
      <Name>NumberOfCableEntries</Name>
      <Definition>Indicates the number of cable entries in the manhole.</Definition>
      <PropertyType>
        <TypePropertySingleValue>
          <DataType type="IfcCountMeasure"/>
        </TypePropertySingleValue>
      </PropertyType>
    </PropertyDef>
    <PropertyDef>
      <Name>NumberOfManholeCovers</Name>
      <Definition>Indicates the number of manhole covers.</Definition>
      <PropertyType>
        <TypePropertySingleValue>
          <DataType type="IfcCountMeasure"/>
        </TypePropertySingleValue>
      </PropertyType>
    </PropertyDef>
    <PropertyDef>
      <Name>TypeOfShaft</Name>
      <Definition>Additional information on the purpose of the shaft.</Definition>
      <PropertyType>
        <TypePropertyEnumeratedValue>
          <EnumList name="PEnum_TypeOfShaft">
            <EnumItem>DIVERSIONSHAFT</EnumItem>
            <EnumItem>FLUSHINGCHAMBER</EnumItem>
            <EnumItem>GATESHAFT</EnumItem>
            <EnumItem>GULLY</EnumItem>
            <EnumItem>INSPECTIONCHAMBER</EnumItem>
            <EnumItem>PUMPSHAFT</EnumItem>
            <EnumItem>ROOFWATERSHAFT</EnumItem>
            <EnumItem>SHAFTWITHCHECKVALVE</EnumItem>
            <EnumItem>SLURRYCOLLECTOR</EnumItem>
            <EnumItem>SOAKAWAY</EnumItem>
            <EnumItem>WELL</EnumItem>
            <EnumItem>OTHER</EnumItem>
            <EnumItem>NOTKNOWN</EnumItem>
            <EnumItem>UNSET</EnumItem>
          </EnumList>
        </TypePropertyEnumeratedValue>
      </PropertyType>
    </PropertyDef>
  </PropertyDefs>
</PropertySetDef>
