<?xml version="1.0" ?>
<PropertySetDef templatetype="PSET_OCCURRENCEDRIVEN" xmlns:xsd="http://www.w3.org/2001/XMLSchema" xmlns:xsi="http://www.w3.org/2001/XMLSchema-instance" xsi:noNamespaceSchemaLocation="http://buildingSMART-tech.org/xml/psd/PSD_IFC4.xsd">
  <IfcVersion version="IFC4X3"/>
  <Name>Pset_DamperOccurrence</Name>
  <Definition>Damper occurrence attributes attached to an instance of IfcDamper</Definition>
  <Applicability/>
  <ApplicableClasses>
    <ClassName>IfcDamper</ClassName>
  </ApplicableClasses>
  <ApplicableTypeValue>IfcDamper</ApplicableTypeValue>
  <PropertyDefs>
    <PropertyDef>
      <Name>SizingMethod</Name>
      <Definition>Identifies whether the damper is sized nominally or with exact measurements:NOMINAL: Nominal sizing method.
EXACT: Exact sizing method.</Definition>
      <PropertyType>
        <TypePropertyEnumeratedValue>
          <EnumList name="PEnum_DamperSizingMethod">
            <EnumItem>EXACT</EnumItem>
            <EnumItem>NOMINAL</EnumItem>
            <EnumItem>NOTKNOWN</EnumItem>
            <EnumItem>UNSET</EnumItem>
          </EnumList>
        </TypePropertyEnumeratedValue>
      </PropertyType>
    </PropertyDef>
  </PropertyDefs>
</PropertySetDef>
