<?xml version="1.0" ?>
<PropertySetDef templatetype="PSET_TYPEDRIVENOVERRIDE" xmlns:xsd="http://www.w3.org/2001/XMLSchema" xmlns:xsi="http://www.w3.org/2001/XMLSchema-instance" xsi:noNamespaceSchemaLocation="http://buildingSMART-tech.org/xml/psd/PSD_IFC4.xsd">
  <IfcVersion version="IFC4X3"/>
  <Name>Pset_FastenerRailWeld</Name>
  <Definition>Properties of Welded rail joint used in railway. The property set can be used by the predefined type WELD of IfcFastener.</Definition>
  <Applicability/>
  <ApplicableClasses>
    <ClassName>IfcFastener/WELD</ClassName>
    <ClassName>IfcFastenerType/WELD</ClassName>
  </ApplicableClasses>
  <ApplicableTypeValue>IfcFastener/WELD,IfcFastenerType/WELD</ApplicableTypeValue>
  <PropertyDefs>
    <PropertyDef>
      <Name>IsLiftingBracket</Name>
      <Definition>Indicates whether the connection is done between rail with different height (TRUE) or with same height (FALSE).</Definition>
      <PropertyType>
        <TypePropertySingleValue>
          <DataType type="IfcBoolean"/>
        </TypePropertySingleValue>
      </PropertyType>
    </PropertyDef>
    <PropertyDef>
      <Name>TemperatureDuringInstallation</Name>
      <Definition>Normalised working temperature.</Definition>
      <PropertyType>
        <TypePropertySingleValue>
          <DataType type="IfcThermodynamicTemperatureMeasure"/>
        </TypePropertySingleValue>
      </PropertyType>
    </PropertyDef>
    <PropertyDef>
      <Name>JointRelativePosition</Name>
      <Definition>Indicates the relative position of the joint, which lies in the left or right rail or in the middle, or in combination. The left rail is to the left as facing in the direction of increasing stationing values, and the right rail is to the right.</Definition>
      <PropertyType>
        <TypePropertyEnumeratedValue>
          <EnumList name="PEnum_RelativePosition">
            <EnumItem>LEFT</EnumItem>
            <EnumItem>MIDDLE</EnumItem>
            <EnumItem>RIGHT</EnumItem>
            <EnumItem>OTHER</EnumItem>
            <EnumItem>NOTKNOWN</EnumItem>
            <EnumItem>UNSET</EnumItem>
          </EnumList>
        </TypePropertyEnumeratedValue>
      </PropertyType>
    </PropertyDef>
    <PropertyDef>
      <Name>AssemblyPlace</Name>
      <Definition>Enumeration defining where the assembly is intended to take place, either in a factory, other offsite location or on the building site.</Definition>
      <PropertyType>
        <TypePropertyEnumeratedValue>
          <EnumList name="PEnum_AssemblyPlace">
            <EnumItem>FACTORY</EnumItem>
            <EnumItem>OFFSITE</EnumItem>
            <EnumItem>SITE</EnumItem>
            <EnumItem>OTHER</EnumItem>
            <EnumItem>NOTKNOWN</EnumItem>
            <EnumItem>UNSET</EnumItem>
          </EnumList>
        </TypePropertyEnumeratedValue>
      </PropertyType>
    </PropertyDef>
  </PropertyDefs>
</PropertySetDef>
