<?xml version="1.0" ?>
<PropertySetDef templatetype="PSET_TYPEDRIVENOVERRIDE" xmlns:xsd="http://www.w3.org/2001/XMLSchema" xmlns:xsi="http://www.w3.org/2001/XMLSchema-instance" xsi:noNamespaceSchemaLocation="http://buildingSMART-tech.org/xml/psd/PSD_IFC4.xsd">
  <IfcVersion version="IFC4X3_ADD1"/>
  <Name>Pset_LampTypeCommon</Name>
  <Definition>A lamp is a component within a light fixture that is designed to emit light.History: Name changed from Pset_LampEmitterTypeCommon in IFC 2x3.</Definition>
  <Applicability/>
  <ApplicableClasses>
    <ClassName>IfcLamp</ClassName>
    <ClassName>IfcLampType</ClassName>
  </ApplicableClasses>
  <ApplicableTypeValue>IfcLamp,IfcLampType</ApplicableTypeValue>
  <PropertyDefs>
    <PropertyDef>
      <Name>Reference</Name>
      <Definition>Reference ID for this specified type in this project (e.g. type 'A-1'), Also referred to as &quot;construction type&quot;. It should be provided as an alternative to the name of the &quot;object type&quot;, if the software does not support object types and no classification reference to a recognized classification system used.IFC4.3.0.0 DEPRECATION  The Reference property is deprecated and shall no longer be used, use attribute Name on the relating type instead.</Definition>
      <PropertyType>
        <TypePropertySingleValue>
          <DataType type="IfcIdentifier"/>
        </TypePropertySingleValue>
      </PropertyType>
    </PropertyDef>
    <PropertyDef>
      <Name>Status</Name>
      <Definition>Status of the element, predominately used in renovation or retrofitting projects. The status can be assigned to as &quot;New&quot; - element designed as new addition, &quot;Existing&quot; - element exists and remains, &quot;Demolish&quot; - element existed but is to be demolished,  &quot;Temporary&quot; - element will exists only temporary (like a temporary support structure).</Definition>
      <PropertyType>
        <TypePropertyEnumeratedValue>
          <EnumList name="PEnum_ElementStatus">
            <EnumItem>DEMOLISH</EnumItem>
            <EnumItem>EXISTING</EnumItem>
            <EnumItem>NEW</EnumItem>
            <EnumItem>TEMPORARY</EnumItem>
            <EnumItem>OTHER</EnumItem>
            <EnumItem>NOTKNOWN</EnumItem>
            <EnumItem>UNSET</EnumItem>
          </EnumList>
        </TypePropertyEnumeratedValue>
      </PropertyType>
    </PropertyDef>
    <PropertyDef>
      <Name>ContributedLuminousFlux</Name>
      <Definition>Luminous flux is a photometric measure of radiant flux, i.e. the volume of light emitted from a light source. Luminous flux is measured either for the interior as a whole or for a part of the interior (partial luminous flux for a solid angle). All other photometric parameters are derivatives of luminous flux. Luminous flux is measured in lumens (lm). The luminous flux is given as a nominal value for each lamp.</Definition>
      <PropertyType>
        <TypePropertySingleValue>
          <DataType type="IfcLuminousFluxMeasure"/>
        </TypePropertySingleValue>
      </PropertyType>
    </PropertyDef>
    <PropertyDef>
      <Name>LightEmitterNominalPower</Name>
      <Definition>Light emitter nominal power.</Definition>
      <PropertyType>
        <TypePropertySingleValue>
          <DataType type="IfcPowerMeasure"/>
        </TypePropertySingleValue>
      </PropertyType>
    </PropertyDef>
    <PropertyDef>
      <Name>LampMaintenanceFactor</Name>
      <Definition>Non recoverable losses of luminous flux of a lamp due to lamp depreciation; i.e. the decreasing of light output of a luminaire due to aging and dirt.</Definition>
      <PropertyType>
        <TypePropertySingleValue>
          <DataType type="IfcReal"/>
        </TypePropertySingleValue>
      </PropertyType>
    </PropertyDef>
    <PropertyDef>
      <Name>LampBallastType</Name>
      <Definition>The type of ballast used to stabilise gas discharge by limiting the current during operation and to deliver the necessary striking voltage for starting. Ballasts are needed to operate Discharge Lamps such as Fluorescent, Compact Fluorescent, High-pressure Mercury, Metal Halide and High-pressure Sodium Lamps.
Magnetic ballasts are chokes which limit the current passing through a lamp connected in series on the principle of self-induction. The resultant current and power are decisive for the efficient operation of the lamp. A specially designed ballast is required for every type of lamp to comply with lamp rating in terms of Luminous Flux, Color Appearance and service life. The two types of magnetic ballasts for fluorescent lamps are KVG Conventional   (EC-A series) and VVG Low-loss ballasts (EC-B series). Low-loss ballasts have a higher efficiency, which means reduced ballast losses and a lower thermal load. Electronic ballasts are used to run fluorescent lamps at high frequencies (approx. 35 - 40 kHz).</Definition>
      <PropertyType>
        <TypePropertyEnumeratedValue>
          <EnumList name="PEnum_LampBallastType">
            <EnumItem>CONVENTIONAL</EnumItem>
            <EnumItem>ELECTRONIC</EnumItem>
            <EnumItem>LOWLOSS</EnumItem>
            <EnumItem>RESISTOR</EnumItem>
            <EnumItem>OTHER</EnumItem>
            <EnumItem>NOTKNOWN</EnumItem>
            <EnumItem>UNSET</EnumItem>
          </EnumList>
        </TypePropertyEnumeratedValue>
      </PropertyType>
    </PropertyDef>
    <PropertyDef>
      <Name>LampCompensationType</Name>
      <Definition>Identifies the form of compensation used for power factor correction and radio suppression.</Definition>
      <PropertyType>
        <TypePropertyEnumeratedValue>
          <EnumList name="PEnum_LampCompensationType">
            <EnumItem>CAPACITIVE</EnumItem>
            <EnumItem>INDUCTIVE</EnumItem>
            <EnumItem>OTHER</EnumItem>
            <EnumItem>NOTKNOWN</EnumItem>
            <EnumItem>UNSET</EnumItem>
          </EnumList>
        </TypePropertyEnumeratedValue>
      </PropertyType>
    </PropertyDef>
    <PropertyDef>
      <Name>ColourAppearance</Name>
      <Definition>In both the DIN and CIE standards, artificial light sources are classified in terms of their colour appearance. To the human eye they all appear to be white; the difference can only be detected by direct comparison. Visual performance is not directly affected by differences in colour appearance.</Definition>
      <PropertyType>
        <TypePropertySingleValue>
          <DataType type="IfcLabel"/>
        </TypePropertySingleValue>
      </PropertyType>
    </PropertyDef>
    <PropertyDef>
      <Name>Spectrum</Name>
      <Definition>The spectrum of radiation describes its composition with regard to wavelength. Light, for example, as the portion of electromagnetic radiation that is visible to the human eye, is radiation with wavelengths in the range of approx. 380 to 780 nm (1 nm = 10 m). The corresponding range of colours varies from violet to indigo, blue, green, yellow, orange, and red. These colours form a continuous spectrum, in which the various spectral sectors merge into each other.</Definition>
      <PropertyType>
        <TypePropertyTableValue>
          <Expression/>
          <DefiningValue>
            <DataType type="IfcNumericMeasure"/>
          </DefiningValue>
          <DefinedValue>
            <DataType type="IfcNumericMeasure"/>
          </DefinedValue>
        </TypePropertyTableValue>
      </PropertyType>
    </PropertyDef>
    <PropertyDef>
      <Name>ColourTemperature</Name>
      <Definition>The colour temperature of any source of radiation is defined as the temperature (in Kelvin) of a black-body or Planckian radiator whose radiation has the same chromaticity as the source of radiation. Often the values are only approximate colour temperatures as the black-body radiator cannot emit radiation of every chromaticity value. The colour temperatures of the commonest artificial light sources range from less than 3000K (warm white) to 4000K (intermediate) and over 5000K (daylight).</Definition>
      <PropertyType>
        <TypePropertySingleValue>
          <DataType type="IfcThermodynamicTemperatureMeasure"/>
        </TypePropertySingleValue>
      </PropertyType>
    </PropertyDef>
    <PropertyDef>
      <Name>ColourRenderingIndex</Name>
      <Definition>The CRI indicates how well a light source renders eight standard colours compared to perfect reference lamp with the same colour temperature. The CRI scale ranges from 1 to 100, with 100 representing perfect rendering properties.</Definition>
      <PropertyType>
        <TypePropertySingleValue>
          <DataType type="IfcInteger"/>
        </TypePropertySingleValue>
      </PropertyType>
    </PropertyDef>
  </PropertyDefs>
</PropertySetDef>
