<?xml version="1.0" ?>
<PropertySetDef templatetype="PSET_TYPEDRIVENOVERRIDE" xmlns:xsd="http://www.w3.org/2001/XMLSchema" xmlns:xsi="http://www.w3.org/2001/XMLSchema-instance" xsi:noNamespaceSchemaLocation="http://buildingSMART-tech.org/xml/psd/PSD_IFC4.xsd">
  <IfcVersion version="IFC4X3_ADD1"/>
  <Name>Pset_ElectricFlowStorageDeviceTypeCommon</Name>
  <Definition>The characteristics of the supply associated with an electrical device occurrence acting as a source of supply to an electrical distribution system NOTE: Properties within this property set should ONLY be used in circumstances when an electrical supply is applied. The property set, the properties contained and their values are not applicable to a circumstance where the sypply  is not being applied to the eletrical system or is temporarily disconnected. All properties within this property set are considered to represent a steady state situation.</Definition>
  <Applicability/>
  <ApplicableClasses>
    <ClassName>IfcElectricFlowStorageDevice</ClassName>
    <ClassName>IfcElectricFlowStorageDeviceType</ClassName>
  </ApplicableClasses>
  <ApplicableTypeValue>IfcElectricFlowStorageDevice,IfcElectricFlowStorageDeviceType</ApplicableTypeValue>
  <PropertyDefs>
    <PropertyDef>
      <Name>Reference</Name>
      <Definition>Reference ID for this specified type in this project (e.g. type 'A-1'), Also referred to as &quot;construction type&quot;. It should be provided as an alternative to the name of the &quot;object type&quot;, if the software does not support object types and no classification reference to a recognized classification system used.IFC4.3.0.0 DEPRECATION  The Reference property is deprecated and shall no longer be used, use attribute Name on the relating type instead.</Definition>
      <PropertyType>
        <TypePropertySingleValue>
          <DataType type="IfcIdentifier"/>
        </TypePropertySingleValue>
      </PropertyType>
    </PropertyDef>
    <PropertyDef>
      <Name>Status</Name>
      <Definition>Status of the element, predominately used in renovation or retrofitting projects. The status can be assigned to as &quot;New&quot; - element designed as new addition, &quot;Existing&quot; - element exists and remains, &quot;Demolish&quot; - element existed but is to be demolished,  &quot;Temporary&quot; - element will exists only temporary (like a temporary support structure).</Definition>
      <PropertyType>
        <TypePropertyEnumeratedValue>
          <EnumList name="PEnum_ElementStatus">
            <EnumItem>DEMOLISH</EnumItem>
            <EnumItem>EXISTING</EnumItem>
            <EnumItem>NEW</EnumItem>
            <EnumItem>TEMPORARY</EnumItem>
            <EnumItem>OTHER</EnumItem>
            <EnumItem>NOTKNOWN</EnumItem>
            <EnumItem>UNSET</EnumItem>
          </EnumList>
        </TypePropertyEnumeratedValue>
      </PropertyType>
    </PropertyDef>
    <PropertyDef>
      <Name>NominalSupplyVoltage</Name>
      <Definition>The nominal voltage of the supply.</Definition>
      <PropertyType>
        <TypePropertySingleValue>
          <DataType type="IfcElectricVoltageMeasure"/>
        </TypePropertySingleValue>
      </PropertyType>
    </PropertyDef>
    <PropertyDef>
      <Name>NominalSupplyVoltageOffset</Name>
      <Definition>The maximum and minimum allowed voltage of the supply e.g. boundaries of 380V/440V may be applied for a nominal voltage of 400V.</Definition>
      <PropertyType>
        <TypePropertyBoundedValue>
          <DataType type="IfcElectricVoltageMeasure"/>
        </TypePropertyBoundedValue>
      </PropertyType>
    </PropertyDef>
    <PropertyDef>
      <Name>NominalFrequency</Name>
      <Definition>The nominal frequency of the supply.</Definition>
      <PropertyType>
        <TypePropertySingleValue>
          <DataType type="IfcFrequencyMeasure"/>
        </TypePropertySingleValue>
      </PropertyType>
    </PropertyDef>
    <PropertyDef>
      <Name>ConnectedConductorFunction</Name>
      <Definition>Function of the conductors to which the load is connected.</Definition>
      <PropertyType>
        <TypePropertyEnumeratedValue>
          <EnumList name="PEnum_ConductorFunctionEnum">
            <EnumItem>NEUTRAL</EnumItem>
            <EnumItem>PHASE_L1</EnumItem>
            <EnumItem>PHASE_L2</EnumItem>
            <EnumItem>PHASE_L3</EnumItem>
            <EnumItem>PROTECTIVEEARTH</EnumItem>
            <EnumItem>PROTECTIVEEARTHNEUTRAL</EnumItem>
            <EnumItem>OTHER</EnumItem>
            <EnumItem>NOTKNOWN</EnumItem>
            <EnumItem>UNSET</EnumItem>
          </EnumList>
        </TypePropertyEnumeratedValue>
      </PropertyType>
    </PropertyDef>
    <PropertyDef>
      <Name>ShortCircuit3PoleMaximumState</Name>
      <Definition>Maximum 3 pole short circuit current provided at the point of supply.</Definition>
      <PropertyType>
        <TypePropertySingleValue>
          <DataType type="IfcElectricCurrentMeasure"/>
        </TypePropertySingleValue>
      </PropertyType>
    </PropertyDef>
    <PropertyDef>
      <Name>ShortCircuit3PolePowerFactorMaximumState</Name>
      <Definition>Power factor of the maximum 3 pole short circuit current provided at the point of supply.</Definition>
      <PropertyType>
        <TypePropertySingleValue>
          <DataType type="IfcReal"/>
        </TypePropertySingleValue>
      </PropertyType>
    </PropertyDef>
    <PropertyDef>
      <Name>ShortCircuit2PoleMinimumState</Name>
      <Definition>Minimum 2 pole short circuit current provided at the point of supply.</Definition>
      <PropertyType>
        <TypePropertySingleValue>
          <DataType type="IfcElectricCurrentMeasure"/>
        </TypePropertySingleValue>
      </PropertyType>
    </PropertyDef>
    <PropertyDef>
      <Name>ShortCircuit2PolePowerFactorMinimumState</Name>
      <Definition>Power factor of the minimum 2 pole short circuit current provided at the point of supply.</Definition>
      <PropertyType>
        <TypePropertySingleValue>
          <DataType type="IfcReal"/>
        </TypePropertySingleValue>
      </PropertyType>
    </PropertyDef>
    <PropertyDef>
      <Name>ShortCircuit1PoleMaximumState</Name>
      <Definition>Maximum 1 pole short circuit current provided at the point of supply i.e. the fault between 1 phase and N.</Definition>
      <PropertyType>
        <TypePropertySingleValue>
          <DataType type="IfcElectricCurrentMeasure"/>
        </TypePropertySingleValue>
      </PropertyType>
    </PropertyDef>
    <PropertyDef>
      <Name>ShortCircuit1PolePowerFactorMaximumState</Name>
      <Definition>Power factor of the maximum 1 pole short circuit current provided at the point of supply i.e. the fault between 1 phase and N.</Definition>
      <PropertyType>
        <TypePropertySingleValue>
          <DataType type="IfcReal"/>
        </TypePropertySingleValue>
      </PropertyType>
    </PropertyDef>
    <PropertyDef>
      <Name>ShortCircuit1PoleMinimumState</Name>
      <Definition>Minimum 1 pole short circuit current provided at the point of supply i.e. the fault between 1 phase and N.</Definition>
      <PropertyType>
        <TypePropertySingleValue>
          <DataType type="IfcElectricCurrentMeasure"/>
        </TypePropertySingleValue>
      </PropertyType>
    </PropertyDef>
    <PropertyDef>
      <Name>ShortCircuit1PolePowerFactorMinimumState</Name>
      <Definition>Power factor of the minimum 1 pole short circuit current provided at the point of supply i.e. the fault between 1 phase and N.</Definition>
      <PropertyType>
        <TypePropertySingleValue>
          <DataType type="IfcReal"/>
        </TypePropertySingleValue>
      </PropertyType>
    </PropertyDef>
    <PropertyDef>
      <Name>EarthFault1PoleMaximumState</Name>
      <Definition>Maximum 1 pole earth fault current provided at the point of supply i.e. the fault between 1 phase and PE/PEN.</Definition>
      <PropertyType>
        <TypePropertySingleValue>
          <DataType type="IfcElectricCurrentMeasure"/>
        </TypePropertySingleValue>
      </PropertyType>
    </PropertyDef>
    <PropertyDef>
      <Name>EarthFault1PolePowerFactorMaximumState</Name>
      <Definition>Power factor of the maximum 1 pole earth fault  current provided at the point of supply i.e. the fault between 1 phase and PE/PEN.</Definition>
      <PropertyType>
        <TypePropertySingleValue>
          <DataType type="IfcReal"/>
        </TypePropertySingleValue>
      </PropertyType>
    </PropertyDef>
    <PropertyDef>
      <Name>EarthFault1PoleMinimumState</Name>
      <Definition>Minimum 1 pole earth fault current provided at the point of supply i.e. the fault between 1 phase and PE/PEN.</Definition>
      <PropertyType>
        <TypePropertySingleValue>
          <DataType type="IfcElectricCurrentMeasure"/>
        </TypePropertySingleValue>
      </PropertyType>
    </PropertyDef>
    <PropertyDef>
      <Name>EarthFault1PolePowerFactorMinimumState</Name>
      <Definition>Power factor of the minimum 1 pole earth fault current provided at the point of supply i.e. the fault between 1 phase and PE/PEN.</Definition>
      <PropertyType>
        <TypePropertySingleValue>
          <DataType type="IfcReal"/>
        </TypePropertySingleValue>
      </PropertyType>
    </PropertyDef>
    <PropertyDef>
      <Name>MaximumInsulatedVoltage</Name>
      <Definition>The max voltage that the insulation would operate normally</Definition>
      <PropertyType>
        <TypePropertySingleValue>
          <DataType type="IfcElectricVoltageMeasure"/>
        </TypePropertySingleValue>
      </PropertyType>
    </PropertyDef>
    <PropertyDef>
      <Name>RatedCapacitance</Name>
      <Definition>Capacitance value determined under specified conditions and declared by the manufacturer.</Definition>
      <PropertyType>
        <TypePropertySingleValue>
          <DataType type="IfcElectricCapacitanceMeasure"/>
        </TypePropertySingleValue>
      </PropertyType>
    </PropertyDef>
    <PropertyDef>
      <Name>PowerCapacity</Name>
      <Definition>Power capacity of the equipment</Definition>
      <PropertyType>
        <TypePropertySingleValue>
          <DataType type="IfcElectricChargeMeasure"/>
        </TypePropertySingleValue>
      </PropertyType>
    </PropertyDef>
  </PropertyDefs>
</PropertySetDef>
