<?xml version="1.0" ?>
<PropertySetDef templatetype="PSET_TYPEDRIVENOVERRIDE" xmlns:xsd="http://www.w3.org/2001/XMLSchema" xmlns:xsi="http://www.w3.org/2001/XMLSchema-instance" xsi:noNamespaceSchemaLocation="http://buildingSMART-tech.org/xml/psd/PSD_IFC4.xsd">
  <IfcVersion version="IFC4X3_TC1"/>
  <Name>Pset_SensorTypeIdentifierSensor</Name>
  <Definition>A device that senses identification tags.</Definition>
  <Applicability/>
  <ApplicableClasses>
    <ClassName>IfcSensor/IDENTIFIERSENSOR</ClassName>
    <ClassName>IfcSensorType/IDENTIFIERSENSOR</ClassName>
  </ApplicableClasses>
  <ApplicableTypeValue>IfcSensor/IDENTIFIERSENSOR,IfcSensorType/IDENTIFIERSENSOR</ApplicableTypeValue>
  <PropertyDefs>
    <PropertyDef>
      <Name>SetPointIdentifier</Name>
      <Definition>The detected tag value.</Definition>
      <PropertyType>
        <TypePropertyBoundedValue>
          <DataType type="IfcIdentifier"/>
        </TypePropertyBoundedValue>
      </PropertyType>
    </PropertyDef>
  </PropertyDefs>
</PropertySetDef>
