<?xml version="1.0" ?>
<PropertySetDef templatetype="PSET_TYPEDRIVENOVERRIDE" xmlns:xsd="http://www.w3.org/2001/XMLSchema" xmlns:xsi="http://www.w3.org/2001/XMLSchema-instance" xsi:noNamespaceSchemaLocation="http://buildingSMART-tech.org/xml/psd/PSD_IFC4.xsd">
  <IfcVersion version="IFC4X3"/>
  <Name>Pset_ReinforcementBarPitchOfColumn</Name>
  <Definition>The pitch length information of reinforcement  bar with the column. The X and Y direction are based on the local coordinate system of building storey. The X and Y direction of the reinforcement bar are parallel to the X and Y axis of the IfcBuildingStorey's local coordinate system, respectively.</Definition>
  <Applicability/>
  <ApplicableClasses>
    <ClassName>IfcColumn</ClassName>
    <ClassName>IfcColumnType</ClassName>
  </ApplicableClasses>
  <ApplicableTypeValue>IfcColumn,IfcColumnType</ApplicableTypeValue>
  <PropertyDefs>
    <PropertyDef>
      <Name>Description</Name>
      <Definition>The Description of the object.</Definition>
      <PropertyType>
        <TypePropertySingleValue>
          <DataType type="IfcText"/>
        </TypePropertySingleValue>
      </PropertyType>
    </PropertyDef>
    <PropertyDef>
      <Name>Reference</Name>
      <Definition>Reference ID for this specified type in this project (e.g. type 'A-1'), Also referred to as &quot;construction type&quot;. It should be provided as an alternative to the name of the &quot;object type&quot;, if the software does not support object types and no classification reference to a recognized classification system used.IFC4.3.0.0 DEPRECATION  The Reference property is deprecated and shall no longer be used, use attribute Name on the relating type instead.</Definition>
      <PropertyType>
        <TypePropertySingleValue>
          <DataType type="IfcLabel"/>
        </TypePropertySingleValue>
      </PropertyType>
    </PropertyDef>
    <PropertyDef>
      <Name>ReinforcementBarType</Name>
      <Definition>Defines the type of the reinforcement bar.</Definition>
      <PropertyType>
        <TypePropertyEnumeratedValue>
          <EnumList name="PEnum_ReinforcementBarType">
            <EnumItem>RING</EnumItem>
            <EnumItem>SPIRAL</EnumItem>
            <EnumItem>OTHER</EnumItem>
            <EnumItem>USERDEFINED</EnumItem>
            <EnumItem>NOTDEFINED</EnumItem>
          </EnumList>
        </TypePropertyEnumeratedValue>
      </PropertyType>
    </PropertyDef>
    <PropertyDef>
      <Name>HoopBarPitch</Name>
      <Definition>The pitch length of the hoop bar.</Definition>
      <PropertyType>
        <TypePropertySingleValue>
          <DataType type="IfcPositiveLengthMeasure"/>
        </TypePropertySingleValue>
      </PropertyType>
    </PropertyDef>
    <PropertyDef>
      <Name>XDirectionTieHoopBarPitch</Name>
      <Definition>The X direction pitch length of the tie hoop.</Definition>
      <PropertyType>
        <TypePropertySingleValue>
          <DataType type="IfcPositiveLengthMeasure"/>
        </TypePropertySingleValue>
      </PropertyType>
    </PropertyDef>
    <PropertyDef>
      <Name>XDirectionTieHoopCount</Name>
      <Definition>The number of bars with X direction tie hoop bars.</Definition>
      <PropertyType>
        <TypePropertySingleValue>
          <DataType type="IfcCountMeasure"/>
        </TypePropertySingleValue>
      </PropertyType>
    </PropertyDef>
    <PropertyDef>
      <Name>YDirectionTieHoopBarPitch</Name>
      <Definition>The Y direction pitch length of the tie hoop.</Definition>
      <PropertyType>
        <TypePropertySingleValue>
          <DataType type="IfcPositiveLengthMeasure"/>
        </TypePropertySingleValue>
      </PropertyType>
    </PropertyDef>
    <PropertyDef>
      <Name>YDirectionTieHoopCount</Name>
      <Definition>The number of bars with Y direction tie hoop bars.</Definition>
      <PropertyType>
        <TypePropertySingleValue>
          <DataType type="IfcCountMeasure"/>
        </TypePropertySingleValue>
      </PropertyType>
    </PropertyDef>
  </PropertyDefs>
</PropertySetDef>
