<?xml version="1.0" ?>
<PropertySetDef templatetype="PSET_PERFORMANCEDRIVEN" xmlns:xsd="http://www.w3.org/2001/XMLSchema" xmlns:xsi="http://www.w3.org/2001/XMLSchema-instance" xsi:noNamespaceSchemaLocation="http://buildingSMART-tech.org/xml/psd/PSD_IFC4.xsd">
  <IfcVersion version="IFC4X3"/>
  <Name>Pset_DuctSegmentPHistory</Name>
  <Definition>Duct segment performance history common attributes.</Definition>
  <Applicability/>
  <ApplicableClasses>
    <ClassName>IfcDuctSegment</ClassName>
  </ApplicableClasses>
  <ApplicableTypeValue>IfcDuctSegment</ApplicableTypeValue>
  <PropertyDefs>
    <PropertyDef>
      <Name>LossCoefficient</Name>
      <Definition>Dimensionless loss coefficient used for calculating fluid resistance representing the ratio of total pressure loss to velocity pressure at a referenced cross-section.</Definition>
      <PropertyType>
        <TypePropertyReferenceValue reftype="IfcTimeSeries"/>
      </PropertyType>
    </PropertyDef>
    <PropertyDef>
      <Name>AtmosphericPressure</Name>
      <Definition>Ambient atmospheric pressure.</Definition>
      <PropertyType>
        <TypePropertyReferenceValue reftype="IfcTimeSeries"/>
      </PropertyType>
    </PropertyDef>
    <PropertyDef>
      <Name>LeakageCurveHistory</Name>
      <Definition>Leakage per unit length curve versus working pressure. If a scalar is expressed then it represents LeakageClass which is flowrate per unit area at a specified pressure rating (e.g., ASHRAE Fundamentals 2001 34.16.).</Definition>
      <PropertyType>
        <TypePropertyReferenceValue reftype="IfcTimeSeries"/>
      </PropertyType>
    </PropertyDef>
    <PropertyDef>
      <Name>FluidFlowLeakage</Name>
      <Definition>Volumetric leakage flow rate.</Definition>
      <PropertyType>
        <TypePropertyReferenceValue reftype="IfcTimeSeries"/>
      </PropertyType>
    </PropertyDef>
  </PropertyDefs>
</PropertySetDef>
