<?xml version="1.0" ?>
<PropertySetDef templatetype="PSET_TYPEDRIVENOVERRIDE" xmlns:xsd="http://www.w3.org/2001/XMLSchema" xmlns:xsi="http://www.w3.org/2001/XMLSchema-instance" xsi:noNamespaceSchemaLocation="http://buildingSMART-tech.org/xml/psd/PSD_IFC4.xsd">
  <IfcVersion version="IFC4X3"/>
  <Name>Pset_JunctionBoxTypeData</Name>
  <Definition>The property set can be used by the predefined type DATA of IfcJunctionBox.</Definition>
  <Applicability/>
  <ApplicableClasses>
    <ClassName>IfcJunctionBox/DATA</ClassName>
    <ClassName>IfcJunctionBoxType/DATA</ClassName>
  </ApplicableClasses>
  <ApplicableTypeValue>IfcJunctionBox/DATA,IfcJunctionBoxType/DATA</ApplicableTypeValue>
  <PropertyDefs>
    <PropertyDef>
      <Name>DataConnectionType</Name>
      <Definition>Indicates the data connection type of the junction box e.g. copper pair, fiber or others.</Definition>
      <PropertyType>
        <TypePropertyEnumeratedValue>
          <EnumList name="PEnum_DataConnectionType">
            <EnumItem>COPPER</EnumItem>
            <EnumItem>FIBER</EnumItem>
            <EnumItem>OTHER</EnumItem>
            <EnumItem>NOTKNOWN</EnumItem>
            <EnumItem>UNSET</EnumItem>
          </EnumList>
        </TypePropertyEnumeratedValue>
      </PropertyType>
    </PropertyDef>
  </PropertyDefs>
</PropertySetDef>
