<?xml version="1.0" ?>
<PropertySetDef templatetype="PSET_OCCURRENCEDRIVEN" xmlns:xsd="http://www.w3.org/2001/XMLSchema" xmlns:xsi="http://www.w3.org/2001/XMLSchema-instance" xsi:noNamespaceSchemaLocation="http://buildingSMART-tech.org/xml/psd/PSD_IFC4.xsd">
  <IfcVersion version="IFC4X3_TC1"/>
  <Name>Pset_BuiltSystemRailwayLine</Name>
  <Definition>Properties common to the definition of a railway line system, which is a set of functional tracks with explicit terminals. It is usually composed of a set of tracks with continuous track parts and alignments.</Definition>
  <Applicability/>
  <ApplicableClasses>
    <ClassName>IfcBuiltSystem/RAILWAYLINE</ClassName>
  </ApplicableClasses>
  <ApplicableTypeValue>IfcBuiltSystem/RAILWAYLINE</ApplicableTypeValue>
  <PropertyDefs>
    <PropertyDef>
      <Name>LineID</Name>
      <Definition>The unique identifier of the line.</Definition>
      <PropertyType>
        <TypePropertySingleValue>
          <DataType type="IfcIdentifier"/>
        </TypePropertySingleValue>
      </PropertyType>
    </PropertyDef>
    <PropertyDef>
      <Name>IsElectrified</Name>
      <Definition>Indicates whether the track system is electrified or not.</Definition>
      <PropertyType>
        <TypePropertySingleValue>
          <DataType type="IfcBoolean"/>
        </TypePropertySingleValue>
      </PropertyType>
    </PropertyDef>
    <PropertyDef>
      <Name>LineCharacteristic</Name>
      <Definition>Indicates the characteristic of the line.</Definition>
      <PropertyType>
        <TypePropertyEnumeratedValue>
          <EnumList name="PEnum_LineCharacteristic">
            <EnumItem>ENTERDEPOT</EnumItem>
            <EnumItem>EXITDEPOT</EnumItem>
            <EnumItem>FREIGHT</EnumItem>
            <EnumItem>PASSENGER</EnumItem>
            <EnumItem>PASSENGERANDFREIGHT</EnumItem>
            <EnumItem>OTHER</EnumItem>
            <EnumItem>NOTKNOWN</EnumItem>
            <EnumItem>UNSET</EnumItem>
          </EnumList>
        </TypePropertyEnumeratedValue>
      </PropertyType>
    </PropertyDef>
  </PropertyDefs>
</PropertySetDef>
