<?xml version="1.0" ?>
<PropertySetDef templatetype="PSET_TYPEDRIVENOVERRIDE" xmlns:xsd="http://www.w3.org/2001/XMLSchema" xmlns:xsi="http://www.w3.org/2001/XMLSchema-instance" xsi:noNamespaceSchemaLocation="http://buildingSMART-tech.org/xml/psd/PSD_IFC4.xsd">
  <IfcVersion version="IFC4X3"/>
  <Name>Pset_ProtectiveDeviceTypeAntiArcingDevice</Name>
  <Definition>Anti arcing device properties used in energy domain. The property set can be used by the predefined type ANTI_ARCING_DEVICE of IfcProtectiveDevice.</Definition>
  <Applicability/>
  <ApplicableClasses>
    <ClassName>IfcProtectiveDevice/ANTI_ARCING_DEVICE</ClassName>
    <ClassName>IfcProtectiveDeviceType/ANTI_ARCING_DEVICE</ClassName>
  </ApplicableClasses>
  <ApplicableTypeValue>IfcProtectiveDevice/ANTI_ARCING_DEVICE,IfcProtectiveDeviceType/ANTI_ARCING_DEVICE</ApplicableTypeValue>
  <PropertyDefs>
    <PropertyDef>
      <Name>RatedVoltage</Name>
      <Definition>The range of allowed voltage that a device is certified to handle. The upper bound of this value is the maximum.</Definition>
      <PropertyType>
        <TypePropertyBoundedValue>
          <DataType type="IfcElectricVoltageMeasure"/>
        </TypePropertyBoundedValue>
      </PropertyType>
    </PropertyDef>
    <PropertyDef>
      <Name>GroundingType</Name>
      <Definition>The type of grounding connection.</Definition>
      <PropertyType>
        <TypePropertySingleValue>
          <DataType type="IfcLabel"/>
        </TypePropertySingleValue>
      </PropertyType>
    </PropertyDef>
  </PropertyDefs>
</PropertySetDef>
