<?xml version="1.0" ?>
<PropertySetDef templatetype="PSET_TYPEDRIVENOVERRIDE" xmlns:xsd="http://www.w3.org/2001/XMLSchema" xmlns:xsi="http://www.w3.org/2001/XMLSchema-instance" xsi:noNamespaceSchemaLocation="http://buildingSMART-tech.org/xml/psd/PSD_IFC4.xsd">
  <IfcVersion version="IFC4X3"/>
  <Name>Pset_BalanceWeightTensionerDesignCriteria</Name>
  <Definition>Properties of a weight tensioner. The property set can be used by the predefined type TENSIONINGEQUIPMENT of IfcDiscreteAccessory.</Definition>
  <Applicability/>
  <ApplicableClasses>
    <ClassName>IfcDiscreteAccessory/TENSIONINGEQUIPMENT</ClassName>
    <ClassName>IfcDiscreteAccessoryType/TENSIONINGEQUIPMENT</ClassName>
  </ApplicableClasses>
  <ApplicableTypeValue>IfcDiscreteAccessory/TENSIONINGEQUIPMENT,IfcDiscreteAccessoryType/TENSIONINGEQUIPMENT</ApplicableTypeValue>
  <PropertyDefs>
    <PropertyDef>
      <Name>ReferenceDistanceRopeToPulley</Name>
      <Definition>The reference design criteria for distance from the end of the rope to the fixed pulley.It defines the nominal distance in relation to temperature.</Definition>
      <PropertyType>
        <TypePropertyTableValue>
          <Expression/>
          <DefiningValue>
            <DataType type="IfcThermodynamicTemperatureMeasure"/>
          </DefiningValue>
          <DefinedValue>
            <DataType type="IfcPositiveLengthMeasure"/>
          </DefinedValue>
        </TypePropertyTableValue>
      </PropertyType>
    </PropertyDef>
    <PropertyDef>
      <Name>ReferenceDistanceTensionerToGround</Name>
      <Definition>The reference design criteria distance from the last tensioner to the ground or the base surface (B value). It defines the nominal distance in relation to temperature.</Definition>
      <PropertyType>
        <TypePropertyTableValue>
          <Expression/>
          <DefiningValue>
            <DataType type="IfcThermodynamicTemperatureMeasure"/>
          </DefiningValue>
          <DefinedValue>
            <DataType type="IfcPositiveLengthMeasure"/>
          </DefinedValue>
        </TypePropertyTableValue>
      </PropertyType>
    </PropertyDef>
  </PropertyDefs>
</PropertySetDef>
