<?xml version="1.0" ?>
<PropertySetDef templatetype="PSET_TYPEDRIVENOVERRIDE" xmlns:xsd="http://www.w3.org/2001/XMLSchema" xmlns:xsi="http://www.w3.org/2001/XMLSchema-instance" xsi:noNamespaceSchemaLocation="http://buildingSMART-tech.org/xml/psd/PSD_IFC4.xsd">
  <IfcVersion version="IFC4X3_TC1"/>
  <Name>Pset_ProcessCapacity</Name>
  <Definition>Property set for the application of process data to spatial elements and transport assets</Definition>
  <Applicability/>
  <ApplicableClasses>
    <ClassName>IfcBuiltSystem</ClassName>
    <ClassName>IfcDistributionSystem</ClassName>
    <ClassName>IfcDoor</ClassName>
    <ClassName>IfcSpace</ClassName>
    <ClassName>IfcTransportationDevice</ClassName>
    <ClassName>IfcZone</ClassName>
    <ClassName>IfcDoorType</ClassName>
    <ClassName>IfcSpaceType</ClassName>
    <ClassName>IfcTransportationDeviceType</ClassName>
  </ApplicableClasses>
  <ApplicableTypeValue>IfcBuiltSystem,IfcDistributionSystem,IfcDoor,IfcSpace,IfcTransportationDevice,IfcZone,IfcDoorType,IfcSpaceType,IfcTransportationDeviceType</ApplicableTypeValue>
  <PropertyDefs>
    <PropertyDef>
      <Name>ProcessItem</Name>
      <Definition>The type of item (and its measurement method) being modelled within a process. This can be cargo, passengers or vehicles that pass through the system.</Definition>
      <PropertyType>
        <TypePropertyEnumeratedValue>
          <EnumList name="PEnum_ProcessItem">
            <EnumItem>BARREL</EnumItem>
            <EnumItem>CGT</EnumItem>
            <EnumItem>PASSENGER</EnumItem>
            <EnumItem>TEU</EnumItem>
            <EnumItem>TONNE</EnumItem>
            <EnumItem>VEHICLE</EnumItem>
            <EnumItem>OTHER</EnumItem>
            <EnumItem>NOTKNOWN</EnumItem>
            <EnumItem>UNSET</EnumItem>
          </EnumList>
        </TypePropertyEnumeratedValue>
      </PropertyType>
    </PropertyDef>
    <PropertyDef>
      <Name>ProcessCapacity</Name>
      <Definition>The number of units that can be processed in the time defined in ProcessPerformance</Definition>
      <PropertyType>
        <TypePropertySingleValue>
          <DataType type="IfcCountMeasure"/>
        </TypePropertySingleValue>
      </PropertyType>
    </PropertyDef>
    <PropertyDef>
      <Name>ProcessPerformance</Name>
      <Definition>Minimum time to accept or dispatch the entire item capacity.</Definition>
      <PropertyType>
        <TypePropertySingleValue>
          <DataType type="IfcDuration"/>
        </TypePropertySingleValue>
      </PropertyType>
    </PropertyDef>
    <PropertyDef>
      <Name>DownstreamConnections</Name>
      <Definition>Names of downstream connected equipment and spaces (comma-separated), if not otherwise represented</Definition>
      <PropertyType>
        <TypePropertyListValue>
          <ListValue>
            <DataType type="IfcLabel"/>
          </ListValue>
        </TypePropertyListValue>
      </PropertyType>
    </PropertyDef>
    <PropertyDef>
      <Name>UpstreamConnections</Name>
      <Definition>Names of upstream connected equipment and spaces (comma-separated), if not otherwise represented</Definition>
      <PropertyType>
        <TypePropertyListValue>
          <ListValue>
            <DataType type="IfcLabel"/>
          </ListValue>
        </TypePropertyListValue>
      </PropertyType>
    </PropertyDef>
  </PropertyDefs>
</PropertySetDef>
