<?xml version="1.0" ?>
<PropertySetDef templatetype="PSET_TYPEDRIVENOVERRIDE" xmlns:xsd="http://www.w3.org/2001/XMLSchema" xmlns:xsi="http://www.w3.org/2001/XMLSchema-instance" xsi:noNamespaceSchemaLocation="http://buildingSMART-tech.org/xml/psd/PSD_IFC4.xsd">
  <IfcVersion version="IFC4X3_ADD1"/>
  <Name>Pset_ElectricMotorTypeCommon</Name>
  <Definition>Defines a particular type of engine that is a machine for converting electrical energy into mechanical energy. Note that in cases where a close coupled or monobloc pump or close coupled fan is being driven by the motor, the motor may itself be considered to be directly part of the pump or fan. In this case , motor information may need to be specified directly at the pump or fan and not througfh separate motor/motor connection entities. NOTE: StartingTime and TeTime added at IFC4</Definition>
  <Applicability/>
  <ApplicableClasses>
    <ClassName>IfcElectricMotor</ClassName>
    <ClassName>IfcElectricMotorType</ClassName>
  </ApplicableClasses>
  <ApplicableTypeValue>IfcElectricMotor,IfcElectricMotorType</ApplicableTypeValue>
  <PropertyDefs>
    <PropertyDef>
      <Name>Reference</Name>
      <Definition>Reference ID for this specified type in this project (e.g. type 'A-1'), Also referred to as &quot;construction type&quot;. It should be provided as an alternative to the name of the &quot;object type&quot;, if the software does not support object types and no classification reference to a recognized classification system used.IFC4.3.0.0 DEPRECATION  The Reference property is deprecated and shall no longer be used, use attribute Name on the relating type instead.</Definition>
      <PropertyType>
        <TypePropertySingleValue>
          <DataType type="IfcIdentifier"/>
        </TypePropertySingleValue>
      </PropertyType>
    </PropertyDef>
    <PropertyDef>
      <Name>Status</Name>
      <Definition>Status of the element, predominately used in renovation or retrofitting projects. The status can be assigned to as &quot;New&quot; - element designed as new addition, &quot;Existing&quot; - element exists and remains, &quot;Demolish&quot; - element existed but is to be demolished,  &quot;Temporary&quot; - element will exists only temporary (like a temporary support structure).</Definition>
      <PropertyType>
        <TypePropertyEnumeratedValue>
          <EnumList name="PEnum_ElementStatus">
            <EnumItem>DEMOLISH</EnumItem>
            <EnumItem>EXISTING</EnumItem>
            <EnumItem>NEW</EnumItem>
            <EnumItem>TEMPORARY</EnumItem>
            <EnumItem>OTHER</EnumItem>
            <EnumItem>NOTKNOWN</EnumItem>
            <EnumItem>UNSET</EnumItem>
          </EnumList>
        </TypePropertyEnumeratedValue>
      </PropertyType>
    </PropertyDef>
    <PropertyDef>
      <Name>MaximumPowerOutput</Name>
      <Definition>The maximum output power rating of the engine.</Definition>
      <PropertyType>
        <TypePropertySingleValue>
          <DataType type="IfcPowerMeasure"/>
        </TypePropertySingleValue>
      </PropertyType>
    </PropertyDef>
    <PropertyDef>
      <Name>ElectricMotorEfficiency</Name>
      <Definition>The ratio of output capacity to intake capacity.</Definition>
      <PropertyType>
        <TypePropertySingleValue>
          <DataType type="IfcPositiveRatioMeasure"/>
        </TypePropertySingleValue>
      </PropertyType>
    </PropertyDef>
    <PropertyDef>
      <Name>StartCurrentFactor</Name>
      <Definition>IEC. Start current factor defines how large the peak starting current will become on the engine. StartCurrentFactor is multiplied to NominalCurrent and to give the start current.</Definition>
      <PropertyType>
        <TypePropertySingleValue>
          <DataType type="IfcReal"/>
        </TypePropertySingleValue>
      </PropertyType>
    </PropertyDef>
    <PropertyDef>
      <Name>StartingTime</Name>
      <Definition>The time (in s) needed for the motor to reach its rated speed with its driven equipment attached, starting from standstill and at the nominal voltage applied at its terminals.</Definition>
      <PropertyType>
        <TypePropertySingleValue>
          <DataType type="IfcTimeMeasure"/>
        </TypePropertySingleValue>
      </PropertyType>
    </PropertyDef>
    <PropertyDef>
      <Name>TeTime</Name>
      <Definition>The maximum time (in s) at which the motor could run with locked rotor when the motor is used in an EX-environment. The time indicates that a protective device should trip before this time when the starting current of the motor is slowing through the device.</Definition>
      <PropertyType>
        <TypePropertySingleValue>
          <DataType type="IfcTimeMeasure"/>
        </TypePropertySingleValue>
      </PropertyType>
    </PropertyDef>
    <PropertyDef>
      <Name>LockedRotorCurrent</Name>
      <Definition>Input current when a motor armature is energized but not rotating.</Definition>
      <PropertyType>
        <TypePropertySingleValue>
          <DataType type="IfcElectricCurrentMeasure"/>
        </TypePropertySingleValue>
      </PropertyType>
    </PropertyDef>
    <PropertyDef>
      <Name>MotorEnclosureType</Name>
      <Definition>A list of the available types of motor enclosure from which that required may be selected.</Definition>
      <PropertyType>
        <TypePropertyEnumeratedValue>
          <EnumList name="PEnum_MotorEnclosureType">
            <EnumItem>OPENDRIPPROOF</EnumItem>
            <EnumItem>TOTALLYENCLOSEDAIROVER</EnumItem>
            <EnumItem>TOTALLYENCLOSEDFANCOOLED</EnumItem>
            <EnumItem>TOTALLYENCLOSEDNONVENTILATED</EnumItem>
            <EnumItem>OTHER</EnumItem>
            <EnumItem>NOTKNOWN</EnumItem>
            <EnumItem>UNSET</EnumItem>
          </EnumList>
        </TypePropertyEnumeratedValue>
      </PropertyType>
    </PropertyDef>
    <PropertyDef>
      <Name>FrameSize</Name>
      <Definition>Designation of the frame size according to the named range of frame sizes designated at the place of use or according to a given standard.</Definition>
      <PropertyType>
        <TypePropertySingleValue>
          <DataType type="IfcLabel"/>
        </TypePropertySingleValue>
      </PropertyType>
    </PropertyDef>
    <PropertyDef>
      <Name>IsGuarded</Name>
      <Definition>Indication of whether the motor enclosure is guarded (= TRUE) or not (= FALSE).</Definition>
      <PropertyType>
        <TypePropertySingleValue>
          <DataType type="IfcBoolean"/>
        </TypePropertySingleValue>
      </PropertyType>
    </PropertyDef>
    <PropertyDef>
      <Name>HasPartWinding</Name>
      <Definition>Indication of whether the motor is single speed, i.e. has a single winding (= FALSE) or multi-speed i.e.has part winding (= TRUE) .</Definition>
      <PropertyType>
        <TypePropertySingleValue>
          <DataType type="IfcBoolean"/>
        </TypePropertySingleValue>
      </PropertyType>
    </PropertyDef>
  </PropertyDefs>
</PropertySetDef>
