<?xml version="1.0" ?>
<PropertySetDef templatetype="PSET_TYPEDRIVENOVERRIDE" xmlns:xsd="http://www.w3.org/2001/XMLSchema" xmlns:xsi="http://www.w3.org/2001/XMLSchema-instance" xsi:noNamespaceSchemaLocation="http://buildingSMART-tech.org/xml/psd/PSD_IFC4.xsd">
  <IfcVersion version="IFC4X3_TC1"/>
  <Name>Pset_CommunicationsApplianceTypeTransportEquipment</Name>
  <Definition>Properties common to a transport equipment. This property set is applied to a type or occurrence of IfcCommunicationsAppliance with predefined type TRANSPORTEQUIPMENT.</Definition>
  <Applicability/>
  <ApplicableClasses>
    <ClassName>IfcCommunicationsAppliance/TRANSPORTEQUIPMENT</ClassName>
    <ClassName>IfcCommunicationsApplianceType/TRANSPORTEQUIPMENT</ClassName>
  </ApplicableClasses>
  <ApplicableTypeValue>IfcCommunicationsAppliance/TRANSPORTEQUIPMENT,IfcCommunicationsApplianceType/TRANSPORTEQUIPMENT</ApplicableTypeValue>
  <PropertyDefs>
    <PropertyDef>
      <Name>IsUpgradable</Name>
      <Definition>Indicates whether the transport equipment can be upgraded or not.</Definition>
      <PropertyType>
        <TypePropertySingleValue>
          <DataType type="IfcBoolean"/>
        </TypePropertySingleValue>
      </PropertyType>
    </PropertyDef>
    <PropertyDef>
      <Name>ElectricalCrossCapacity</Name>
      <Definition>Indicates the electrical cross capacity of the transport equipment.</Definition>
      <PropertyType>
        <TypePropertySingleValue>
          <DataType type="IfcLabel"/>
        </TypePropertySingleValue>
      </PropertyType>
    </PropertyDef>
    <PropertyDef>
      <Name>NumberOfSlots</Name>
      <Definition>Indicates the number of  slots.</Definition>
      <PropertyType>
        <TypePropertySingleValue>
          <DataType type="IfcCountMeasure"/>
        </TypePropertySingleValue>
      </PropertyType>
    </PropertyDef>
    <PropertyDef>
      <Name>TransportEquipmentType</Name>
      <Definition>Indicates the type of transport equipment.</Definition>
      <PropertyType>
        <TypePropertyEnumeratedValue>
          <EnumList name="PEnum_TransportEquipmentType">
            <EnumItem>MPLS_TP</EnumItem>
            <EnumItem>OTN</EnumItem>
            <EnumItem>PDH</EnumItem>
            <EnumItem>SDH</EnumItem>
            <EnumItem>OTHER</EnumItem>
            <EnumItem>NOTKNOWN</EnumItem>
            <EnumItem>UNSET</EnumItem>
          </EnumList>
        </TypePropertyEnumeratedValue>
      </PropertyType>
    </PropertyDef>
    <PropertyDef>
      <Name>TransportEquipmentAssemblyType</Name>
      <Definition>Indicates the type of transport equipment assembly.</Definition>
      <PropertyType>
        <TypePropertyEnumeratedValue>
          <EnumList name="PEnum_TransportEquipmentAssemblyType">
            <EnumItem>FIXEDCONFIGURATION</EnumItem>
            <EnumItem>MODULARCONFIGURATION</EnumItem>
            <EnumItem>OTHER</EnumItem>
            <EnumItem>NOTKNOWN</EnumItem>
            <EnumItem>UNSET</EnumItem>
          </EnumList>
        </TypePropertyEnumeratedValue>
      </PropertyType>
    </PropertyDef>
  </PropertyDefs>
</PropertySetDef>
