<?xml version="1.0" ?>
<PropertySetDef templatetype="PSET_OCCURRENCEDRIVEN" xmlns:xsd="http://www.w3.org/2001/XMLSchema" xmlns:xsi="http://www.w3.org/2001/XMLSchema-instance" xsi:noNamespaceSchemaLocation="http://buildingSMART-tech.org/xml/psd/PSD_IFC4.xsd">
  <IfcVersion version="IFC4X3"/>
  <Name>Pset_ActorCommon</Name>
  <Definition>A property set that enables further classification of actors, including the ability to give a number of actors to be designated as a population, the number being specified as a property to be dealt with as a single value rather than having to aggregate a number of instances of IfcActor.</Definition>
  <Applicability/>
  <ApplicableClasses>
    <ClassName>IfcActor</ClassName>
  </ApplicableClasses>
  <ApplicableTypeValue>IfcActor</ApplicableTypeValue>
  <PropertyDefs>
    <PropertyDef>
      <Name>NumberOfActors</Name>
      <Definition>The number of actors that are to be dealt with together in the population.</Definition>
      <PropertyType>
        <TypePropertySingleValue>
          <DataType type="IfcCountMeasure"/>
        </TypePropertySingleValue>
      </PropertyType>
    </PropertyDef>
    <PropertyDef>
      <Name>ActorCategory</Name>
      <Definition>Designation of the category into which the actors in the population belong.</Definition>
      <PropertyType>
        <TypePropertySingleValue>
          <DataType type="IfcLabel"/>
        </TypePropertySingleValue>
      </PropertyType>
    </PropertyDef>
    <PropertyDef>
      <Name>SkillLevel</Name>
      <Definition>Skill level exhibited by the actor and which indicates an extent of their capability to perform actions on the artefacts upon which they can act.</Definition>
      <PropertyType>
        <TypePropertySingleValue>
          <DataType type="IfcLabel"/>
        </TypePropertySingleValue>
      </PropertyType>
    </PropertyDef>
  </PropertyDefs>
</PropertySetDef>
