<?xml version="1.0" ?>
<PropertySetDef templatetype="PSET_TYPEDRIVENOVERRIDE" xmlns:xsd="http://www.w3.org/2001/XMLSchema" xmlns:xsi="http://www.w3.org/2001/XMLSchema-instance" xsi:noNamespaceSchemaLocation="http://buildingSMART-tech.org/xml/psd/PSD_IFC4.xsd">
  <IfcVersion version="IFC4X3"/>
  <Name>Pset_ImpactProtectionDeviceTypeBumper</Name>
  <Definition>Properties common to all occurrences and types of IfcImpactProtectionDevice with PredefinedType set to BUMPER.</Definition>
  <Applicability/>
  <ApplicableClasses>
    <ClassName>IfcImpactProtectionDevice/BUMPER</ClassName>
    <ClassName>IfcImpactProtectionDeviceType/BUMPER</ClassName>
  </ApplicableClasses>
  <ApplicableTypeValue>IfcImpactProtectionDevice/BUMPER,IfcImpactProtectionDeviceType/BUMPER</ApplicableTypeValue>
  <PropertyDefs>
    <PropertyDef>
      <Name>IsAbsorbingEnergy</Name>
      <Definition>Indicates whether the bumper absorbs energy or not.</Definition>
      <PropertyType>
        <TypePropertySingleValue>
          <DataType type="IfcBoolean"/>
        </TypePropertySingleValue>
      </PropertyType>
    </PropertyDef>
    <PropertyDef>
      <Name>MaximumLoadRetention</Name>
      <Definition>Maximum possible impact load retention.</Definition>
      <PropertyType>
        <TypePropertySingleValue>
          <DataType type="IfcForceMeasure"/>
        </TypePropertySingleValue>
      </PropertyType>
    </PropertyDef>
    <PropertyDef>
      <Name>EnergyAbsorption</Name>
      <Definition>Energy absorption capacity of the element.</Definition>
      <PropertyType>
        <TypePropertySingleValue>
          <DataType type="IfcEnergyMeasure"/>
        </TypePropertySingleValue>
      </PropertyType>
    </PropertyDef>
  </PropertyDefs>
</PropertySetDef>
