<?xml version="1.0" ?>
<PropertySetDef templatetype="PSET_TYPEDRIVENOVERRIDE" xmlns:xsd="http://www.w3.org/2001/XMLSchema" xmlns:xsi="http://www.w3.org/2001/XMLSchema-instance" xsi:noNamespaceSchemaLocation="http://buildingSMART-tech.org/xml/psd/PSD_IFC4.xsd">
  <IfcVersion version="IFC4X3_ADD1"/>
  <Name>Pset_DiscreteAccessoryTypeSlidingChair</Name>
  <Definition>Properties of a sliding chair. The property set can be used by the predefined type SLIDINGCHAIR of IfcDiscreteAccessory.</Definition>
  <Applicability/>
  <ApplicableClasses>
    <ClassName>IfcDiscreteAccessory/SLIDINGCHAIR</ClassName>
    <ClassName>IfcDiscreteAccessoryType/SLIDINGCHAIR</ClassName>
  </ApplicableClasses>
  <ApplicableTypeValue>IfcDiscreteAccessory/SLIDINGCHAIR,IfcDiscreteAccessoryType/SLIDINGCHAIR</ApplicableTypeValue>
  <PropertyDefs>
    <PropertyDef>
      <Name>IsSelfLubricated</Name>
      <Definition>Indicates whether the element is self lubricated or not.</Definition>
      <PropertyType>
        <TypePropertySingleValue>
          <DataType type="IfcBoolean"/>
        </TypePropertySingleValue>
      </PropertyType>
    </PropertyDef>
  </PropertyDefs>
</PropertySetDef>
