<?xml version="1.0" ?>
<PropertySetDef templatetype="PSET_TYPEDRIVENOVERRIDE" xmlns:xsd="http://www.w3.org/2001/XMLSchema" xmlns:xsi="http://www.w3.org/2001/XMLSchema-instance" xsi:noNamespaceSchemaLocation="http://buildingSMART-tech.org/xml/psd/PSD_IFC4.xsd">
  <IfcVersion version="IFC4X3"/>
  <Name>Pset_EnvironmentalEmissions</Name>
  <Definition>Property set for the application of energy emissions produced by facility and physical elements.</Definition>
  <Applicability/>
  <ApplicableClasses>
    <ClassName>IfcDistributionElement</ClassName>
    <ClassName>IfcDistributionElementType</ClassName>
    <ClassName>IfcTransportationDevice</ClassName>
    <ClassName>IfcTransportationDeviceType</ClassName>
    <ClassName>IfcDistributionElementType</ClassName>
    <ClassName>IfcDistributionElement</ClassName>
    <ClassName>IfcTransportationDeviceType</ClassName>
    <ClassName>IfcTransportationDevice</ClassName>
  </ApplicableClasses>
  <ApplicableTypeValue>IfcDistributionElement,IfcDistributionElementType,IfcTransportationDevice,IfcTransportationDeviceType,IfcDistributionElementType,IfcDistributionElement,IfcTransportationDeviceType,IfcTransportationDevice</ApplicableTypeValue>
  <PropertyDefs>
    <PropertyDef>
      <Name>CarbonDioxideEmissions</Name>
      <Definition>Rate of emission of carbon dioxide</Definition>
      <PropertyType>
        <TypePropertySingleValue>
          <DataType type="IfcMassFlowRateMeasure"/>
        </TypePropertySingleValue>
      </PropertyType>
    </PropertyDef>
    <PropertyDef>
      <Name>SulphurDioxideEmissions</Name>
      <Definition>Rate of emission of sulphur dioxide</Definition>
      <PropertyType>
        <TypePropertySingleValue>
          <DataType type="IfcMassFlowRateMeasure"/>
        </TypePropertySingleValue>
      </PropertyType>
    </PropertyDef>
    <PropertyDef>
      <Name>NitrogenOxidesEmissions</Name>
      <Definition>Rate of emission of nitrogen oxides</Definition>
      <PropertyType>
        <TypePropertySingleValue>
          <DataType type="IfcMassFlowRateMeasure"/>
        </TypePropertySingleValue>
      </PropertyType>
    </PropertyDef>
    <PropertyDef>
      <Name>ParticulateMatterEmissions</Name>
      <Definition>Rate of emission of particulate matter</Definition>
      <PropertyType>
        <TypePropertySingleValue>
          <DataType type="IfcMassFlowRateMeasure"/>
        </TypePropertySingleValue>
      </PropertyType>
    </PropertyDef>
    <PropertyDef>
      <Name>NoiseEmissions</Name>
      <Definition>Level of sound emission</Definition>
      <PropertyType>
        <TypePropertySingleValue>
          <DataType type="IfcSoundPowerLevelMeasure"/>
        </TypePropertySingleValue>
      </PropertyType>
    </PropertyDef>
  </PropertyDefs>
</PropertySetDef>
