<?xml version="1.0" ?>
<PropertySetDef templatetype="PSET_TYPEDRIVENOVERRIDE" xmlns:xsd="http://www.w3.org/2001/XMLSchema" xmlns:xsi="http://www.w3.org/2001/XMLSchema-instance" xsi:noNamespaceSchemaLocation="http://buildingSMART-tech.org/xml/psd/PSD_IFC4.xsd">
  <IfcVersion version="IFC4X3_ADD1"/>
  <Name>Pset_LightFixtureTypeCommon</Name>
  <Definition>Common data for light fixtures.
History: IFC4 - Article number and manufacturer specific information deleted. Use Pset_ManufacturerTypeInformation. ArticleNumber instead.   Load properties moved from Pset_LightFixtureTypeThermal (deleted).</Definition>
  <Applicability/>
  <ApplicableClasses>
    <ClassName>IfcLightFixture</ClassName>
    <ClassName>IfcLightFixtureType</ClassName>
  </ApplicableClasses>
  <ApplicableTypeValue>IfcLightFixture,IfcLightFixtureType</ApplicableTypeValue>
  <PropertyDefs>
    <PropertyDef>
      <Name>Reference</Name>
      <Definition>Reference ID for this specified type in this project (e.g. type 'A-1'), Also referred to as &quot;construction type&quot;. It should be provided as an alternative to the name of the &quot;object type&quot;, if the software does not support object types and no classification reference to a recognized classification system used.IFC4.3.0.0 DEPRECATION  The Reference property is deprecated and shall no longer be used, use attribute Name on the relating type instead.</Definition>
      <PropertyType>
        <TypePropertySingleValue>
          <DataType type="IfcIdentifier"/>
        </TypePropertySingleValue>
      </PropertyType>
    </PropertyDef>
    <PropertyDef>
      <Name>Status</Name>
      <Definition>Status of the element, predominately used in renovation or retrofitting projects. The status can be assigned to as &quot;New&quot; - element designed as new addition, &quot;Existing&quot; - element exists and remains, &quot;Demolish&quot; - element existed but is to be demolished,  &quot;Temporary&quot; - element will exists only temporary (like a temporary support structure).</Definition>
      <PropertyType>
        <TypePropertyEnumeratedValue>
          <EnumList name="PEnum_ElementStatus">
            <EnumItem>DEMOLISH</EnumItem>
            <EnumItem>EXISTING</EnumItem>
            <EnumItem>NEW</EnumItem>
            <EnumItem>TEMPORARY</EnumItem>
            <EnumItem>OTHER</EnumItem>
            <EnumItem>NOTKNOWN</EnumItem>
            <EnumItem>UNSET</EnumItem>
          </EnumList>
        </TypePropertyEnumeratedValue>
      </PropertyType>
    </PropertyDef>
    <PropertyDef>
      <Name>NumberOfSources</Name>
      <Definition>Number of sources .</Definition>
      <PropertyType>
        <TypePropertySingleValue>
          <DataType type="IfcCountMeasure"/>
        </TypePropertySingleValue>
      </PropertyType>
    </PropertyDef>
    <PropertyDef>
      <Name>TotalWattage</Name>
      <Definition>Wattage on whole lightfitting device with all sources intact.</Definition>
      <PropertyType>
        <TypePropertySingleValue>
          <DataType type="IfcPowerMeasure"/>
        </TypePropertySingleValue>
      </PropertyType>
    </PropertyDef>
    <PropertyDef>
      <Name>LightFixtureMountingType</Name>
      <Definition>A list of the available types of mounting for light fixtures from which that required may be selected.</Definition>
      <PropertyType>
        <TypePropertyEnumeratedValue>
          <EnumList name="PEnum_LightFixtureMountingType">
            <EnumItem>CABLESPANNED</EnumItem>
            <EnumItem>FREESTANDING</EnumItem>
            <EnumItem>POLE_SIDE</EnumItem>
            <EnumItem>POLE_TOP</EnumItem>
            <EnumItem>RECESSED</EnumItem>
            <EnumItem>SURFACE</EnumItem>
            <EnumItem>SUSPENDED</EnumItem>
            <EnumItem>TRACKMOUNTED</EnumItem>
            <EnumItem>OTHER</EnumItem>
            <EnumItem>NOTKNOWN</EnumItem>
            <EnumItem>UNSET</EnumItem>
          </EnumList>
        </TypePropertyEnumeratedValue>
      </PropertyType>
    </PropertyDef>
    <PropertyDef>
      <Name>LightFixturePlacingType</Name>
      <Definition>A list of the available types of placing specification for light fixtures from which that required may be selected.</Definition>
      <PropertyType>
        <TypePropertyEnumeratedValue>
          <EnumList name="PEnum_LightFixturePlacingType">
            <EnumItem>CEILING</EnumItem>
            <EnumItem>FLOOR</EnumItem>
            <EnumItem>FURNITURE</EnumItem>
            <EnumItem>POLE</EnumItem>
            <EnumItem>WALL</EnumItem>
            <EnumItem>OTHER</EnumItem>
            <EnumItem>NOTKNOWN</EnumItem>
            <EnumItem>UNSET</EnumItem>
          </EnumList>
        </TypePropertyEnumeratedValue>
      </PropertyType>
    </PropertyDef>
    <PropertyDef>
      <Name>MaintenanceFactor</Name>
      <Definition>The arithmetical allowance made for depreciation of lamps and reflective equipment from their initial values due to dirt, fumes, or age.</Definition>
      <PropertyType>
        <TypePropertySingleValue>
          <DataType type="IfcReal"/>
        </TypePropertySingleValue>
      </PropertyType>
    </PropertyDef>
    <PropertyDef>
      <Name>MaximumPlenumSensibleLoad</Name>
      <Definition>Maximum or Peak sensible thermal load contributed to return air plenum by the light fixture.</Definition>
      <PropertyType>
        <TypePropertySingleValue>
          <DataType type="IfcPowerMeasure"/>
        </TypePropertySingleValue>
      </PropertyType>
    </PropertyDef>
    <PropertyDef>
      <Name>MaximumSpaceSensibleLoad</Name>
      <Definition>Maximum or Peak sensible thermal load contributed to the conditioned space by the light fixture.</Definition>
      <PropertyType>
        <TypePropertySingleValue>
          <DataType type="IfcPowerMeasure"/>
        </TypePropertySingleValue>
      </PropertyType>
    </PropertyDef>
    <PropertyDef>
      <Name>SensibleLoadToRadiant</Name>
      <Definition>Percent of sensible thermal load to radiant heat.</Definition>
      <PropertyType>
        <TypePropertySingleValue>
          <DataType type="IfcPositiveRatioMeasure"/>
        </TypePropertySingleValue>
      </PropertyType>
    </PropertyDef>
  </PropertyDefs>
</PropertySetDef>
