<?xml version="1.0" ?>
<PropertySetDef templatetype="PSET_TYPEDRIVENOVERRIDE" xmlns:xsd="http://www.w3.org/2001/XMLSchema" xmlns:xsi="http://www.w3.org/2001/XMLSchema-instance" xsi:noNamespaceSchemaLocation="http://buildingSMART-tech.org/xml/psd/PSD_IFC4.xsd">
  <IfcVersion version="IFC4X3"/>
  <Name>Pset_EnvironmentalImpactValues</Name>
  <Definition>The following properties capture environmental impact values of an element. They correspond to the indicators defined into Pset_EnvironmentalImpactIndicators.
Environmental impact values are obtained multiplying indicator value per unit by the relevant quantity of the element.</Definition>
  <Applicability/>
  <ApplicableClasses>
    <ClassName>IfcElement</ClassName>
    <ClassName>IfcElementType</ClassName>
  </ApplicableClasses>
  <ApplicableTypeValue>IfcElement,IfcElementType</ApplicableTypeValue>
  <PropertyDefs>
    <PropertyDef>
      <Name>TotalPrimaryEnergyConsumption</Name>
      <Definition>Quantity of energy used as defined in ISO21930:2007.</Definition>
      <PropertyType>
        <TypePropertySingleValue>
          <DataType type="IfcEnergyMeasure"/>
        </TypePropertySingleValue>
      </PropertyType>
    </PropertyDef>
    <PropertyDef>
      <Name>WaterConsumption</Name>
      <Definition>Quantity of water used.</Definition>
      <PropertyType>
        <TypePropertySingleValue>
          <DataType type="IfcVolumeMeasure"/>
        </TypePropertySingleValue>
      </PropertyType>
    </PropertyDef>
    <PropertyDef>
      <Name>HazardousWaste</Name>
      <Definition>Quantity of hazardous waste generated.</Definition>
      <PropertyType>
        <TypePropertySingleValue>
          <DataType type="IfcMassMeasure"/>
        </TypePropertySingleValue>
      </PropertyType>
    </PropertyDef>
    <PropertyDef>
      <Name>NonHazardousWaste</Name>
      <Definition>Quantity of non hazardous waste generated.</Definition>
      <PropertyType>
        <TypePropertySingleValue>
          <DataType type="IfcMassMeasure"/>
        </TypePropertySingleValue>
      </PropertyType>
    </PropertyDef>
    <PropertyDef>
      <Name>ClimateChange</Name>
      <Definition>Quantity of greenhouse gases emitted calculated in equivalent CO2.</Definition>
      <PropertyType>
        <TypePropertySingleValue>
          <DataType type="IfcMassMeasure"/>
        </TypePropertySingleValue>
      </PropertyType>
    </PropertyDef>
    <PropertyDef>
      <Name>AtmosphericAcidification</Name>
      <Definition>Quantity of gases responsible for the atmospheric acidification calculated in equivalent SO2.</Definition>
      <PropertyType>
        <TypePropertySingleValue>
          <DataType type="IfcMassMeasure"/>
        </TypePropertySingleValue>
      </PropertyType>
    </PropertyDef>
    <PropertyDef>
      <Name>RenewableEnergyConsumption</Name>
      <Definition>Quantity of renewable energy used as defined in ISO21930:2007</Definition>
      <PropertyType>
        <TypePropertySingleValue>
          <DataType type="IfcEnergyMeasure"/>
        </TypePropertySingleValue>
      </PropertyType>
    </PropertyDef>
    <PropertyDef>
      <Name>NonRenewableEnergyConsumption</Name>
      <Definition>Quantity of non-renewable energy used as defined in ISO21930:2007</Definition>
      <PropertyType>
        <TypePropertySingleValue>
          <DataType type="IfcEnergyMeasure"/>
        </TypePropertySingleValue>
      </PropertyType>
    </PropertyDef>
    <PropertyDef>
      <Name>ResourceDepletion</Name>
      <Definition>Quantity of resources used calculated in equivalent antimony.</Definition>
      <PropertyType>
        <TypePropertySingleValue>
          <DataType type="IfcMassMeasure"/>
        </TypePropertySingleValue>
      </PropertyType>
    </PropertyDef>
    <PropertyDef>
      <Name>InertWaste</Name>
      <Definition>Quantity of inert waste generated .</Definition>
      <PropertyType>
        <TypePropertySingleValue>
          <DataType type="IfcMassMeasure"/>
        </TypePropertySingleValue>
      </PropertyType>
    </PropertyDef>
    <PropertyDef>
      <Name>RadioactiveWaste</Name>
      <Definition>Quantity of radioactive waste generated.</Definition>
      <PropertyType>
        <TypePropertySingleValue>
          <DataType type="IfcMassMeasure"/>
        </TypePropertySingleValue>
      </PropertyType>
    </PropertyDef>
    <PropertyDef>
      <Name>StratosphericOzoneLayerDestruction</Name>
      <Definition>Quantity of gases destroying the stratospheric ozone layer calculated in equivalent CFC-R11.</Definition>
      <PropertyType>
        <TypePropertySingleValue>
          <DataType type="IfcMassMeasure"/>
        </TypePropertySingleValue>
      </PropertyType>
    </PropertyDef>
    <PropertyDef>
      <Name>PhotochemicalOzoneFormation</Name>
      <Definition>Quantity of gases creating the photochemical ozone calculated in equivalent ethylene.</Definition>
      <PropertyType>
        <TypePropertySingleValue>
          <DataType type="IfcMassMeasure"/>
        </TypePropertySingleValue>
      </PropertyType>
    </PropertyDef>
    <PropertyDef>
      <Name>Eutrophication</Name>
      <Definition>Quantity of eutrophicating compounds calculated in equivalent PO4.</Definition>
      <PropertyType>
        <TypePropertySingleValue>
          <DataType type="IfcMassMeasure"/>
        </TypePropertySingleValue>
      </PropertyType>
    </PropertyDef>
    <PropertyDef>
      <Name>LeadInTime</Name>
      <Definition>Lead in time before start of process.</Definition>
      <PropertyType>
        <TypePropertySingleValue>
          <DataType type="IfcDuration"/>
        </TypePropertySingleValue>
      </PropertyType>
    </PropertyDef>
    <PropertyDef>
      <Name>Duration</Name>
      <Definition>Duration.</Definition>
      <PropertyType>
        <TypePropertySingleValue>
          <DataType type="IfcDuration"/>
        </TypePropertySingleValue>
      </PropertyType>
    </PropertyDef>
    <PropertyDef>
      <Name>LeadOutTime</Name>
      <Definition>Lead out time after end of process.</Definition>
      <PropertyType>
        <TypePropertySingleValue>
          <DataType type="IfcDuration"/>
        </TypePropertySingleValue>
      </PropertyType>
    </PropertyDef>
  </PropertyDefs>
</PropertySetDef>
