<?xml version="1.0" ?>
<PropertySetDef templatetype="PSET_OCCURRENCEDRIVEN" xmlns:xsd="http://www.w3.org/2001/XMLSchema" xmlns:xsi="http://www.w3.org/2001/XMLSchema-instance" xsi:noNamespaceSchemaLocation="http://buildingSMART-tech.org/xml/psd/PSD_IFC4.xsd">
  <IfcVersion version="IFC4X3_ADD1"/>
  <Name>Pset_ImpactProtectionDeviceOccurrenceBumper</Name>
  <Definition>Properties common to all occurrences of IfcImpactProtectionDevice with PredefinedType set to BUMPER.</Definition>
  <Applicability/>
  <ApplicableClasses>
    <ClassName>IfcImpactProtectionDevice/BUMPER</ClassName>
  </ApplicableClasses>
  <ApplicableTypeValue>IfcImpactProtectionDevice/BUMPER</ApplicableTypeValue>
  <PropertyDefs>
    <PropertyDef>
      <Name>BrakingLength</Name>
      <Definition>Length of the braking distance as a design parameter of the bumper occurrence.</Definition>
      <PropertyType>
        <TypePropertySingleValue>
          <DataType type="IfcPositiveLengthMeasure"/>
        </TypePropertySingleValue>
      </PropertyType>
    </PropertyDef>
    <PropertyDef>
      <Name>IsRemovableBumper</Name>
      <Definition>Indicates if the bumper is removable or not.</Definition>
      <PropertyType>
        <TypePropertySingleValue>
          <DataType type="IfcBoolean"/>
        </TypePropertySingleValue>
      </PropertyType>
    </PropertyDef>
    <PropertyDef>
      <Name>BumperOrientation</Name>
      <Definition>Direction in which the bumper is aligned, e.g. same direction as increasing stationing values or opposite.</Definition>
      <PropertyType>
        <TypePropertyEnumeratedValue>
          <EnumList name="PEnum_BumperOrientation">
            <EnumItem>OPPOSITETOSTATIONDIRECTION</EnumItem>
            <EnumItem>STATIONDIRECTION</EnumItem>
            <EnumItem>OTHER</EnumItem>
            <EnumItem>NOTKNOWN</EnumItem>
            <EnumItem>UNSET</EnumItem>
          </EnumList>
        </TypePropertyEnumeratedValue>
      </PropertyType>
    </PropertyDef>
  </PropertyDefs>
</PropertySetDef>
