<?xml version="1.0" ?>
<PropertySetDef templatetype="PSET_TYPEDRIVENOVERRIDE" xmlns:xsd="http://www.w3.org/2001/XMLSchema" xmlns:xsi="http://www.w3.org/2001/XMLSchema-instance" xsi:noNamespaceSchemaLocation="http://buildingSMART-tech.org/xml/psd/PSD_IFC4.xsd">
  <IfcVersion version="IFC4X3_ADD1"/>
  <Name>Pset_CommunicationsApplianceTypeModem</Name>
  <Definition>Properties common to a modem. This property set is applied to a type or occurrence of IfcCommunicationsAppliance with predefined type MODEM.</Definition>
  <Applicability/>
  <ApplicableClasses>
    <ClassName>IfcCommunicationsAppliance/MODEM</ClassName>
    <ClassName>IfcCommunicationsApplianceType/MODEM</ClassName>
  </ApplicableClasses>
  <ApplicableTypeValue>IfcCommunicationsAppliance/MODEM,IfcCommunicationsApplianceType/MODEM</ApplicableTypeValue>
  <PropertyDefs>
    <PropertyDef>
      <Name>NumberOfCommonInterfaces</Name>
      <Definition>Indicates the number of common interfaces on the device.</Definition>
      <PropertyType>
        <TypePropertyTableValue>
          <Expression/>
          <DefiningValue>
            <DataType type="IfcLabel"/>
          </DefiningValue>
          <DefinedValue>
            <DataType type="IfcInteger"/>
          </DefinedValue>
        </TypePropertyTableValue>
      </PropertyType>
    </PropertyDef>
    <PropertyDef>
      <Name>NumberOfTrafficInterfaces</Name>
      <Definition>Indicates the number of traffic interfaces on the device.</Definition>
      <PropertyType>
        <TypePropertyTableValue>
          <Expression/>
          <DefiningValue>
            <DataType type="IfcLabel"/>
          </DefiningValue>
          <DefinedValue>
            <DataType type="IfcInteger"/>
          </DefinedValue>
        </TypePropertyTableValue>
      </PropertyType>
    </PropertyDef>
    <PropertyDef>
      <Name>CommonInterfaceType</Name>
      <Definition>Indicates the type of the device common interfaces.</Definition>
      <PropertyType>
        <TypePropertyEnumeratedValue>
          <EnumList name="PEnum_CommonInterfaceType">
            <EnumItem>DRYCONTACTSINTERFACE</EnumItem>
            <EnumItem>MANAGEMENTINTERFACE</EnumItem>
            <EnumItem>OTHER_IO_INTERFACE</EnumItem>
            <EnumItem>SYNCHRONIZATIONINTERFACE</EnumItem>
            <EnumItem>OTHER</EnumItem>
            <EnumItem>NOTKNOWN</EnumItem>
            <EnumItem>UNSET</EnumItem>
          </EnumList>
        </TypePropertyEnumeratedValue>
      </PropertyType>
    </PropertyDef>
    <PropertyDef>
      <Name>TrafficInterfaceType</Name>
      <Definition>Indicates the type of the device traffic interfaces.</Definition>
      <PropertyType>
        <TypePropertyEnumeratedValue>
          <EnumList name="PEnum_ModemTrafficInterfaceType">
            <EnumItem>E1</EnumItem>
            <EnumItem>FASTETHERNET</EnumItem>
            <EnumItem>XDSL</EnumItem>
            <EnumItem>OTHER</EnumItem>
            <EnumItem>NOTKNOWN</EnumItem>
            <EnumItem>UNSET</EnumItem>
          </EnumList>
        </TypePropertyEnumeratedValue>
      </PropertyType>
    </PropertyDef>
  </PropertyDefs>
</PropertySetDef>
