<?xml version="1.0" ?>
<PropertySetDef templatetype="PSET_PERFORMANCEDRIVEN" xmlns:xsd="http://www.w3.org/2001/XMLSchema" xmlns:xsi="http://www.w3.org/2001/XMLSchema-instance" xsi:noNamespaceSchemaLocation="http://buildingSMART-tech.org/xml/psd/PSD_IFC4.xsd">
  <IfcVersion version="IFC4X3"/>
  <Name>Pset_EvaporativeCoolerPHistory</Name>
  <Definition>Evaporative cooler performance history attributes.</Definition>
  <Applicability/>
  <ApplicableClasses>
    <ClassName>IfcEvaporativeCooler</ClassName>
  </ApplicableClasses>
  <ApplicableTypeValue>IfcEvaporativeCooler</ApplicableTypeValue>
  <PropertyDefs>
    <PropertyDef>
      <Name>WaterSumpTemperature</Name>
      <Definition>Water sump temperature.</Definition>
      <PropertyType>
        <TypePropertyReferenceValue reftype="IfcTimeSeries"/>
      </PropertyType>
    </PropertyDef>
    <PropertyDef>
      <Name>Effectiveness</Name>
      <Definition>Effectiveness, represented as ratio.</Definition>
      <PropertyType>
        <TypePropertyReferenceValue reftype="IfcTimeSeries"/>
      </PropertyType>
    </PropertyDef>
    <PropertyDef>
      <Name>SensibleHeatTransferRate</Name>
      <Definition>Sensible heat transfer rate.</Definition>
      <PropertyType>
        <TypePropertyReferenceValue reftype="IfcTimeSeries"/>
      </PropertyType>
    </PropertyDef>
    <PropertyDef>
      <Name>LatentHeatTransferRate</Name>
      <Definition>Latent heat transfer rate.</Definition>
      <PropertyType>
        <TypePropertyReferenceValue reftype="IfcTimeSeries"/>
      </PropertyType>
    </PropertyDef>
    <PropertyDef>
      <Name>TotalHeatTransferRate</Name>
      <Definition>Total heat transfer rate.</Definition>
      <PropertyType>
        <TypePropertyReferenceValue reftype="IfcTimeSeries"/>
      </PropertyType>
    </PropertyDef>
  </PropertyDefs>
</PropertySetDef>
