<?xml version="1.0" ?>
<PropertySetDef templatetype="PSET_TYPEDRIVENOVERRIDE" xmlns:xsd="http://www.w3.org/2001/XMLSchema" xmlns:xsi="http://www.w3.org/2001/XMLSchema-instance" xsi:noNamespaceSchemaLocation="http://buildingSMART-tech.org/xml/psd/PSD_IFC4.xsd">
  <IfcVersion version="IFC4X3_ADD1"/>
  <Name>Pset_OpticalSplitter</Name>
  <Definition>Properties of optical splitter used in the telecommunication domain. This property set can be used by the predefined type DATA of IfcJunctionBox.</Definition>
  <Applicability/>
  <ApplicableClasses>
    <ClassName>IfcJunctionBox/DATA</ClassName>
    <ClassName>IfcJunctionBoxType/DATA</ClassName>
  </ApplicableClasses>
  <ApplicableTypeValue>IfcJunctionBox/DATA,IfcJunctionBoxType/DATA</ApplicableTypeValue>
  <PropertyDefs>
    <PropertyDef>
      <Name>NumberOfBranches</Name>
      <Definition>Indicates the number of branches that can be supported by the optical splitter.</Definition>
      <PropertyType>
        <TypePropertySingleValue>
          <DataType type="IfcCountMeasure"/>
        </TypePropertySingleValue>
      </PropertyType>
    </PropertyDef>
    <PropertyDef>
      <Name>OpticalSplitterType</Name>
      <Definition>Indicates the type of optical splitter, single mode or multi-mode.</Definition>
      <PropertyType>
        <TypePropertyEnumeratedValue>
          <EnumList name="PEnum_OpticalSplitterType">
            <EnumItem>MULTIMODE</EnumItem>
            <EnumItem>SINGLEMODE</EnumItem>
            <EnumItem>OTHER</EnumItem>
            <EnumItem>NOTKNOWN</EnumItem>
            <EnumItem>UNSET</EnumItem>
          </EnumList>
        </TypePropertyEnumeratedValue>
      </PropertyType>
    </PropertyDef>
    <PropertyDef>
      <Name>NumberOfInterfaces</Name>
      <Definition>Indicates the types of interfaces and their number in the device.</Definition>
      <PropertyType>
        <TypePropertyTableValue>
          <Expression/>
          <DefiningValue>
            <DataType type="IfcLabel"/>
          </DefiningValue>
          <DefinedValue>
            <DataType type="IfcInteger"/>
          </DefinedValue>
        </TypePropertyTableValue>
      </PropertyType>
    </PropertyDef>
  </PropertyDefs>
</PropertySetDef>
