<?xml version="1.0" ?>
<PropertySetDef templatetype="PSET_TYPEDRIVENOVERRIDE" xmlns:xsd="http://www.w3.org/2001/XMLSchema" xmlns:xsi="http://www.w3.org/2001/XMLSchema-instance" xsi:noNamespaceSchemaLocation="http://buildingSMART-tech.org/xml/psd/PSD_IFC4.xsd">
  <IfcVersion version="IFC4X3_ADD1"/>
  <Name>Pset_CableSegmentTypeWirePairSegment</Name>
  <Definition>Properties of wire pair segments. This property set is applicable to a type or occurrence of IfcCableSegment with predefined type WIREPAIRSEGMENT.</Definition>
  <Applicability/>
  <ApplicableClasses>
    <ClassName>IfcCableSegment/WIREPAIRSEGMENT</ClassName>
    <ClassName>IfcCableSegmentType/WIREPAIRSEGMENT</ClassName>
  </ApplicableClasses>
  <ApplicableTypeValue>IfcCableSegment/WIREPAIRSEGMENT,IfcCableSegmentType/WIREPAIRSEGMENT</ApplicableTypeValue>
  <PropertyDefs>
    <PropertyDef>
      <Name>CharacteristicImpedance</Name>
      <Definition>A quantity defined for a mode of propagation at a given frequency in a specific uniform transmission line or uniform waveguide by one of the three following relations:
Z1 = S/ |I|2
Z2 = |U|2 / S
Z3 = U / I
where Z is the complex characteristic impedance, S the complex power and U and I are the values, usually complex, respectively of a voltage and a current conventionally defined for each type of mode by analogy with transmission line equations.</Definition>
      <PropertyType>
        <TypePropertySingleValue>
          <DataType type="IfcElectricResistanceMeasure"/>
        </TypePropertySingleValue>
      </PropertyType>
    </PropertyDef>
    <PropertyDef>
      <Name>ConductorDiameter</Name>
      <Definition>Indicates the conductor diameter. It is only used for twisted and untwisted wire pair.</Definition>
      <PropertyType>
        <TypePropertySingleValue>
          <DataType type="IfcPositiveLengthMeasure"/>
        </TypePropertySingleValue>
      </PropertyType>
    </PropertyDef>
    <PropertyDef>
      <Name>CoreConductorDiameter</Name>
      <Definition>Indicates the core conductor diameter. It is only used for coaxial wire pair.</Definition>
      <PropertyType>
        <TypePropertySingleValue>
          <DataType type="IfcPositiveLengthMeasure"/>
        </TypePropertySingleValue>
      </PropertyType>
    </PropertyDef>
    <PropertyDef>
      <Name>JacketColour</Name>
      <Definition>Indicates the colour of the cable or fitting jacket.</Definition>
      <PropertyType>
        <TypePropertySingleValue>
          <DataType type="IfcLabel"/>
        </TypePropertySingleValue>
      </PropertyType>
    </PropertyDef>
    <PropertyDef>
      <Name>ShieldConductorDiameter</Name>
      <Definition>Indicates the shielded conductor diameter. It is only used for coaxial wire pair.</Definition>
      <PropertyType>
        <TypePropertySingleValue>
          <DataType type="IfcPositiveLengthMeasure"/>
        </TypePropertySingleValue>
      </PropertyType>
    </PropertyDef>
    <PropertyDef>
      <Name>WirePairType</Name>
      <Definition>Indicates the type of wire pair, i.e., twisted, untwisted or coaxial pair.</Definition>
      <PropertyType>
        <TypePropertyEnumeratedValue>
          <EnumList name="PEnum_WirePairType">
            <EnumItem>COAXIAL</EnumItem>
            <EnumItem>TWISTED</EnumItem>
            <EnumItem>UNTWISTED</EnumItem>
            <EnumItem>OTHER</EnumItem>
            <EnumItem>NOTKNOWN</EnumItem>
            <EnumItem>UNSET</EnumItem>
          </EnumList>
        </TypePropertyEnumeratedValue>
      </PropertyType>
    </PropertyDef>
  </PropertyDefs>
</PropertySetDef>
