<?xml version="1.0" ?>
<PropertySetDef templatetype="PSET_TYPEDRIVENOVERRIDE" xmlns:xsd="http://www.w3.org/2001/XMLSchema" xmlns:xsi="http://www.w3.org/2001/XMLSchema-instance" xsi:noNamespaceSchemaLocation="http://buildingSMART-tech.org/xml/psd/PSD_IFC4.xsd">
  <IfcVersion version="IFC4X3_TC1"/>
  <Name>Pset_MarineVehicleCommon</Name>
  <Definition>Properties common to the definition of all occurrences of IfcTransportElement and types of IfcTransportElementType with the predefined type set to VEHICLEMARINE.</Definition>
  <Applicability/>
  <ApplicableClasses>
    <ClassName>IfcVehicle/VEHICLEMARINE</ClassName>
    <ClassName>IfcVehicleType/VEHICLEMARINE</ClassName>
  </ApplicableClasses>
  <ApplicableTypeValue>IfcVehicle/VEHICLEMARINE,IfcVehicleType/VEHICLEMARINE</ApplicableTypeValue>
  <PropertyDefs>
    <PropertyDef>
      <Name>LengthBetweenPerpendiculars</Name>
      <Definition>Length of vessel from rudder shaft to crossing point of the bow and the loaded waterline.</Definition>
      <PropertyType>
        <TypePropertySingleValue>
          <DataType type="IfcPositiveLengthMeasure"/>
        </TypePropertySingleValue>
      </PropertyType>
    </PropertyDef>
    <PropertyDef>
      <Name>VesselDepth</Name>
      <Definition>Depth of the vessel from the main deck to the keel.</Definition>
      <PropertyType>
        <TypePropertySingleValue>
          <DataType type="IfcLengthMeasure"/>
        </TypePropertySingleValue>
      </PropertyType>
    </PropertyDef>
    <PropertyDef>
      <Name>VesselDraft</Name>
      <Definition>Depth of vessel from the waterline to the keel (LightShip, Ballasted, Maximum)</Definition>
      <PropertyType>
        <TypePropertySingleValue>
          <DataType type="IfcLengthMeasure"/>
        </TypePropertySingleValue>
      </PropertyType>
    </PropertyDef>
    <PropertyDef>
      <Name>AboveDeckProjectedWindEnd</Name>
      <Definition>End on projected windage area above the main deck</Definition>
      <PropertyType>
        <TypePropertySingleValue>
          <DataType type="IfcAreaMeasure"/>
        </TypePropertySingleValue>
      </PropertyType>
    </PropertyDef>
    <PropertyDef>
      <Name>AboveDeckProjectedWindSide</Name>
      <Definition>Side on projected windage area above the main deck</Definition>
      <PropertyType>
        <TypePropertySingleValue>
          <DataType type="IfcAreaMeasure"/>
        </TypePropertySingleValue>
      </PropertyType>
    </PropertyDef>
    <PropertyDef>
      <Name>Displacement</Name>
      <Definition>Weight of water displaced by the vessel</Definition>
      <PropertyType>
        <TypePropertySingleValue>
          <DataType type="IfcMassMeasure"/>
        </TypePropertySingleValue>
      </PropertyType>
    </PropertyDef>
    <PropertyDef>
      <Name>CargoDeadWeight</Name>
      <Definition>Weight of (bulk) cargo carried</Definition>
      <PropertyType>
        <TypePropertySingleValue>
          <DataType type="IfcMassMeasure"/>
        </TypePropertySingleValue>
      </PropertyType>
    </PropertyDef>
    <PropertyDef>
      <Name>LaneMeters</Name>
      <Definition>Length of lanes accommodating vehicles on roll-on, roll-off vessels</Definition>
      <PropertyType>
        <TypePropertySingleValue>
          <DataType type="IfcLengthMeasure"/>
        </TypePropertySingleValue>
      </PropertyType>
    </PropertyDef>
  </PropertyDefs>
</PropertySetDef>
