<?xml version="1.0" ?>
<PropertySetDef templatetype="PSET_TYPEDRIVENOVERRIDE" xmlns:xsd="http://www.w3.org/2001/XMLSchema" xmlns:xsi="http://www.w3.org/2001/XMLSchema-instance" xsi:noNamespaceSchemaLocation="http://buildingSMART-tech.org/xml/psd/PSD_IFC4.xsd">
  <IfcVersion version="IFC4X3_TC1"/>
  <Name>Pset_CommunicationsApplianceTypeTelephonyExchange</Name>
  <Definition>Properties common to a telephony exchange. This property set is applied to a type or occurrence of IfcCommunicationsAppliance with predefined type TELEPHONYEXCHANGE.</Definition>
  <Applicability/>
  <ApplicableClasses>
    <ClassName>IfcCommunicationsAppliance/TELEPHONYEXCHANGE</ClassName>
    <ClassName>IfcCommunicationsApplianceType/TELEPHONYEXCHANGE</ClassName>
  </ApplicableClasses>
  <ApplicableTypeValue>IfcCommunicationsAppliance/TELEPHONYEXCHANGE,IfcCommunicationsApplianceType/TELEPHONYEXCHANGE</ApplicableTypeValue>
  <PropertyDefs>
    <PropertyDef>
      <Name>UserCapacity</Name>
      <Definition>Indicates the user capacity of the device, defined as the maximum number of users that can be active at the same time.</Definition>
      <PropertyType>
        <TypePropertySingleValue>
          <DataType type="IfcInteger"/>
        </TypePropertySingleValue>
      </PropertyType>
    </PropertyDef>
  </PropertyDefs>
</PropertySetDef>
