<?xml version="1.0" ?>
<PropertySetDef templatetype="PSET_TYPEDRIVENOVERRIDE" xmlns:xsd="http://www.w3.org/2001/XMLSchema" xmlns:xsi="http://www.w3.org/2001/XMLSchema-instance" xsi:noNamespaceSchemaLocation="http://buildingSMART-tech.org/xml/psd/PSD_IFC4.xsd">
  <IfcVersion version="IFC4X3_TC1"/>
  <Name>Pset_SensorTypeForeignObjectDetectionSensor</Name>
  <Definition>Properties that are applicable for IfcSensor with predefined type FOREIGNOBJECTDETECTIONSENSOR.</Definition>
  <Applicability/>
  <ApplicableClasses>
    <ClassName>IfcSensor/FOREIGNOBJECTDETECTIONSENSOR</ClassName>
    <ClassName>IfcSensorType/FOREIGNOBJECTDETECTIONSENSOR</ClassName>
  </ApplicableClasses>
  <ApplicableTypeValue>IfcSensor/FOREIGNOBJECTDETECTIONSENSOR,IfcSensorType/FOREIGNOBJECTDETECTIONSENSOR</ApplicableTypeValue>
  <PropertyDefs>
    <PropertyDef>
      <Name>WorkingState</Name>
      <Definition>Indicates the working state of device or system.</Definition>
      <PropertyType>
        <TypePropertySingleValue>
          <DataType type="IfcLabel"/>
        </TypePropertySingleValue>
      </PropertyType>
    </PropertyDef>
    <PropertyDef>
      <Name>SerialInterfaceType</Name>
      <Definition>Indicates the type of serial interface used by the device.</Definition>
      <PropertyType>
        <TypePropertyEnumeratedValue>
          <EnumList name="PEnum_SerialInterfaceType">
            <EnumItem>RS_232</EnumItem>
            <EnumItem>RS_422</EnumItem>
            <EnumItem>RS_485</EnumItem>
            <EnumItem>OTHER</EnumItem>
            <EnumItem>NOTKNOWN</EnumItem>
            <EnumItem>UNSET</EnumItem>
          </EnumList>
        </TypePropertyEnumeratedValue>
      </PropertyType>
    </PropertyDef>
    <PropertyDef>
      <Name>ForeignObjectDetectionSensorType</Name>
      <Definition>Indicates the type of foreign object detection sensor.</Definition>
      <PropertyType>
        <TypePropertyEnumeratedValue>
          <EnumList name="PEnum_ForeignObjectDetectionSensorType">
            <EnumItem>DUALPOWERNETWORK</EnumItem>
            <EnumItem>OTHER</EnumItem>
            <EnumItem>NOTKNOWN</EnumItem>
            <EnumItem>UNSET</EnumItem>
          </EnumList>
        </TypePropertyEnumeratedValue>
      </PropertyType>
    </PropertyDef>
  </PropertyDefs>
</PropertySetDef>
