<?xml version="1.0" ?>
<PropertySetDef templatetype="PSET_OCCURRENCEDRIVEN" xmlns:xsd="http://www.w3.org/2001/XMLSchema" xmlns:xsi="http://www.w3.org/2001/XMLSchema-instance" xsi:noNamespaceSchemaLocation="http://buildingSMART-tech.org/xml/psd/PSD_IFC4.xsd">
  <IfcVersion version="IFC4X3_TC1"/>
  <Name>Pset_ProtectiveDeviceOccurrence</Name>
  <Definition>Properties that are applied to an occurrence of a protective device.</Definition>
  <Applicability/>
  <ApplicableClasses>
    <ClassName>IfcProtectiveDevice</ClassName>
  </ApplicableClasses>
  <ApplicableTypeValue>IfcProtectiveDevice</ApplicableTypeValue>
  <PropertyDefs>
    <PropertyDef>
      <Name>PoleUsage</Name>
      <Definition>Pole usage.</Definition>
      <PropertyType>
        <TypePropertyEnumeratedValue>
          <EnumList name="PEnum_PoleUsage">
            <EnumItem>1P</EnumItem>
            <EnumItem>1PN</EnumItem>
            <EnumItem>2P</EnumItem>
            <EnumItem>3P</EnumItem>
            <EnumItem>3PN</EnumItem>
            <EnumItem>4P</EnumItem>
            <EnumItem>OTHER</EnumItem>
            <EnumItem>NOTKNOWN</EnumItem>
            <EnumItem>UNSET</EnumItem>
          </EnumList>
        </TypePropertyEnumeratedValue>
      </PropertyType>
    </PropertyDef>
    <PropertyDef>
      <Name>LongTimeFunction</Name>
      <Definition>Applying long time function
A flag indicating that the long time function (i.e. the thermal tripping) of the device is used. The value should be set to TRUE for all devices except those that allows the Long time function of the device not to be used.</Definition>
      <PropertyType>
        <TypePropertySingleValue>
          <DataType type="IfcBoolean"/>
        </TypePropertySingleValue>
      </PropertyType>
    </PropertyDef>
    <PropertyDef>
      <Name>ShortTimeFunction</Name>
      <Definition>Applying short time function A flag indicating that the short time function of the device is used. The value should be set to FALSE for devices not having a short time function, or if the short time function is not selected to be used.</Definition>
      <PropertyType>
        <TypePropertySingleValue>
          <DataType type="IfcBoolean"/>
        </TypePropertySingleValue>
      </PropertyType>
    </PropertyDef>
    <PropertyDef>
      <Name>ShortTimei2tFunction</Name>
      <Definition>Applying short time i2t function. A flag indicating that the I2t short time function of the device is used. The value should be set to TRUE only if the I2t function  is explicitly selected for the device.</Definition>
      <PropertyType>
        <TypePropertySingleValue>
          <DataType type="IfcBoolean"/>
        </TypePropertySingleValue>
      </PropertyType>
    </PropertyDef>
    <PropertyDef>
      <Name>GroundFaultFunction</Name>
      <Definition>Applying ground fault function. A flag indicating that the ground fault function of the device is used. The value should be set to FALSE for devices not having a ground fault function, or if the ground fault function is not selected to be used.</Definition>
      <PropertyType>
        <TypePropertySingleValue>
          <DataType type="IfcBoolean"/>
        </TypePropertySingleValue>
      </PropertyType>
    </PropertyDef>
    <PropertyDef>
      <Name>GroundFaulti2tFunction</Name>
      <Definition>Applying ground fault i2t function. A flag indicating that the I2t ground fault function of the device is used. The value should be set to TRUE only if the I2t function is explicitly selected for the device.</Definition>
      <PropertyType>
        <TypePropertySingleValue>
          <DataType type="IfcBoolean"/>
        </TypePropertySingleValue>
      </PropertyType>
    </PropertyDef>
    <PropertyDef>
      <Name>LongTimeCurrentSetValue</Name>
      <Definition>Long time current set value. The set value of the long time tripping current if adjustable.</Definition>
      <PropertyType>
        <TypePropertySingleValue>
          <DataType type="IfcElectricCurrentMeasure"/>
        </TypePropertySingleValue>
      </PropertyType>
    </PropertyDef>
    <PropertyDef>
      <Name>ShortTimeCurrentSetValue</Name>
      <Definition>Short time current set value. The set value of the long time tripping current if adjustable.</Definition>
      <PropertyType>
        <TypePropertySingleValue>
          <DataType type="IfcElectricCurrentMeasure"/>
        </TypePropertySingleValue>
      </PropertyType>
    </PropertyDef>
    <PropertyDef>
      <Name>InstantaneousCurrentSetValue</Name>
      <Definition>Instantaneous current set value. The set value of the instantaneous tripping current if adjustable.</Definition>
      <PropertyType>
        <TypePropertySingleValue>
          <DataType type="IfcElectricCurrentMeasure"/>
        </TypePropertySingleValue>
      </PropertyType>
    </PropertyDef>
    <PropertyDef>
      <Name>GroundFaultCurrentSetValue</Name>
      <Definition>Ground fault current set value. The set value of the ground tripping current if adjustable.</Definition>
      <PropertyType>
        <TypePropertySingleValue>
          <DataType type="IfcElectricCurrentMeasure"/>
        </TypePropertySingleValue>
      </PropertyType>
    </PropertyDef>
    <PropertyDef>
      <Name>LongTimeDelay</Name>
      <Definition>Long time delay. The set value of the long time time-delay if adjustable.</Definition>
      <PropertyType>
        <TypePropertySingleValue>
          <DataType type="IfcTimeMeasure"/>
        </TypePropertySingleValue>
      </PropertyType>
    </PropertyDef>
    <PropertyDef>
      <Name>ShortTimeTrippingTime</Name>
      <Definition>Short time tripping time. The set value of the short time tripping time if adjustable.</Definition>
      <PropertyType>
        <TypePropertySingleValue>
          <DataType type="IfcTimeMeasure"/>
        </TypePropertySingleValue>
      </PropertyType>
    </PropertyDef>
    <PropertyDef>
      <Name>InstantaneousTrippingTime</Name>
      <Definition>Instantaneous tripping time. The set value of the instantaneous tripping time if adjustable.</Definition>
      <PropertyType>
        <TypePropertySingleValue>
          <DataType type="IfcTimeMeasure"/>
        </TypePropertySingleValue>
      </PropertyType>
    </PropertyDef>
    <PropertyDef>
      <Name>GroundFaultTrippingTime</Name>
      <Definition>Ground fault tripping time. The set value of the ground fault tripping current if adjustable.</Definition>
      <PropertyType>
        <TypePropertySingleValue>
          <DataType type="IfcTimeMeasure"/>
        </TypePropertySingleValue>
      </PropertyType>
    </PropertyDef>
  </PropertyDefs>
</PropertySetDef>
