<?xml version="1.0" ?>
<PropertySetDef templatetype="PSET_PROFILEDRIVEN" xmlns:xsd="http://www.w3.org/2001/XMLSchema" xmlns:xsi="http://www.w3.org/2001/XMLSchema-instance" xsi:noNamespaceSchemaLocation="http://buildingSMART-tech.org/xml/psd/PSD_IFC4.xsd">
  <IfcVersion version="IFC4X3_ADD1"/>
  <Name>Pset_ProfileArbitraryHollowCore</Name>
  <Definition>This is a collection of geometric properties of hollow core section profiles of precast concrete elements, to be used in conjunction with IfcArbitraryProfileDefWithVoids when profile designation alone does not fulfill the information requirements.In all cases, the cores are symmetrically distributed on either side of the plank center line, irrespective of whether the number of cores is odd or even. For planks with a center core with different geometry to that of the other cores, provide the property CenterCoreSpacing. When the number of cores is even, no Center Core properties shall be asserted.Key chamfers and draft chamfer are all 45 degree chamfers.The CoreTopRadius and CoreBaseRadius parameters can be derived and are therefore not listed in the property set. They are shown to define that the curves are arcs. The parameters for the center core are the same as above, but with the prefix &quot;Center&quot;.</Definition>
  <Applicability/>
  <ApplicableClasses>
    <ClassName>IfcArbitraryProfileDefWithVoids</ClassName>
  </ApplicableClasses>
  <ApplicableTypeValue>IfcArbitraryProfileDefWithVoids</ApplicableTypeValue>
  <PropertyDefs>
    <PropertyDef>
      <Name>OverallWidth</Name>
      <Definition>Overall width of the profile.</Definition>
      <PropertyType>
        <TypePropertySingleValue>
          <DataType type="IfcPositiveLengthMeasure"/>
        </TypePropertySingleValue>
      </PropertyType>
    </PropertyDef>
    <PropertyDef>
      <Name>OverallDepth</Name>
      <Definition>Overall depth of the profile.</Definition>
      <PropertyType>
        <TypePropertySingleValue>
          <DataType type="IfcPositiveLengthMeasure"/>
        </TypePropertySingleValue>
      </PropertyType>
    </PropertyDef>
    <PropertyDef>
      <Name>EdgeDraft</Name>
      <Definition>Edge draft of the profile.</Definition>
      <PropertyType>
        <TypePropertySingleValue>
          <DataType type="IfcNonNegativeLengthMeasure"/>
        </TypePropertySingleValue>
      </PropertyType>
    </PropertyDef>
    <PropertyDef>
      <Name>DraftBaseOffset</Name>
      <Definition>Draft base offset of the profile.</Definition>
      <PropertyType>
        <TypePropertySingleValue>
          <DataType type="IfcNonNegativeLengthMeasure"/>
        </TypePropertySingleValue>
      </PropertyType>
    </PropertyDef>
    <PropertyDef>
      <Name>DraftSideOffset</Name>
      <Definition>Draft side offset of the profile.</Definition>
      <PropertyType>
        <TypePropertySingleValue>
          <DataType type="IfcNonNegativeLengthMeasure"/>
        </TypePropertySingleValue>
      </PropertyType>
    </PropertyDef>
    <PropertyDef>
      <Name>BaseChamfer</Name>
      <Definition>Base chamfer of the profile.</Definition>
      <PropertyType>
        <TypePropertySingleValue>
          <DataType type="IfcNonNegativeLengthMeasure"/>
        </TypePropertySingleValue>
      </PropertyType>
    </PropertyDef>
    <PropertyDef>
      <Name>KeyDepth</Name>
      <Definition>Key depth of the profile.</Definition>
      <PropertyType>
        <TypePropertySingleValue>
          <DataType type="IfcNonNegativeLengthMeasure"/>
        </TypePropertySingleValue>
      </PropertyType>
    </PropertyDef>
    <PropertyDef>
      <Name>KeyHeight</Name>
      <Definition>Key height of the profile.</Definition>
      <PropertyType>
        <TypePropertySingleValue>
          <DataType type="IfcNonNegativeLengthMeasure"/>
        </TypePropertySingleValue>
      </PropertyType>
    </PropertyDef>
    <PropertyDef>
      <Name>KeyOffset</Name>
      <Definition>Key offset of the profile.</Definition>
      <PropertyType>
        <TypePropertySingleValue>
          <DataType type="IfcNonNegativeLengthMeasure"/>
        </TypePropertySingleValue>
      </PropertyType>
    </PropertyDef>
    <PropertyDef>
      <Name>BottomCover</Name>
      <Definition>Bottom cover of the profile.</Definition>
      <PropertyType>
        <TypePropertySingleValue>
          <DataType type="IfcPositiveLengthMeasure"/>
        </TypePropertySingleValue>
      </PropertyType>
    </PropertyDef>
    <PropertyDef>
      <Name>CoreSpacing</Name>
      <Definition>Core spacing of the profile.</Definition>
      <PropertyType>
        <TypePropertySingleValue>
          <DataType type="IfcPositiveLengthMeasure"/>
        </TypePropertySingleValue>
      </PropertyType>
    </PropertyDef>
    <PropertyDef>
      <Name>CoreBaseHeight</Name>
      <Definition>Core base height of the profile.</Definition>
      <PropertyType>
        <TypePropertySingleValue>
          <DataType type="IfcPositiveLengthMeasure"/>
        </TypePropertySingleValue>
      </PropertyType>
    </PropertyDef>
    <PropertyDef>
      <Name>CoreMiddleHeight</Name>
      <Definition>Core middle height of the profile.</Definition>
      <PropertyType>
        <TypePropertySingleValue>
          <DataType type="IfcPositiveLengthMeasure"/>
        </TypePropertySingleValue>
      </PropertyType>
    </PropertyDef>
    <PropertyDef>
      <Name>CoreTopHeight</Name>
      <Definition>Core top height of the profile.</Definition>
      <PropertyType>
        <TypePropertySingleValue>
          <DataType type="IfcPositiveLengthMeasure"/>
        </TypePropertySingleValue>
      </PropertyType>
    </PropertyDef>
    <PropertyDef>
      <Name>CoreBaseWidth</Name>
      <Definition>Core base width of the profile.</Definition>
      <PropertyType>
        <TypePropertySingleValue>
          <DataType type="IfcPositiveLengthMeasure"/>
        </TypePropertySingleValue>
      </PropertyType>
    </PropertyDef>
    <PropertyDef>
      <Name>CoreTopWidth</Name>
      <Definition>Core top width of the profile.</Definition>
      <PropertyType>
        <TypePropertySingleValue>
          <DataType type="IfcPositiveLengthMeasure"/>
        </TypePropertySingleValue>
      </PropertyType>
    </PropertyDef>
    <PropertyDef>
      <Name>CenterCoreSpacing</Name>
      <Definition>Center core spacing of the profile.</Definition>
      <PropertyType>
        <TypePropertySingleValue>
          <DataType type="IfcPositiveLengthMeasure"/>
        </TypePropertySingleValue>
      </PropertyType>
    </PropertyDef>
    <PropertyDef>
      <Name>CenterCoreBaseHeight</Name>
      <Definition>Center core base height of the profile.</Definition>
      <PropertyType>
        <TypePropertySingleValue>
          <DataType type="IfcPositiveLengthMeasure"/>
        </TypePropertySingleValue>
      </PropertyType>
    </PropertyDef>
    <PropertyDef>
      <Name>CenterCoreMiddleHeight</Name>
      <Definition>Center core middle height of the profile.</Definition>
      <PropertyType>
        <TypePropertySingleValue>
          <DataType type="IfcPositiveLengthMeasure"/>
        </TypePropertySingleValue>
      </PropertyType>
    </PropertyDef>
    <PropertyDef>
      <Name>CenterCoreTopHeight</Name>
      <Definition>Center core top height of the profile.</Definition>
      <PropertyType>
        <TypePropertySingleValue>
          <DataType type="IfcPositiveLengthMeasure"/>
        </TypePropertySingleValue>
      </PropertyType>
    </PropertyDef>
    <PropertyDef>
      <Name>CenterCoreBaseWidth</Name>
      <Definition>Center core base width of the profile.</Definition>
      <PropertyType>
        <TypePropertySingleValue>
          <DataType type="IfcPositiveLengthMeasure"/>
        </TypePropertySingleValue>
      </PropertyType>
    </PropertyDef>
    <PropertyDef>
      <Name>CenterCoreTopWidth</Name>
      <Definition>Center core top width of the profile.</Definition>
      <PropertyType>
        <TypePropertySingleValue>
          <DataType type="IfcPositiveLengthMeasure"/>
        </TypePropertySingleValue>
      </PropertyType>
    </PropertyDef>
    <PropertyDef>
      <Name>NumberOfCores</Name>
      <Definition>The number of cores.</Definition>
      <PropertyType>
        <TypePropertySingleValue>
          <DataType type="IfcCountMeasure"/>
        </TypePropertySingleValue>
      </PropertyType>
    </PropertyDef>
  </PropertyDefs>
</PropertySetDef>
