<?xml version="1.0" ?>
<PropertySetDef templatetype="PSET_TYPEDRIVENOVERRIDE" xmlns:xsd="http://www.w3.org/2001/XMLSchema" xmlns:xsi="http://www.w3.org/2001/XMLSchema-instance" xsi:noNamespaceSchemaLocation="http://buildingSMART-tech.org/xml/psd/PSD_IFC4.xsd">
  <IfcVersion version="IFC4X3"/>
  <Name>Pset_AudioVisualApplianceTypePlayer</Name>
  <Definition>An audio-visual player is a device that plays stored media into a stream of audio and/or video, such as camera footage in security systems, background audio in retail areas, or media presentations in conference rooms or theatres.  HISTORY: Added in IFC4.</Definition>
  <Applicability/>
  <ApplicableClasses>
    <ClassName>IfcAudioVisualAppliance/PLAYER</ClassName>
    <ClassName>IfcAudioVisualApplianceType/PLAYER</ClassName>
  </ApplicableClasses>
  <ApplicableTypeValue>IfcAudioVisualAppliance/PLAYER,IfcAudioVisualApplianceType/PLAYER</ApplicableTypeValue>
  <PropertyDefs>
    <PropertyDef>
      <Name>PlayerType</Name>
      <Definition>Indicates the type of player.</Definition>
      <PropertyType>
        <TypePropertyEnumeratedValue>
          <EnumList name="PEnum_AudioVisualPlayerType">
            <EnumItem>AUDIO</EnumItem>
            <EnumItem>VIDEO</EnumItem>
            <EnumItem>OTHER</EnumItem>
            <EnumItem>NOTKNOWN</EnumItem>
            <EnumItem>UNSET</EnumItem>
          </EnumList>
        </TypePropertyEnumeratedValue>
      </PropertyType>
    </PropertyDef>
    <PropertyDef>
      <Name>PlayerMediaEject</Name>
      <Definition>Indicates whether the media can be ejected from the player (if physical media).</Definition>
      <PropertyType>
        <TypePropertySingleValue>
          <DataType type="IfcBoolean"/>
        </TypePropertySingleValue>
      </PropertyType>
    </PropertyDef>
    <PropertyDef>
      <Name>PlayerMediaFormat</Name>
      <Definition>Indicates supported media formats.</Definition>
      <PropertyType>
        <TypePropertyTableValue>
          <Expression/>
          <DefiningValue>
            <DataType type="IfcIdentifier"/>
          </DefiningValue>
          <DefinedValue>
            <DataType type="IfcLabel"/>
          </DefinedValue>
        </TypePropertyTableValue>
      </PropertyType>
    </PropertyDef>
  </PropertyDefs>
</PropertySetDef>
