<?xml version="1.0" ?>
<PropertySetDef templatetype="PSET_PERFORMANCEDRIVEN" xmlns:xsd="http://www.w3.org/2001/XMLSchema" xmlns:xsi="http://www.w3.org/2001/XMLSchema-instance" xsi:noNamespaceSchemaLocation="http://buildingSMART-tech.org/xml/psd/PSD_IFC4.xsd">
  <IfcVersion version="IFC4X3_TC1"/>
  <Name>Pset_BoilerPHistory</Name>
  <Definition>Boiler performance history common attributes.
WaterQuality attribute deleted in IFC2x2 Pset Addendum: Use IfcWaterProperties instead. CombustionProductsMaximulLoad and CombustionProductsPartialLoad attributes deleted in IFC2x2 Pset Addendum: Use IfcProductsOfCombustionProperties instead.</Definition>
  <Applicability/>
  <ApplicableClasses>
    <ClassName>IfcBoiler</ClassName>
  </ApplicableClasses>
  <ApplicableTypeValue>IfcBoiler</ApplicableTypeValue>
  <PropertyDefs>
    <PropertyDef>
      <Name>EnergySourceConsumption</Name>
      <Definition>Energy consumption.</Definition>
      <PropertyType>
        <TypePropertyReferenceValue reftype="IfcTimeSeries"/>
      </PropertyType>
    </PropertyDef>
    <PropertyDef>
      <Name>OperationalEfficiency</Name>
      <Definition>Operational efficiency: boiler output divided by total energy input (electrical and fuel).</Definition>
      <PropertyType>
        <TypePropertyReferenceValue reftype="IfcTimeSeries"/>
      </PropertyType>
    </PropertyDef>
    <PropertyDef>
      <Name>CombustionEfficiency</Name>
      <Definition>Combustion efficiency under nominal condition.</Definition>
      <PropertyType>
        <TypePropertyReferenceValue reftype="IfcTimeSeries"/>
      </PropertyType>
    </PropertyDef>
    <PropertyDef>
      <Name>WorkingPressureHistory</Name>
      <Definition>Boiler working pressure.</Definition>
      <PropertyType>
        <TypePropertyReferenceValue reftype="IfcTimeSeries"/>
      </PropertyType>
    </PropertyDef>
    <PropertyDef>
      <Name>CombustionChamberTemperature</Name>
      <Definition>Average combustion chamber temperature.</Definition>
      <PropertyType>
        <TypePropertyReferenceValue reftype="IfcTimeSeries"/>
      </PropertyType>
    </PropertyDef>
    <PropertyDef>
      <Name>PartLoadRatio</Name>
      <Definition>Ratio of the real to the nominal capacity.</Definition>
      <PropertyType>
        <TypePropertyReferenceValue reftype="IfcTimeSeries"/>
      </PropertyType>
    </PropertyDef>
    <PropertyDef>
      <Name>Load</Name>
      <Definition>Boiler real load.</Definition>
      <PropertyType>
        <TypePropertyReferenceValue reftype="IfcTimeSeries"/>
      </PropertyType>
    </PropertyDef>
    <PropertyDef>
      <Name>PrimaryEnergyConsumption</Name>
      <Definition>Boiler primary energy source consumption (i.e., the fuel consumed for changing the thermodynamic state of the fluid).</Definition>
      <PropertyType>
        <TypePropertyReferenceValue reftype="IfcTimeSeries"/>
      </PropertyType>
    </PropertyDef>
    <PropertyDef>
      <Name>AuxiliaryEnergyConsumption</Name>
      <Definition>Boiler secondary energy source consumption (i.e., the electricity consumed by electrical devices such as fans and pumps).</Definition>
      <PropertyType>
        <TypePropertyReferenceValue reftype="IfcTimeSeries"/>
      </PropertyType>
    </PropertyDef>
  </PropertyDefs>
</PropertySetDef>
