<?xml version="1.0" ?>
<PropertySetDef templatetype="PSET_TYPEDRIVENOVERRIDE" xmlns:xsd="http://www.w3.org/2001/XMLSchema" xmlns:xsi="http://www.w3.org/2001/XMLSchema-instance" xsi:noNamespaceSchemaLocation="http://buildingSMART-tech.org/xml/psd/PSD_IFC4.xsd">
  <IfcVersion version="IFC4X3_ADD1"/>
  <Name>Pset_AudioVisualApplianceTypeTuner</Name>
  <Definition>An audio-visual tuner is a device that demodulates a signal into a stream of audio and/or video.  HISTORY: Added in IFC4.</Definition>
  <Applicability/>
  <ApplicableClasses>
    <ClassName>IfcAudioVisualAppliance/TUNER</ClassName>
    <ClassName>IfcAudioVisualApplianceType/TUNER</ClassName>
  </ApplicableClasses>
  <ApplicableTypeValue>IfcAudioVisualAppliance/TUNER,IfcAudioVisualApplianceType/TUNER</ApplicableTypeValue>
  <PropertyDefs>
    <PropertyDef>
      <Name>TunerType</Name>
      <Definition>Indicates the tuner type.</Definition>
      <PropertyType>
        <TypePropertyEnumeratedValue>
          <EnumList name="PEnum_AudioVisualTunerType">
            <EnumItem>AUDIO</EnumItem>
            <EnumItem>VIDEO</EnumItem>
            <EnumItem>OTHER</EnumItem>
            <EnumItem>NOTKNOWN</EnumItem>
            <EnumItem>UNSET</EnumItem>
          </EnumList>
        </TypePropertyEnumeratedValue>
      </PropertyType>
    </PropertyDef>
    <PropertyDef>
      <Name>TunerMode</Name>
      <Definition>Indicates the tuner modes (or bands).  For example, 'AnalogCable', 'DigitalAir', 'AM', 'FM'.</Definition>
      <PropertyType>
        <TypePropertyTableValue>
          <Expression/>
          <DefiningValue>
            <DataType type="IfcIdentifier"/>
          </DefiningValue>
          <DefinedValue>
            <DataType type="IfcLabel"/>
          </DefinedValue>
        </TypePropertyTableValue>
      </PropertyType>
    </PropertyDef>
    <PropertyDef>
      <Name>TunerChannel</Name>
      <Definition>Indicates the tuner channels, if applicable.</Definition>
      <PropertyType>
        <TypePropertyTableValue>
          <Expression/>
          <DefiningValue>
            <DataType type="IfcIdentifier"/>
          </DefiningValue>
          <DefinedValue>
            <DataType type="IfcLabel"/>
          </DefinedValue>
        </TypePropertyTableValue>
      </PropertyType>
    </PropertyDef>
    <PropertyDef>
      <Name>TunerFrequency</Name>
      <Definition>Indicates the tuner frequencies, if applicable.</Definition>
      <PropertyType>
        <TypePropertyBoundedValue>
          <DataType type="IfcFrequencyMeasure"/>
        </TypePropertyBoundedValue>
      </PropertyType>
    </PropertyDef>
  </PropertyDefs>
</PropertySetDef>
