<?xml version="1.0" ?>
<PropertySetDef templatetype="PSET_PERFORMANCEDRIVEN" xmlns:xsd="http://www.w3.org/2001/XMLSchema" xmlns:xsi="http://www.w3.org/2001/XMLSchema-instance" xsi:noNamespaceSchemaLocation="http://buildingSMART-tech.org/xml/psd/PSD_IFC4.xsd">
  <IfcVersion version="IFC4X3"/>
  <Name>Pset_CoolingTowerPHistory</Name>
  <Definition>Cooling tower performance history attributes.</Definition>
  <Applicability/>
  <ApplicableClasses>
    <ClassName>IfcCoolingTower</ClassName>
  </ApplicableClasses>
  <ApplicableTypeValue>IfcCoolingTower</ApplicableTypeValue>
  <PropertyDefs>
    <PropertyDef>
      <Name>Capacity</Name>
      <Definition>The capacity of the element.</Definition>
      <PropertyType>
        <TypePropertyReferenceValue reftype="IfcTimeSeries"/>
      </PropertyType>
    </PropertyDef>
    <PropertyDef>
      <Name>HeatTransferCoefficient</Name>
      <Definition>Heat transfer coefficient-area product.</Definition>
      <PropertyType>
        <TypePropertyReferenceValue reftype="IfcTimeSeries"/>
      </PropertyType>
    </PropertyDef>
    <PropertyDef>
      <Name>SumpHeaterPower</Name>
      <Definition>Electrical heat power of sump heater.</Definition>
      <PropertyType>
        <TypePropertyReferenceValue reftype="IfcTimeSeries"/>
      </PropertyType>
    </PropertyDef>
    <PropertyDef>
      <Name>UACurve</Name>
      <Definition>UA value.</Definition>
      <PropertyType>
        <TypePropertyReferenceValue reftype="IfcTimeSeries"/>
      </PropertyType>
    </PropertyDef>
    <PropertyDef>
      <Name>Performance</Name>
      <Definition>Water temperature change as a function of wet-bulb temperature, water entering temperature, water flow rate, air flow rate, Tdiff = f ( Twet-bulb, Twater,in, mwater, mair).</Definition>
      <PropertyType>
        <TypePropertyReferenceValue reftype="IfcTimeSeries"/>
      </PropertyType>
    </PropertyDef>
  </PropertyDefs>
</PropertySetDef>
