<?xml version="1.0" ?>
<PropertySetDef templatetype="PSET_TYPEDRIVENOVERRIDE" xmlns:xsd="http://www.w3.org/2001/XMLSchema" xmlns:xsi="http://www.w3.org/2001/XMLSchema-instance" xsi:noNamespaceSchemaLocation="http://buildingSMART-tech.org/xml/psd/PSD_IFC4.xsd">
  <IfcVersion version="IFC4X3_ADD1"/>
  <Name>Pset_ElementComponentCommon</Name>
  <Definition>Set of common properties of component elements (especially discrete accessories, but also fasteners, reinforcement elements, or other types of components).</Definition>
  <Applicability/>
  <ApplicableClasses>
    <ClassName>IfcElementComponent</ClassName>
    <ClassName>IfcElementComponentType</ClassName>
  </ApplicableClasses>
  <ApplicableTypeValue>IfcElementComponent,IfcElementComponentType</ApplicableTypeValue>
  <PropertyDefs>
    <PropertyDef>
      <Name>Reference</Name>
      <Definition>Reference ID for this specified type in this project (e.g. type 'A-1'), Also referred to as &quot;construction type&quot;. It should be provided as an alternative to the name of the &quot;object type&quot;, if the software does not support object types and no classification reference to a recognized classification system used.IFC4.3.0.0 DEPRECATION  The Reference property is deprecated and shall no longer be used, use attribute Name on the relating type instead.</Definition>
      <PropertyType>
        <TypePropertySingleValue>
          <DataType type="IfcIdentifier"/>
        </TypePropertySingleValue>
      </PropertyType>
    </PropertyDef>
    <PropertyDef>
      <Name>Status</Name>
      <Definition>Status of the element, predominately used in renovation or retrofitting projects. The status can be assigned to as &quot;New&quot; - element designed as new addition, &quot;Existing&quot; - element exists and remains, &quot;Demolish&quot; - element existed but is to be demolished,  &quot;Temporary&quot; - element will exists only temporary (like a temporary support structure).</Definition>
      <PropertyType>
        <TypePropertyEnumeratedValue>
          <EnumList name="PEnum_ElementStatus">
            <EnumItem>DEMOLISH</EnumItem>
            <EnumItem>EXISTING</EnumItem>
            <EnumItem>NEW</EnumItem>
            <EnumItem>TEMPORARY</EnumItem>
            <EnumItem>OTHER</EnumItem>
            <EnumItem>NOTKNOWN</EnumItem>
            <EnumItem>UNSET</EnumItem>
          </EnumList>
        </TypePropertyEnumeratedValue>
      </PropertyType>
    </PropertyDef>
    <PropertyDef>
      <Name>DeliveryType</Name>
      <Definition>Determines how the accessory will be delivered to the site.</Definition>
      <PropertyType>
        <TypePropertyEnumeratedValue>
          <EnumList name="PEnum_ElementComponentDeliveryType">
            <EnumItem>ATTACHED_FOR_DELIVERY</EnumItem>
            <EnumItem>CAST_IN_PLACE</EnumItem>
            <EnumItem>LOOSE</EnumItem>
            <EnumItem>PRECAST</EnumItem>
            <EnumItem>WELDED_TO_STRUCTURE</EnumItem>
            <EnumItem>NOTDEFINED</EnumItem>
          </EnumList>
        </TypePropertyEnumeratedValue>
      </PropertyType>
    </PropertyDef>
    <PropertyDef>
      <Name>CorrosionTreatment</Name>
      <Definition>Determines corrosion treatment for metal components. This property is provided if the requirement needs to be expressed (a) independently of a material specification and (b) as a mere requirements statement rather than a workshop design/ processing feature.</Definition>
      <PropertyType>
        <TypePropertyEnumeratedValue>
          <EnumList name="PEnum_ElementComponentCorrosionTreatment">
            <EnumItem>EPOXYCOATED</EnumItem>
            <EnumItem>GALVANISED</EnumItem>
            <EnumItem>NONE</EnumItem>
            <EnumItem>PAINTED</EnumItem>
            <EnumItem>STAINLESS</EnumItem>
            <EnumItem>NOTDEFINED</EnumItem>
          </EnumList>
        </TypePropertyEnumeratedValue>
      </PropertyType>
    </PropertyDef>
  </PropertyDefs>
</PropertySetDef>
