<?xml version="1.0" ?>
<PropertySetDef templatetype="PSET_TYPEDRIVENOVERRIDE" xmlns:xsd="http://www.w3.org/2001/XMLSchema" xmlns:xsi="http://www.w3.org/2001/XMLSchema-instance" xsi:noNamespaceSchemaLocation="http://buildingSMART-tech.org/xml/psd/PSD_IFC4.xsd">
  <IfcVersion version="IFC4X3_TC1"/>
  <Name>Pset_CoveringTypeMembrane</Name>
  <Definition>Property set for overing Type Membrane.</Definition>
  <Applicability/>
  <ApplicableClasses>
    <ClassName>IfcCovering/MEMBRANE</ClassName>
    <ClassName>IfcCoveringType/MEMBRANE</ClassName>
  </ApplicableClasses>
  <ApplicableTypeValue>IfcCovering/MEMBRANE,IfcCoveringType/MEMBRANE</ApplicableTypeValue>
  <PropertyDefs>
    <PropertyDef>
      <Name>NominalInstallationDepth</Name>
      <Definition>Nominal installation depth underground.</Definition>
      <PropertyType>
        <TypePropertySingleValue>
          <DataType type="IfcPositiveLengthMeasure"/>
        </TypePropertySingleValue>
      </PropertyType>
    </PropertyDef>
    <PropertyDef>
      <Name>NominalTransverseInclination</Name>
      <Definition>Required nominal angle of transverse slope.</Definition>
      <PropertyType>
        <TypePropertySingleValue>
          <DataType type="IfcPlaneAngleMeasure"/>
        </TypePropertySingleValue>
      </PropertyType>
    </PropertyDef>
  </PropertyDefs>
</PropertySetDef>
