<?xml version="1.0" ?>
<PropertySetDef templatetype="PSET_TYPEDRIVENOVERRIDE" xmlns:xsd="http://www.w3.org/2001/XMLSchema" xmlns:xsi="http://www.w3.org/2001/XMLSchema-instance" xsi:noNamespaceSchemaLocation="http://buildingSMART-tech.org/xml/psd/PSD_IFC4.xsd">
  <IfcVersion version="IFC4X3"/>
  <Name>Pset_BoundedCourseCommon</Name>
  <Definition>Properties for a bounded course.</Definition>
  <Applicability/>
  <ApplicableClasses>
    <ClassName>IfcCourse</ClassName>
    <ClassName>IfcCourseType</ClassName>
  </ApplicableClasses>
  <ApplicableTypeValue>IfcCourse,IfcCourseType</ApplicableTypeValue>
  <PropertyDefs>
    <PropertyDef>
      <Name>SpreadingRate</Name>
      <Definition>The nominal overall mass of material per area covered by the course.</Definition>
      <PropertyType>
        <TypePropertySingleValue>
          <DataType type="IfcNumericMeasure"/>
        </TypePropertySingleValue>
      </PropertyType>
    </PropertyDef>
  </PropertyDefs>
</PropertySetDef>
