<?xml version="1.0" ?>
<PropertySetDef templatetype="PSET_TYPEDRIVENOVERRIDE" xmlns:xsd="http://www.w3.org/2001/XMLSchema" xmlns:xsi="http://www.w3.org/2001/XMLSchema-instance" xsi:noNamespaceSchemaLocation="http://buildingSMART-tech.org/xml/psd/PSD_IFC4.xsd">
  <IfcVersion version="IFC4X3"/>
  <Name>Pset_ElectricFlowStorageDeviceTypeRecharger</Name>
  <Definition>Properties of battery rechargers. The property set can be used by the predefined type RECHARGER of IfcElectricFlowStorageDevice.</Definition>
  <Applicability/>
  <ApplicableClasses>
    <ClassName>IfcElectricFlowStorageDevice/RECHARGER</ClassName>
    <ClassName>IfcElectricFlowStorageDeviceType/RECHARGER</ClassName>
  </ApplicableClasses>
  <ApplicableTypeValue>IfcElectricFlowStorageDevice/RECHARGER,IfcElectricFlowStorageDeviceType/RECHARGER</ApplicableTypeValue>
  <PropertyDefs>
    <PropertyDef>
      <Name>NominalSupplyCurrent</Name>
      <Definition>The nominal current of the supply.</Definition>
      <PropertyType>
        <TypePropertySingleValue>
          <DataType type="IfcElectricCurrentMeasure"/>
        </TypePropertySingleValue>
      </PropertyType>
    </PropertyDef>
  </PropertyDefs>
</PropertySetDef>
