<?xml version="1.0" ?>
<PropertySetDef templatetype="PSET_TYPEDRIVENOVERRIDE" xmlns:xsd="http://www.w3.org/2001/XMLSchema" xmlns:xsi="http://www.w3.org/2001/XMLSchema-instance" xsi:noNamespaceSchemaLocation="http://buildingSMART-tech.org/xml/psd/PSD_IFC4.xsd">
  <IfcVersion version="IFC4X3"/>
  <Name>Pset_ControllerTypeProportional</Name>
  <Definition>Properties for signal handling for an proportional controller taking setpoint and feedback inputs and creating a single valued output. HISTORY: In IFC4, SignalFactor1, SignalFactor2 and SignalFactor3 changed to ProportionalConstant, IntegralConstant and DerivativeConstant.  SignalTime1 and SignalTime2 changed to SignalTimeIncrease and SignalTimeDecrease.</Definition>
  <Applicability/>
  <ApplicableClasses>
    <ClassName>IfcController/PROPORTIONAL</ClassName>
    <ClassName>IfcControllerType/PROPORTIONAL</ClassName>
  </ApplicableClasses>
  <ApplicableTypeValue>IfcController/PROPORTIONAL,IfcControllerType/PROPORTIONAL</ApplicableTypeValue>
  <PropertyDefs>
    <PropertyDef>
      <Name>ControlType</Name>
      <Definition>The type controller, signal modification effected and applicable ports</Definition>
      <PropertyType>
        <TypePropertyEnumeratedValue>
          <EnumList name="PEnum_ControllerProportionalType">
            <EnumItem>PROPORTIONAL</EnumItem>
            <EnumItem>PROPORTIONALINTEGRAL</EnumItem>
            <EnumItem>PROPORTIONALINTEGRALDERIVATIVE</EnumItem>
            <EnumItem>OTHER</EnumItem>
            <EnumItem>NOTKNOWN</EnumItem>
            <EnumItem>UNSET</EnumItem>
          </EnumList>
        </TypePropertyEnumeratedValue>
      </PropertyType>
    </PropertyDef>
    <PropertyDef>
      <Name>Labels</Name>
      <Definition>Table mapping values to labels, where such labels indicate the meanings of True and False, such as 'Open' and 'Closed'</Definition>
      <PropertyType>
        <TypePropertyTableValue>
          <Expression/>
          <DefiningValue>
            <DataType type="IfcReal"/>
          </DefiningValue>
          <DefinedValue>
            <DataType type="IfcLabel"/>
          </DefinedValue>
        </TypePropertyTableValue>
      </PropertyType>
    </PropertyDef>
    <PropertyDef>
      <Name>Range</Name>
      <Definition>The physical range of values supported by the device.</Definition>
      <PropertyType>
        <TypePropertyBoundedValue>
          <DataType type="IfcReal"/>
        </TypePropertyBoundedValue>
      </PropertyType>
    </PropertyDef>
    <PropertyDef>
      <Name>Value</Name>
      <Definition>The expected range and default value.</Definition>
      <PropertyType>
        <TypePropertyBoundedValue>
          <DataType type="IfcReal"/>
        </TypePropertyBoundedValue>
      </PropertyType>
    </PropertyDef>
    <PropertyDef>
      <Name>ProportionalConstant</Name>
      <Definition>The proportional gain factor of the controller (usually referred to as Kp).</Definition>
      <PropertyType>
        <TypePropertySingleValue>
          <DataType type="IfcReal"/>
        </TypePropertySingleValue>
      </PropertyType>
    </PropertyDef>
    <PropertyDef>
      <Name>IntegralConstant</Name>
      <Definition>The integral gain factor of the controller (usually referred to as Ki).  Asserted where ControlType is PROPORTIONALINTEGRAL or PROPORTIONALINTEGRALDERIVATIVE.</Definition>
      <PropertyType>
        <TypePropertySingleValue>
          <DataType type="IfcReal"/>
        </TypePropertySingleValue>
      </PropertyType>
    </PropertyDef>
    <PropertyDef>
      <Name>DerivativeConstant</Name>
      <Definition>The derivative gain factor of the controller (usually referred to as Kd).  Asserted where ControlType is PROPORTIONALINTEGRALDERIVATIVE.</Definition>
      <PropertyType>
        <TypePropertySingleValue>
          <DataType type="IfcReal"/>
        </TypePropertySingleValue>
      </PropertyType>
    </PropertyDef>
    <PropertyDef>
      <Name>SignalTimeIncrease</Name>
      <Definition>Time factor used for exponential increase.</Definition>
      <PropertyType>
        <TypePropertySingleValue>
          <DataType type="IfcTimeMeasure"/>
        </TypePropertySingleValue>
      </PropertyType>
    </PropertyDef>
    <PropertyDef>
      <Name>SignalTimeDecrease</Name>
      <Definition>Time factor used for exponential decrease.</Definition>
      <PropertyType>
        <TypePropertySingleValue>
          <DataType type="IfcTimeMeasure"/>
        </TypePropertySingleValue>
      </PropertyType>
    </PropertyDef>
  </PropertyDefs>
</PropertySetDef>
