<?xml version="1.0" ?>
<PropertySetDef templatetype="PSET_TYPEDRIVENOVERRIDE" xmlns:xsd="http://www.w3.org/2001/XMLSchema" xmlns:xsi="http://www.w3.org/2001/XMLSchema-instance" xsi:noNamespaceSchemaLocation="http://buildingSMART-tech.org/xml/psd/PSD_IFC4.xsd">
  <IfcVersion version="IFC4X3_ADD1"/>
  <Name>Pset_DiscreteAccessoryDiagonalTrussConnector</Name>
  <Definition>Shape properties specific to connecting accessories in truss form with diagonal cross-bars.</Definition>
  <Applicability/>
  <ApplicableClasses>
    <ClassName>IfcDiscreteAccessory</ClassName>
    <ClassName>IfcDiscreteAccessoryType</ClassName>
  </ApplicableClasses>
  <ApplicableTypeValue>IfcDiscreteAccessory,IfcDiscreteAccessoryType</ApplicableTypeValue>
  <PropertyDefs>
    <PropertyDef>
      <Name>DiagonalTrussHeight</Name>
      <Definition>The overall height of the truss connector.</Definition>
      <PropertyType>
        <TypePropertySingleValue>
          <DataType type="IfcPositiveLengthMeasure"/>
        </TypePropertySingleValue>
      </PropertyType>
    </PropertyDef>
    <PropertyDef>
      <Name>DiagonalTrussLength</Name>
      <Definition>The overall length of the truss connector.</Definition>
      <PropertyType>
        <TypePropertySingleValue>
          <DataType type="IfcPositiveLengthMeasure"/>
        </TypePropertySingleValue>
      </PropertyType>
    </PropertyDef>
    <PropertyDef>
      <Name>DiagonalTrussCrossBarSpacing</Name>
      <Definition>The spacing between diagonal cross-bar sections.</Definition>
      <PropertyType>
        <TypePropertySingleValue>
          <DataType type="IfcPositiveLengthMeasure"/>
        </TypePropertySingleValue>
      </PropertyType>
    </PropertyDef>
    <PropertyDef>
      <Name>DiagonalTrussBaseBarDiameter</Name>
      <Definition>The nominal diameter of the base bar.</Definition>
      <PropertyType>
        <TypePropertySingleValue>
          <DataType type="IfcPositiveLengthMeasure"/>
        </TypePropertySingleValue>
      </PropertyType>
    </PropertyDef>
    <PropertyDef>
      <Name>DiagonalTrussSecondaryBarDiameter</Name>
      <Definition>The nominal diameter of the secondary bar.</Definition>
      <PropertyType>
        <TypePropertySingleValue>
          <DataType type="IfcPositiveLengthMeasure"/>
        </TypePropertySingleValue>
      </PropertyType>
    </PropertyDef>
    <PropertyDef>
      <Name>DiagonalTrussCrossBarDiameter</Name>
      <Definition>The nominal diameter of the diagonal cross-bars.</Definition>
      <PropertyType>
        <TypePropertySingleValue>
          <DataType type="IfcPositiveLengthMeasure"/>
        </TypePropertySingleValue>
      </PropertyType>
    </PropertyDef>
  </PropertyDefs>
</PropertySetDef>
