<?xml version="1.0" ?>
<PropertySetDef templatetype="PSET_TYPEDRIVENOVERRIDE" xmlns:xsd="http://www.w3.org/2001/XMLSchema" xmlns:xsi="http://www.w3.org/2001/XMLSchema-instance" xsi:noNamespaceSchemaLocation="http://buildingSMART-tech.org/xml/psd/PSD_IFC4.xsd">
  <IfcVersion version="IFC4X3"/>
  <Name>Pset_BoilerTypeCommon</Name>
  <Definition>Boiler type common attributes.
SoundLevel attribute deleted in IFC2x2 Pset Addendum: Use IfcSoundProperties instead. PrimaryEnergySource and AuxiliaryEnergySource attributes deleted in IFC2x2 Pset Addendum: Use IfcEnergyProperties, IfcFuelProperties, etc. instead.</Definition>
  <Applicability/>
  <ApplicableClasses>
    <ClassName>IfcBoiler</ClassName>
    <ClassName>IfcBoilerType</ClassName>
  </ApplicableClasses>
  <ApplicableTypeValue>IfcBoiler,IfcBoilerType</ApplicableTypeValue>
  <PropertyDefs>
    <PropertyDef>
      <Name>Reference</Name>
      <Definition>Reference ID for this specified type in this project (e.g. type 'A-1'), Also referred to as &quot;construction type&quot;. It should be provided as an alternative to the name of the &quot;object type&quot;, if the software does not support object types and no classification reference to a recognized classification system used.IFC4.3.0.0 DEPRECATION  The Reference property is deprecated and shall no longer be used, use attribute Name on the relating type instead.</Definition>
      <PropertyType>
        <TypePropertySingleValue>
          <DataType type="IfcIdentifier"/>
        </TypePropertySingleValue>
      </PropertyType>
    </PropertyDef>
    <PropertyDef>
      <Name>Status</Name>
      <Definition>Status of the element, predominately used in renovation or retrofitting projects. The status can be assigned to as &quot;New&quot; - element designed as new addition, &quot;Existing&quot; - element exists and remains, &quot;Demolish&quot; - element existed but is to be demolished,  &quot;Temporary&quot; - element will exists only temporary (like a temporary support structure).</Definition>
      <PropertyType>
        <TypePropertyEnumeratedValue>
          <EnumList name="PEnum_ElementStatus">
            <EnumItem>DEMOLISH</EnumItem>
            <EnumItem>EXISTING</EnumItem>
            <EnumItem>NEW</EnumItem>
            <EnumItem>TEMPORARY</EnumItem>
            <EnumItem>OTHER</EnumItem>
            <EnumItem>NOTKNOWN</EnumItem>
            <EnumItem>UNSET</EnumItem>
          </EnumList>
        </TypePropertyEnumeratedValue>
      </PropertyType>
    </PropertyDef>
    <PropertyDef>
      <Name>PressureRating</Name>
      <Definition>Pressure rating of the object.</Definition>
      <PropertyType>
        <TypePropertySingleValue>
          <DataType type="IfcPressureMeasure"/>
        </TypePropertySingleValue>
      </PropertyType>
    </PropertyDef>
    <PropertyDef>
      <Name>OperatingMode</Name>
      <Definition>Identifies the operating mode of the boiler.</Definition>
      <PropertyType>
        <TypePropertyEnumeratedValue>
          <EnumList name="PEnum_BoilerOperatingMode">
            <EnumItem>FIXED</EnumItem>
            <EnumItem>MODULATING</EnumItem>
            <EnumItem>TWOSTEP</EnumItem>
            <EnumItem>OTHER</EnumItem>
            <EnumItem>NOTKNOWN</EnumItem>
            <EnumItem>UNSET</EnumItem>
          </EnumList>
        </TypePropertyEnumeratedValue>
      </PropertyType>
    </PropertyDef>
    <PropertyDef>
      <Name>HeatTransferSurfaceArea</Name>
      <Definition>Total heat transfer area of the vessel.</Definition>
      <PropertyType>
        <TypePropertySingleValue>
          <DataType type="IfcAreaMeasure"/>
        </TypePropertySingleValue>
      </PropertyType>
    </PropertyDef>
    <PropertyDef>
      <Name>NominalPartLoadRatio</Name>
      <Definition>Allowable part load ratio range.</Definition>
      <PropertyType>
        <TypePropertyBoundedValue>
          <DataType type="IfcReal"/>
        </TypePropertyBoundedValue>
      </PropertyType>
    </PropertyDef>
    <PropertyDef>
      <Name>WaterInletTemperatureRange</Name>
      <Definition>Allowable water inlet temperature range.</Definition>
      <PropertyType>
        <TypePropertyBoundedValue>
          <DataType type="IfcThermodynamicTemperatureMeasure"/>
        </TypePropertyBoundedValue>
      </PropertyType>
    </PropertyDef>
    <PropertyDef>
      <Name>WaterStorageCapacity</Name>
      <Definition>Water storage capacity.</Definition>
      <PropertyType>
        <TypePropertySingleValue>
          <DataType type="IfcVolumeMeasure"/>
        </TypePropertySingleValue>
      </PropertyType>
    </PropertyDef>
    <PropertyDef>
      <Name>IsWaterStorageHeater</Name>
      <Definition>This is used to identify if the boiler has storage capacity (TRUE). If FALSE, then there is no storage capacity built into the boiler, such as an instantaneous hot water heater.</Definition>
      <PropertyType>
        <TypePropertySingleValue>
          <DataType type="IfcBoolean"/>
        </TypePropertySingleValue>
      </PropertyType>
    </PropertyDef>
    <PropertyDef>
      <Name>PartialLoadEfficiencyCurves</Name>
      <Definition>Boiler efficiency as a function of the partial load factor; E = f (partialLaodfactor).</Definition>
      <PropertyType>
        <TypePropertyTableValue>
          <Expression/>
          <DefiningValue>
            <DataType type="IfcPositiveRatioMeasure"/>
          </DefiningValue>
          <DefinedValue>
            <DataType type="IfcNormalisedRatioMeasure"/>
          </DefinedValue>
        </TypePropertyTableValue>
      </PropertyType>
    </PropertyDef>
    <PropertyDef>
      <Name>OutletTemperatureRange</Name>
      <Definition>Allowable outlet temperature of either the water or the steam.</Definition>
      <PropertyType>
        <TypePropertyBoundedValue>
          <DataType type="IfcThermodynamicTemperatureMeasure"/>
        </TypePropertyBoundedValue>
      </PropertyType>
    </PropertyDef>
    <PropertyDef>
      <Name>NominalEnergyConsumption</Name>
      <Definition>Nominal fuel consumption rate required to produce the total boiler heat output.</Definition>
      <PropertyType>
        <TypePropertySingleValue>
          <DataType type="IfcPowerMeasure"/>
        </TypePropertySingleValue>
      </PropertyType>
    </PropertyDef>
    <PropertyDef>
      <Name>EnergySource</Name>
      <Definition>Enumeration defining the energy source or fuel cumbusted.</Definition>
      <PropertyType>
        <TypePropertyEnumeratedValue>
          <EnumList name="PEnum_EnergySource">
            <EnumItem>COAL</EnumItem>
            <EnumItem>COAL_PULVERIZED</EnumItem>
            <EnumItem>ELECTRICITY</EnumItem>
            <EnumItem>GAS</EnumItem>
            <EnumItem>OIL</EnumItem>
            <EnumItem>PROPANE</EnumItem>
            <EnumItem>WOOD</EnumItem>
            <EnumItem>WOOD_CHIP</EnumItem>
            <EnumItem>WOOD_PELLET</EnumItem>
            <EnumItem>WOOD_PULVERIZED</EnumItem>
            <EnumItem>OTHER</EnumItem>
            <EnumItem>NOTKNOWN</EnumItem>
            <EnumItem>UNSET</EnumItem>
          </EnumList>
        </TypePropertyEnumeratedValue>
      </PropertyType>
    </PropertyDef>
  </PropertyDefs>
</PropertySetDef>
