<?xml version="1.0" ?>
<PropertySetDef templatetype="PSET_TYPEDRIVENOVERRIDE" xmlns:xsd="http://www.w3.org/2001/XMLSchema" xmlns:xsi="http://www.w3.org/2001/XMLSchema-instance" xsi:noNamespaceSchemaLocation="http://buildingSMART-tech.org/xml/psd/PSD_IFC4.xsd">
  <IfcVersion version="IFC4X3_TC1"/>
  <Name>Pset_ManufacturerTypeInformation</Name>
  <Definition>Defines characteristics of types (ranges) of manufactured products that may be given by the manufacturer. Note that the term 'manufactured' may also be used to refer to products that are supplied and identified by the supplier or that are assembled off site by a third party provider.
HISTORY: This property set replaces the entity IfcManufacturerInformation from previous IFC releases. IFC 2x4: AssemblyPlace property added.</Definition>
  <Applicability/>
  <ApplicableClasses>
    <ClassName>IfcElement</ClassName>
    <ClassName>IfcElementType</ClassName>
  </ApplicableClasses>
  <ApplicableTypeValue>IfcElement,IfcElementType</ApplicableTypeValue>
  <PropertyDefs>
    <PropertyDef>
      <Name>GlobalTradeItemNumber</Name>
      <Definition>The Global Trade Item Number (GTIN) is an identifier for trade items developed by GS1 (www.gs1.org).</Definition>
      <PropertyType>
        <TypePropertySingleValue>
          <DataType type="IfcIdentifier"/>
        </TypePropertySingleValue>
      </PropertyType>
    </PropertyDef>
    <PropertyDef>
      <Name>ArticleNumber</Name>
      <Definition>Article number or reference that is be applied to a configured product according to a standard scheme for article number definition as defined by the manufacturer. It is often used as the purchasing number.</Definition>
      <PropertyType>
        <TypePropertySingleValue>
          <DataType type="IfcIdentifier"/>
        </TypePropertySingleValue>
      </PropertyType>
    </PropertyDef>
    <PropertyDef>
      <Name>ModelReference</Name>
      <Definition>The model number or designator of the product model (or product line) as assigned by the manufacturer of the manufactured item.</Definition>
      <PropertyType>
        <TypePropertySingleValue>
          <DataType type="IfcLabel"/>
        </TypePropertySingleValue>
      </PropertyType>
    </PropertyDef>
    <PropertyDef>
      <Name>ModelLabel</Name>
      <Definition>The descriptive model name of the product model (or product line) as assigned by the manufacturer of the manufactured item.</Definition>
      <PropertyType>
        <TypePropertySingleValue>
          <DataType type="IfcLabel"/>
        </TypePropertySingleValue>
      </PropertyType>
    </PropertyDef>
    <PropertyDef>
      <Name>Manufacturer</Name>
      <Definition>The organization that manufactured and/or assembled the item.</Definition>
      <PropertyType>
        <TypePropertySingleValue>
          <DataType type="IfcLabel"/>
        </TypePropertySingleValue>
      </PropertyType>
    </PropertyDef>
    <PropertyDef>
      <Name>ProductionYear</Name>
      <Definition>The year of production of the manufactured item.</Definition>
      <PropertyType>
        <TypePropertySingleValue>
          <DataType type="IfcLabel"/>
        </TypePropertySingleValue>
      </PropertyType>
    </PropertyDef>
    <PropertyDef>
      <Name>AssemblyPlace</Name>
      <Definition>Enumeration defining where the assembly is intended to take place, either in a factory, other offsite location or on the building site.</Definition>
      <PropertyType>
        <TypePropertyEnumeratedValue>
          <EnumList name="PEnum_AssemblyPlace">
            <EnumItem>FACTORY</EnumItem>
            <EnumItem>OFFSITE</EnumItem>
            <EnumItem>SITE</EnumItem>
            <EnumItem>OTHER</EnumItem>
            <EnumItem>NOTKNOWN</EnumItem>
            <EnumItem>UNSET</EnumItem>
          </EnumList>
        </TypePropertyEnumeratedValue>
      </PropertyType>
    </PropertyDef>
    <PropertyDef>
      <Name>OperationalDocument</Name>
      <Definition>Manufacturer's operational document</Definition>
      <PropertyType>
        <TypePropertyReferenceValue reftype="IfcExternalReference"/>
      </PropertyType>
    </PropertyDef>
    <PropertyDef>
      <Name>SafetyDocument</Name>
      <Definition>Manufacturer's safety document</Definition>
      <PropertyType>
        <TypePropertyReferenceValue reftype="IfcDocumentReference"/>
      </PropertyType>
    </PropertyDef>
    <PropertyDef>
      <Name>PerformanceCertificate</Name>
      <Definition>Manufacturer's performance certificate</Definition>
      <PropertyType>
        <TypePropertyReferenceValue reftype="IfcDocumentReference"/>
      </PropertyType>
    </PropertyDef>
  </PropertyDefs>
</PropertySetDef>
