<?xml version="1.0" ?>
<PropertySetDef templatetype="PSET_TYPEDRIVENOVERRIDE" xmlns:xsd="http://www.w3.org/2001/XMLSchema" xmlns:xsi="http://www.w3.org/2001/XMLSchema-instance" xsi:noNamespaceSchemaLocation="http://buildingSMART-tech.org/xml/psd/PSD_IFC4.xsd">
  <IfcVersion version="IFC4X3"/>
  <Name>Pset_SensorTypeFrostSensor</Name>
  <Definition>A device that senses or detects the presense of frost.</Definition>
  <Applicability/>
  <ApplicableClasses>
    <ClassName>IfcSensor/FROSTSENSOR</ClassName>
    <ClassName>IfcSensorType/FROSTSENSOR</ClassName>
  </ApplicableClasses>
  <ApplicableTypeValue>IfcSensor/FROSTSENSOR,IfcSensorType/FROSTSENSOR</ApplicableTypeValue>
  <PropertyDefs>
    <PropertyDef>
      <Name>SetPointFrost</Name>
      <Definition>The detection of frost.</Definition>
      <PropertyType>
        <TypePropertyBoundedValue>
          <DataType type="IfcPositiveRatioMeasure"/>
        </TypePropertyBoundedValue>
      </PropertyType>
    </PropertyDef>
  </PropertyDefs>
</PropertySetDef>
