<?xml version="1.0" ?>
<PropertySetDef templatetype="PSET_PERFORMANCEDRIVEN" xmlns:xsd="http://www.w3.org/2001/XMLSchema" xmlns:xsi="http://www.w3.org/2001/XMLSchema-instance" xsi:noNamespaceSchemaLocation="http://buildingSMART-tech.org/xml/psd/PSD_IFC4.xsd">
  <IfcVersion version="IFC4X3"/>
  <Name>Pset_CooledBeamPHistory</Name>
  <Definition>Common performance history attributes for a cooled beam.</Definition>
  <Applicability/>
  <ApplicableClasses>
    <ClassName>IfcCooledBeam</ClassName>
  </ApplicableClasses>
  <ApplicableTypeValue>IfcCooledBeam</ApplicableTypeValue>
  <PropertyDefs>
    <PropertyDef>
      <Name>TotalCoolingCapacity</Name>
      <Definition>Total cooling capacity. This includes cooling capacity of beam and cooling capacity of supply air.</Definition>
      <PropertyType>
        <TypePropertyReferenceValue reftype="IfcTimeSeries"/>
      </PropertyType>
    </PropertyDef>
    <PropertyDef>
      <Name>TotalHeatingCapacity</Name>
      <Definition>Total heating capacity. This includes heating capacity of beam and heating capacity of supply air.</Definition>
      <PropertyType>
        <TypePropertyReferenceValue reftype="IfcTimeSeries"/>
      </PropertyType>
    </PropertyDef>
    <PropertyDef>
      <Name>BeamCoolingCapacity</Name>
      <Definition>Cooling capacity of beam. This excludes cooling capacity of supply air.</Definition>
      <PropertyType>
        <TypePropertyReferenceValue reftype="IfcTimeSeries"/>
      </PropertyType>
    </PropertyDef>
    <PropertyDef>
      <Name>BeamHeatingCapacity</Name>
      <Definition>Heating capacity of beam. This excludes heating capacity of supply air.</Definition>
      <PropertyType>
        <TypePropertyReferenceValue reftype="IfcTimeSeries"/>
      </PropertyType>
    </PropertyDef>
    <PropertyDef>
      <Name>CoolingWaterFlowRate</Name>
      <Definition>Water flow rate for cooling.</Definition>
      <PropertyType>
        <TypePropertyReferenceValue reftype="IfcTimeSeries"/>
      </PropertyType>
    </PropertyDef>
    <PropertyDef>
      <Name>HeatingWaterFlowRate</Name>
      <Definition>Water flow rate for heating.</Definition>
      <PropertyType>
        <TypePropertyReferenceValue reftype="IfcTimeSeries"/>
      </PropertyType>
    </PropertyDef>
    <PropertyDef>
      <Name>CorrectionFactorForCooling</Name>
      <Definition>Correction factor k as a function of water flow rate (used to calculate cooling capacity).</Definition>
      <PropertyType>
        <TypePropertyReferenceValue reftype="IfcTimeSeries"/>
      </PropertyType>
    </PropertyDef>
    <PropertyDef>
      <Name>CorrectionFactorForHeating</Name>
      <Definition>Correction factor k as a function of water flow rate (used to calculate heating capacity).</Definition>
      <PropertyType>
        <TypePropertyReferenceValue reftype="IfcTimeSeries"/>
      </PropertyType>
    </PropertyDef>
    <PropertyDef>
      <Name>WaterPressureDropCurves</Name>
      <Definition>Water pressure drop as function of water flow rate.</Definition>
      <PropertyType>
        <TypePropertyReferenceValue reftype="IfcTimeSeries"/>
      </PropertyType>
    </PropertyDef>
    <PropertyDef>
      <Name>SupplyWaterTemperatureCooling</Name>
      <Definition>Supply water temperature in cooling mode.</Definition>
      <PropertyType>
        <TypePropertyReferenceValue reftype="IfcTimeSeries"/>
      </PropertyType>
    </PropertyDef>
    <PropertyDef>
      <Name>ReturnWaterTemperatureCooling</Name>
      <Definition>Return water temperature in cooling mode.</Definition>
      <PropertyType>
        <TypePropertyReferenceValue reftype="IfcTimeSeries"/>
      </PropertyType>
    </PropertyDef>
    <PropertyDef>
      <Name>SupplyWaterTemperatureHeating</Name>
      <Definition>Supply water temperature in heating mode.</Definition>
      <PropertyType>
        <TypePropertyReferenceValue reftype="IfcTimeSeries"/>
      </PropertyType>
    </PropertyDef>
    <PropertyDef>
      <Name>ReturnWaterTemperatureHeating</Name>
      <Definition>Return water temperature in heating mode.</Definition>
      <PropertyType>
        <TypePropertyReferenceValue reftype="IfcTimeSeries"/>
      </PropertyType>
    </PropertyDef>
  </PropertyDefs>
</PropertySetDef>
