<?xml version="1.0" ?>
<PropertySetDef templatetype="PSET_OCCURRENCEDRIVEN" xmlns:xsd="http://www.w3.org/2001/XMLSchema" xmlns:xsi="http://www.w3.org/2001/XMLSchema-instance" xsi:noNamespaceSchemaLocation="http://buildingSMART-tech.org/xml/psd/PSD_IFC4.xsd">
  <IfcVersion version="IFC4X3"/>
  <Name>Pset_BuildingUseAdjacent</Name>
  <Definition>Provides information on adjacent buildings and their uses to enable their impact on the building of interest to be determined. Note that for each instance of the property set used, where there is an existence of risk, there will be an instance of the property set Pset_Risk (q.v).</Definition>
  <Applicability/>
  <ApplicableClasses>
    <ClassName>IfcBuilding</ClassName>
  </ApplicableClasses>
  <ApplicableTypeValue>IfcBuilding</ApplicableTypeValue>
  <PropertyDefs>
    <PropertyDef>
      <Name>MarketCategory</Name>
      <Definition>Category of use e.g. residential, commercial, recreation etc.</Definition>
      <PropertyType>
        <TypePropertySingleValue>
          <DataType type="IfcLabel"/>
        </TypePropertySingleValue>
      </PropertyType>
    </PropertyDef>
    <PropertyDef>
      <Name>MarketSubCategory</Name>
      <Definition>Subset of category of use e.g. multi-family, 2 bedroom, low rise.</Definition>
      <PropertyType>
        <TypePropertySingleValue>
          <DataType type="IfcLabel"/>
        </TypePropertySingleValue>
      </PropertyType>
    </PropertyDef>
    <PropertyDef>
      <Name>PlanningControlStatus</Name>
      <Definition>Label of zoning category or class, or planning control category for the site or facility.</Definition>
      <PropertyType>
        <TypePropertySingleValue>
          <DataType type="IfcLabel"/>
        </TypePropertySingleValue>
      </PropertyType>
    </PropertyDef>
    <PropertyDef>
      <Name>NarrativeText</Name>
      <Definition>Added information relating to the adjacent building use that is not appropriate to the general descriptive text associated with an entity through the inherited IfcRoot.Description.</Definition>
      <PropertyType>
        <TypePropertySingleValue>
          <DataType type="IfcText"/>
        </TypePropertySingleValue>
      </PropertyType>
    </PropertyDef>
  </PropertyDefs>
</PropertySetDef>
