<?xml version="1.0" ?>
<PropertySetDef templatetype="PSET_OCCURRENCEDRIVEN" xmlns:xsd="http://www.w3.org/2001/XMLSchema" xmlns:xsi="http://www.w3.org/2001/XMLSchema-instance" xsi:noNamespaceSchemaLocation="http://buildingSMART-tech.org/xml/psd/PSD_IFC4.xsd">
  <IfcVersion version="IFC4X3"/>
  <Name>Pset_AnnotationContourLine</Name>
  <Definition>Specifies parameters of a standard curve that has a single, consistent measure value.</Definition>
  <Applicability/>
  <ApplicableClasses>
    <ClassName>IfcAnnotation</ClassName>
  </ApplicableClasses>
  <ApplicableTypeValue>IfcAnnotation</ApplicableTypeValue>
  <PropertyDefs>
    <PropertyDef>
      <Name>ContourValue</Name>
      <Definition>Value of the elevation of the contour above or below a reference plane.</Definition>
      <PropertyType>
        <TypePropertySingleValue>
          <DataType type="IfcLengthMeasure"/>
        </TypePropertySingleValue>
      </PropertyType>
    </PropertyDef>
  </PropertyDefs>
</PropertySetDef>
