<?xml version="1.0" ?>
<PropertySetDef templatetype="PSET_OCCURRENCEDRIVEN" xmlns:xsd="http://www.w3.org/2001/XMLSchema" xmlns:xsi="http://www.w3.org/2001/XMLSchema-instance" xsi:noNamespaceSchemaLocation="http://buildingSMART-tech.org/xml/psd/PSD_IFC4.xsd">
  <IfcVersion version="IFC4X3_ADD1"/>
  <Name>Pset_RevetmentCommon</Name>
  <Definition>Properties common to the definition of all occurrences of IfcMarineFacility with the predefined type set to REVETMENT.</Definition>
  <Applicability/>
  <ApplicableClasses>
    <ClassName>IfcMarineFacility/REVETMENT</ClassName>
  </ApplicableClasses>
  <ApplicableTypeValue>IfcMarineFacility/REVETMENT</ApplicableTypeValue>
  <PropertyDefs>
    <PropertyDef>
      <Name>StructuralType</Name>
      <Definition>Structural type of the object</Definition>
      <PropertyType>
        <TypePropertySingleValue>
          <DataType type="IfcLabel"/>
        </TypePropertySingleValue>
      </PropertyType>
    </PropertyDef>
    <PropertyDef>
      <Name>Elevation</Name>
      <Definition>Elevation of the entity</Definition>
      <PropertyType>
        <TypePropertySingleValue>
          <DataType type="IfcLengthMeasure"/>
        </TypePropertySingleValue>
      </PropertyType>
    </PropertyDef>
  </PropertyDefs>
</PropertySetDef>
