<?xml version="1.0" ?>
<PropertySetDef templatetype="PSET_OCCURRENCEDRIVEN" xmlns:xsd="http://www.w3.org/2001/XMLSchema" xmlns:xsi="http://www.w3.org/2001/XMLSchema-instance" xsi:noNamespaceSchemaLocation="http://buildingSMART-tech.org/xml/psd/PSD_IFC4.xsd">
  <IfcVersion version="IFC4X3"/>
  <Name>Pset_ProvisionForVoid</Name>
  <Definition>Properties for Provisions For Voids.</Definition>
  <Applicability/>
  <ApplicableClasses>
    <ClassName>IfcVirtualElement/PROVISIONFORVOID</ClassName>
  </ApplicableClasses>
  <ApplicableTypeValue>IfcVirtualElement/PROVISIONFORVOID</ApplicableTypeValue>
  <PropertyDefs>
    <PropertyDef>
      <Name>VoidShape</Name>
      <Definition>Shape of the void.</Definition>
      <PropertyType>
        <TypePropertySingleValue>
          <DataType type="IfcLabel"/>
        </TypePropertySingleValue>
      </PropertyType>
    </PropertyDef>
    <PropertyDef>
      <Name>Width</Name>
      <Definition>The width of the object. Only given, if the object has constant thickness (prismatic).</Definition>
      <PropertyType>
        <TypePropertySingleValue>
          <DataType type="IfcPositiveLengthMeasure"/>
        </TypePropertySingleValue>
      </PropertyType>
    </PropertyDef>
    <PropertyDef>
      <Name>Height</Name>
      <Definition>Characteristic height.</Definition>
      <PropertyType>
        <TypePropertySingleValue>
          <DataType type="IfcPositiveLengthMeasure"/>
        </TypePropertySingleValue>
      </PropertyType>
    </PropertyDef>
    <PropertyDef>
      <Name>Diameter</Name>
      <Definition>The Diameter of the object.</Definition>
      <PropertyType>
        <TypePropertySingleValue>
          <DataType type="IfcPositiveLengthMeasure"/>
        </TypePropertySingleValue>
      </PropertyType>
    </PropertyDef>
    <PropertyDef>
      <Name>Depth</Name>
      <Definition>The depth of the object.</Definition>
      <PropertyType>
        <TypePropertySingleValue>
          <DataType type="IfcPositiveLengthMeasure"/>
        </TypePropertySingleValue>
      </PropertyType>
    </PropertyDef>
    <PropertyDef>
      <Name>System</Name>
      <Definition>he building service system that requires the provision for voids, e.g. 'Air Conditioning', 'Plumbing', 'Electro', etc.</Definition>
      <PropertyType>
        <TypePropertySingleValue>
          <DataType type="IfcLabel"/>
        </TypePropertySingleValue>
      </PropertyType>
    </PropertyDef>
  </PropertyDefs>
</PropertySetDef>
