<?xml version="1.0" ?>
<PropertySetDef templatetype="PSET_TYPEDRIVENOVERRIDE" xmlns:xsd="http://www.w3.org/2001/XMLSchema" xmlns:xsi="http://www.w3.org/2001/XMLSchema-instance" xsi:noNamespaceSchemaLocation="http://buildingSMART-tech.org/xml/psd/PSD_IFC4.xsd">
  <IfcVersion version="IFC4X3_TC1"/>
  <Name>Pset_DistributionChamberElementTypeMeterChamber</Name>
  <Definition>Chamber that houses a meter(s) (definition modified from BS6100 250 6224).</Definition>
  <Applicability/>
  <ApplicableClasses>
    <ClassName>IfcDistributionChamberElement/METERCHAMBER</ClassName>
    <ClassName>IfcDistributionChamberElementType/METERCHAMBER</ClassName>
  </ApplicableClasses>
  <ApplicableTypeValue>IfcDistributionChamberElement/METERCHAMBER,IfcDistributionChamberElementType/METERCHAMBER</ApplicableTypeValue>
  <PropertyDefs>
    <PropertyDef>
      <Name>ChamberLengthOrRadius</Name>
      <Definition>Length or, in the event of the shape being circular in plan, the radius of the chamber.</Definition>
      <PropertyType>
        <TypePropertySingleValue>
          <DataType type="IfcPositiveLengthMeasure"/>
        </TypePropertySingleValue>
      </PropertyType>
    </PropertyDef>
    <PropertyDef>
      <Name>ChamberWidth</Name>
      <Definition>Width, in the event of the shape being non circular in plan.</Definition>
      <PropertyType>
        <TypePropertySingleValue>
          <DataType type="IfcPositiveLengthMeasure"/>
        </TypePropertySingleValue>
      </PropertyType>
    </PropertyDef>
    <PropertyDef>
      <Name>WallMaterial</Name>
      <Definition>The material from which the wall of the chamber is constructed.
NOTE: It is assumed that chamber walls will be constructed of a single material.</Definition>
      <PropertyType>
        <TypePropertyReferenceValue reftype="IfcMaterialDefinition"/>
      </PropertyType>
    </PropertyDef>
    <PropertyDef>
      <Name>WallThickness</Name>
      <Definition>The thickness of the wall construction.
NOTE: It is assumed that walls will be constructed at a single thickness.</Definition>
      <PropertyType>
        <TypePropertySingleValue>
          <DataType type="IfcPositiveLengthMeasure"/>
        </TypePropertySingleValue>
      </PropertyType>
    </PropertyDef>
    <PropertyDef>
      <Name>BaseMaterial</Name>
      <Definition>The material from which the base of the chamber is constructed.
NOTE: It is assumed that chamber base will be constructed of a single material.</Definition>
      <PropertyType>
        <TypePropertyReferenceValue reftype="IfcMaterialDefinition"/>
      </PropertyType>
    </PropertyDef>
    <PropertyDef>
      <Name>BaseThickness</Name>
      <Definition>The thickness of the base construction, assumed to be constructed at a single thickness.</Definition>
      <PropertyType>
        <TypePropertySingleValue>
          <DataType type="IfcPositiveLengthMeasure"/>
        </TypePropertySingleValue>
      </PropertyType>
    </PropertyDef>
    <PropertyDef>
      <Name>AccessCoverMaterial</Name>
      <Definition>The material from which the access cover to the chamber is constructed.
NOTE: It is assumed that chamber walls will be constructed of a single material.</Definition>
      <PropertyType>
        <TypePropertyReferenceValue reftype="IfcMaterialDefinition"/>
      </PropertyType>
    </PropertyDef>
  </PropertyDefs>
</PropertySetDef>
