<?xml version="1.0" ?>
<PropertySetDef templatetype="PSET_OCCURRENCEDRIVEN" xmlns:xsd="http://www.w3.org/2001/XMLSchema" xmlns:xsi="http://www.w3.org/2001/XMLSchema-instance" xsi:noNamespaceSchemaLocation="http://buildingSMART-tech.org/xml/psd/PSD_IFC4.xsd">
  <IfcVersion version="IFC4X3_TC1"/>
  <Name>Pset_DistributionPortCommon</Name>
  <Definition>Common attributes attached to an instance of IfcDistributionPort.</Definition>
  <Applicability/>
  <ApplicableClasses>
    <ClassName>IfcDistributionPort</ClassName>
  </ApplicableClasses>
  <ApplicableTypeValue>IfcDistributionPort</ApplicableTypeValue>
  <PropertyDefs>
    <PropertyDef>
      <Name>PortNumber</Name>
      <Definition>The port index for logically ordering the port within the containing element or element type.</Definition>
      <PropertyType>
        <TypePropertySingleValue>
          <DataType type="IfcInteger"/>
        </TypePropertySingleValue>
      </PropertyType>
    </PropertyDef>
    <PropertyDef>
      <Name>ColourCode</Name>
      <Definition>Name of a colour for identifying the connector, if applicable.</Definition>
      <PropertyType>
        <TypePropertySingleValue>
          <DataType type="IfcLabel"/>
        </TypePropertySingleValue>
      </PropertyType>
    </PropertyDef>
  </PropertyDefs>
</PropertySetDef>
