<?xml version="1.0" ?>
<PropertySetDef templatetype="PSET_OCCURRENCEDRIVEN" xmlns:xsd="http://www.w3.org/2001/XMLSchema" xmlns:xsi="http://www.w3.org/2001/XMLSchema-instance" xsi:noNamespaceSchemaLocation="http://buildingSMART-tech.org/xml/psd/PSD_IFC4.xsd">
  <IfcVersion version="IFC4X3_ADD1"/>
  <Name>Pset_ConstructionOccurence</Name>
  <Definition>Property set for construction occurence.</Definition>
  <Applicability/>
  <ApplicableClasses>
    <ClassName>IfcElement</ClassName>
  </ApplicableClasses>
  <ApplicableTypeValue>IfcElement</ApplicableTypeValue>
  <PropertyDefs>
    <PropertyDef>
      <Name>InstallationDate</Name>
      <Definition>Date on which the element is installed.</Definition>
      <PropertyType>
        <TypePropertySingleValue>
          <DataType type="IfcDate"/>
        </TypePropertySingleValue>
      </PropertyType>
    </PropertyDef>
    <PropertyDef>
      <Name>ModelNumber</Name>
      <Definition>The model number and/or unit designator assigned by the manufacturer of the manufactured item.</Definition>
      <PropertyType>
        <TypePropertySingleValue>
          <DataType type="IfcLabel"/>
        </TypePropertySingleValue>
      </PropertyType>
    </PropertyDef>
    <PropertyDef>
      <Name>TagNumber</Name>
      <Definition>Tag number.</Definition>
      <PropertyType>
        <TypePropertySingleValue>
          <DataType type="IfcLabel"/>
        </TypePropertySingleValue>
      </PropertyType>
    </PropertyDef>
    <PropertyDef>
      <Name>AssetIdentifier</Name>
      <Definition>A unique identification assigned to an asset that enables its differentiation from other assets.NOTE  The asset identifier is unique within the asset register. It differs from the globally unique id assigned to the instance of an entity populating a database.</Definition>
      <PropertyType>
        <TypePropertySingleValue>
          <DataType type="IfcLabel"/>
        </TypePropertySingleValue>
      </PropertyType>
    </PropertyDef>
  </PropertyDefs>
</PropertySetDef>
