<?xml version="1.0" ?>
<PropertySetDef templatetype="PSET_TYPEDRIVENOVERRIDE" xmlns:xsd="http://www.w3.org/2001/XMLSchema" xmlns:xsi="http://www.w3.org/2001/XMLSchema-instance" xsi:noNamespaceSchemaLocation="http://buildingSMART-tech.org/xml/psd/PSD_IFC4.xsd">
  <IfcVersion version="IFC4X3"/>
  <Name>Pset_ProtectiveDeviceTrippingFunctionGCurve</Name>
  <Definition>Tripping functions are applied to electronic tripping units (i.e. tripping units having type property sets for electronic tripping defined). They are not applied to thermal, thermal magnetic or RCD tripping units.
This property set represent the ground fault protection (G-curve) of an electronic protection device</Definition>
  <Applicability/>
  <ApplicableClasses>
    <ClassName>IfcProtectiveDeviceTrippingUnit</ClassName>
    <ClassName>IfcProtectiveDeviceTrippingUnitType</ClassName>
  </ApplicableClasses>
  <ApplicableTypeValue>IfcProtectiveDeviceTrippingUnit,IfcProtectiveDeviceTrippingUnitType</ApplicableTypeValue>
  <PropertyDefs>
    <PropertyDef>
      <Name>IsSelectable</Name>
      <Definition>Indication whether something can be switched off or not.</Definition>
      <PropertyType>
        <TypePropertySingleValue>
          <DataType type="IfcBoolean"/>
        </TypePropertySingleValue>
      </PropertyType>
    </PropertyDef>
    <PropertyDef>
      <Name>NominalCurrentAdjusted</Name>
      <Definition>An indication if the tripping currents of the short time protection is related to the nominal current multiplied with the actual setting of the current adjustment, if any, of the long time protection part of the protective device, or not.</Definition>
      <PropertyType>
        <TypePropertySingleValue>
          <DataType type="IfcBoolean"/>
        </TypePropertySingleValue>
      </PropertyType>
    </PropertyDef>
    <PropertyDef>
      <Name>ExternalAdjusted</Name>
      <Definition>An indication if the ground fault protection may be adjusted according to an external current coil or not.</Definition>
      <PropertyType>
        <TypePropertySingleValue>
          <DataType type="IfcBoolean"/>
        </TypePropertySingleValue>
      </PropertyType>
    </PropertyDef>
    <PropertyDef>
      <Name>ReleaseCurrent</Name>
      <Definition>The release current in [x In] for the initial tripping of the S-function.</Definition>
      <PropertyType>
        <TypePropertySingleValue>
          <DataType type="IfcElectricCurrentMeasure"/>
        </TypePropertySingleValue>
      </PropertyType>
    </PropertyDef>
    <PropertyDef>
      <Name>ReleaseTime</Name>
      <Definition>The release time in [s] for the initial tripping of the relevant part. This time indicates that for current lower than the indicated release current, the tripping time will be longer than the indicated release time. The value is given as a mean value.</Definition>
      <PropertyType>
        <TypePropertySingleValue>
          <DataType type="IfcTimeMeasure"/>
        </TypePropertySingleValue>
      </PropertyType>
    </PropertyDef>
    <PropertyDef>
      <Name>CurrentTolerance1</Name>
      <Definition>The tolerance for the current of time/current-curve in [%].</Definition>
      <PropertyType>
        <TypePropertySingleValue>
          <DataType type="IfcPositiveRatioMeasure"/>
        </TypePropertySingleValue>
      </PropertyType>
    </PropertyDef>
    <PropertyDef>
      <Name>CurrentToleranceLimit1</Name>
      <Definition>The time limit in [s] limiting the application of CurrentTolerance1, if any. If the value is set to 0, the value of the CurrentTolerance1 is valid for the whole time/current-curve.</Definition>
      <PropertyType>
        <TypePropertySingleValue>
          <DataType type="IfcTimeMeasure"/>
        </TypePropertySingleValue>
      </PropertyType>
    </PropertyDef>
    <PropertyDef>
      <Name>CurrentTolerance2</Name>
      <Definition>The tolerance for the current of time/current-curve in [%] valid for times above CurrentTolereanceLimit1.</Definition>
      <PropertyType>
        <TypePropertySingleValue>
          <DataType type="IfcPositiveRatioMeasure"/>
        </TypePropertySingleValue>
      </PropertyType>
    </PropertyDef>
    <PropertyDef>
      <Name>IsCurrentTolerancePositiveOnly</Name>
      <Definition>Indication whether the value of  CurrentTolerance1 is provided as a positive tolereance only  or not. If not, the value is proved as a pluss/minus tolerance.</Definition>
      <PropertyType>
        <TypePropertySingleValue>
          <DataType type="IfcBoolean"/>
        </TypePropertySingleValue>
      </PropertyType>
    </PropertyDef>
    <PropertyDef>
      <Name>TimeTolerance1</Name>
      <Definition>The tolerance for the time of time/current-curve in [%].</Definition>
      <PropertyType>
        <TypePropertySingleValue>
          <DataType type="IfcPositiveRatioMeasure"/>
        </TypePropertySingleValue>
      </PropertyType>
    </PropertyDef>
    <PropertyDef>
      <Name>TimeToleranceLimit1</Name>
      <Definition>The current limit in [x In] limiting the application of TimeTolerance1, if any. If the value is set to 0, the value of the TimeTolerance1 is valid for the whole time/current-curve.</Definition>
      <PropertyType>
        <TypePropertySingleValue>
          <DataType type="IfcElectricCurrentMeasure"/>
        </TypePropertySingleValue>
      </PropertyType>
    </PropertyDef>
    <PropertyDef>
      <Name>TimeTolerance2</Name>
      <Definition>The tolerance for the time of the time/current-curve in [%] valid for currents above TimeToleranceLimit1.</Definition>
      <PropertyType>
        <TypePropertySingleValue>
          <DataType type="IfcPositiveRatioMeasure"/>
        </TypePropertySingleValue>
      </PropertyType>
    </PropertyDef>
    <PropertyDef>
      <Name>IsTimeTolerancePositiveOnly</Name>
      <Definition>Indication whether the value of  TimeTolerance1 is provided as a positive tolereance only  or not. If not, the value is proved as a pluss/minus tolerance.</Definition>
      <PropertyType>
        <TypePropertySingleValue>
          <DataType type="IfcBoolean"/>
        </TypePropertySingleValue>
      </PropertyType>
    </PropertyDef>
    <PropertyDef>
      <Name>ReleaseCurrentI2tStart</Name>
      <Definition>The release current in [x In].</Definition>
      <PropertyType>
        <TypePropertySingleValue>
          <DataType type="IfcElectricCurrentMeasure"/>
        </TypePropertySingleValue>
      </PropertyType>
    </PropertyDef>
    <PropertyDef>
      <Name>ReleaseTimeI2tStart</Name>
      <Definition>The release time in [s].</Definition>
      <PropertyType>
        <TypePropertySingleValue>
          <DataType type="IfcTimeMeasure"/>
        </TypePropertySingleValue>
      </PropertyType>
    </PropertyDef>
    <PropertyDef>
      <Name>ReleaseCurrentI2tEnd</Name>
      <Definition>The release current in [x In].</Definition>
      <PropertyType>
        <TypePropertySingleValue>
          <DataType type="IfcElectricCurrentMeasure"/>
        </TypePropertySingleValue>
      </PropertyType>
    </PropertyDef>
    <PropertyDef>
      <Name>ReleaseTimeI2tEnd</Name>
      <Definition>The release time in [s].</Definition>
      <PropertyType>
        <TypePropertySingleValue>
          <DataType type="IfcTimeMeasure"/>
        </TypePropertySingleValue>
      </PropertyType>
    </PropertyDef>
  </PropertyDefs>
</PropertySetDef>
