<?xml version="1.0" ?>
<PropertySetDef templatetype="PSET_MATERIALDRIVEN" xmlns:xsd="http://www.w3.org/2001/XMLSchema" xmlns:xsi="http://www.w3.org/2001/XMLSchema-instance" xsi:noNamespaceSchemaLocation="http://buildingSMART-tech.org/xml/psd/PSD_IFC4.xsd">
  <IfcVersion version="IFC4X3_ADD1"/>
  <Name>Pset_MaterialWater</Name>
  <Definition>A set of extended material properties for of water typically used within the context of building services and flow distribution systems.</Definition>
  <Applicability/>
  <ApplicableClasses>
    <ClassName>IfcMaterial</ClassName>
  </ApplicableClasses>
  <ApplicableTypeValue>IfcMaterial</ApplicableTypeValue>
  <PropertyDefs>
    <PropertyDef>
      <Name>IsPotable</Name>
      <Definition>If TRUE, then the water is considered potable.</Definition>
      <PropertyType>
        <TypePropertySingleValue>
          <DataType type="IfcBoolean"/>
        </TypePropertySingleValue>
      </PropertyType>
    </PropertyDef>
    <PropertyDef>
      <Name>Hardness</Name>
      <Definition>Water hardness as positive, multivalent ion concentration in the water (usually concentrations of calcium and magnesium ions in terms of calcium carbonate).</Definition>
      <PropertyType>
        <TypePropertySingleValue>
          <DataType type="IfcIonConcentrationMeasure"/>
        </TypePropertySingleValue>
      </PropertyType>
    </PropertyDef>
    <PropertyDef>
      <Name>AlkalinityConcentration</Name>
      <Definition>Maximum alkalinity concentration (maximum sum of concentrations of each of the negative ions substances measured as CaCO3).</Definition>
      <PropertyType>
        <TypePropertySingleValue>
          <DataType type="IfcIonConcentrationMeasure"/>
        </TypePropertySingleValue>
      </PropertyType>
    </PropertyDef>
    <PropertyDef>
      <Name>AcidityConcentration</Name>
      <Definition>Maximum CaCO3 equivalent that would neutralize the acid.</Definition>
      <PropertyType>
        <TypePropertySingleValue>
          <DataType type="IfcIonConcentrationMeasure"/>
        </TypePropertySingleValue>
      </PropertyType>
    </PropertyDef>
    <PropertyDef>
      <Name>ImpuritiesContent</Name>
      <Definition>Fraction of impurities such as dust to the total amount of water. This is measured in weight of impurities per weight of water and is therefore unitless.</Definition>
      <PropertyType>
        <TypePropertySingleValue>
          <DataType type="IfcNormalisedRatioMeasure"/>
        </TypePropertySingleValue>
      </PropertyType>
    </PropertyDef>
    <PropertyDef>
      <Name>DissolvedSolidsContent</Name>
      <Definition>Fraction of the dissolved solids to the total amount of water. This is measured in weight of dissolved solids per weight of water and is therefore unitless.</Definition>
      <PropertyType>
        <TypePropertySingleValue>
          <DataType type="IfcNormalisedRatioMeasure"/>
        </TypePropertySingleValue>
      </PropertyType>
    </PropertyDef>
    <PropertyDef>
      <Name>PHLevel</Name>
      <Definition>Maximum water PH in a range from 0-14.</Definition>
      <PropertyType>
        <TypePropertySingleValue>
          <DataType type="IfcPHMeasure"/>
        </TypePropertySingleValue>
      </PropertyType>
    </PropertyDef>
  </PropertyDefs>
</PropertySetDef>
