<?xml version="1.0" ?>
<PropertySetDef templatetype="PSET_TYPEDRIVENOVERRIDE" xmlns:xsd="http://www.w3.org/2001/XMLSchema" xmlns:xsi="http://www.w3.org/2001/XMLSchema-instance" xsi:noNamespaceSchemaLocation="http://buildingSMART-tech.org/xml/psd/PSD_IFC4.xsd">
  <IfcVersion version="IFC4X3_TC1"/>
  <Name>Pset_ActuatorTypePneumaticActuator</Name>
  <Definition>A device that pneumatically actuates a control element</Definition>
  <Applicability/>
  <ApplicableClasses>
    <ClassName>IfcActuator/PNEUMATICACTUATOR</ClassName>
    <ClassName>IfcActuatorType/PNEUMATICACTUATOR</ClassName>
  </ApplicableClasses>
  <ApplicableTypeValue>IfcActuator/PNEUMATICACTUATOR,IfcActuatorType/PNEUMATICACTUATOR</ApplicableTypeValue>
  <PropertyDefs>
    <PropertyDef>
      <Name>InputPressure</Name>
      <Definition>Maximum input or design pressure for the object.

Control air pressure.</Definition>
      <PropertyType>
        <TypePropertySingleValue>
          <DataType type="IfcPressureMeasure"/>
        </TypePropertySingleValue>
      </PropertyType>
    </PropertyDef>
    <PropertyDef>
      <Name>InputFlowrate</Name>
      <Definition>Maximum input flowrate requirement.

Control air flowrate.</Definition>
      <PropertyType>
        <TypePropertySingleValue>
          <DataType type="IfcVolumetricFlowRateMeasure"/>
        </TypePropertySingleValue>
      </PropertyType>
    </PropertyDef>
  </PropertyDefs>
</PropertySetDef>
