<?xml version="1.0" ?>
<PropertySetDef templatetype="PSET_TYPEDRIVENOVERRIDE" xmlns:xsd="http://www.w3.org/2001/XMLSchema" xmlns:xsi="http://www.w3.org/2001/XMLSchema-instance" xsi:noNamespaceSchemaLocation="http://buildingSMART-tech.org/xml/psd/PSD_IFC4.xsd">
  <IfcVersion version="IFC4X3_ADD1"/>
  <Name>Pset_ElectricFlowStorageDeviceTypeCapacitor</Name>
  <Definition>Properties of capacitors. The property set can be used by the predefined type CAPACITOR of IfcElectricFlowStorageDevice.</Definition>
  <Applicability/>
  <ApplicableClasses>
    <ClassName>IfcElectricFlowStorageDevice/CAPACITOR</ClassName>
    <ClassName>IfcElectricFlowStorageDeviceType/CAPACITOR</ClassName>
  </ApplicableClasses>
  <ApplicableTypeValue>IfcElectricFlowStorageDevice/CAPACITOR,IfcElectricFlowStorageDeviceType/CAPACITOR</ApplicableTypeValue>
  <PropertyDefs>
    <PropertyDef>
      <Name>NumberOfPhases</Name>
      <Definition>Number of phases that the equipment operates on.</Definition>
      <PropertyType>
        <TypePropertySingleValue>
          <DataType type="IfcCountMeasure"/>
        </TypePropertySingleValue>
      </PropertyType>
    </PropertyDef>
  </PropertyDefs>
</PropertySetDef>
