<?xml version="1.0" ?>
<PropertySetDef templatetype="PSET_TYPEDRIVENOVERRIDE" xmlns:xsd="http://www.w3.org/2001/XMLSchema" xmlns:xsi="http://www.w3.org/2001/XMLSchema-instance" xsi:noNamespaceSchemaLocation="http://buildingSMART-tech.org/xml/psd/PSD_IFC4.xsd">
  <IfcVersion version="IFC4X3_TC1"/>
  <Name>Pset_AudioVisualApplianceTypeAmplifier</Name>
  <Definition>An audio-visual amplifier is a device that renders audio from a single external source connected from a port.  HISTORY: Added in IFC4.</Definition>
  <Applicability/>
  <ApplicableClasses>
    <ClassName>IfcAudioVisualAppliance/AMPLIFIER</ClassName>
    <ClassName>IfcAudioVisualApplianceType/AMPLIFIER</ClassName>
  </ApplicableClasses>
  <ApplicableTypeValue>IfcAudioVisualAppliance/AMPLIFIER,IfcAudioVisualApplianceType/AMPLIFIER</ApplicableTypeValue>
  <PropertyDefs>
    <PropertyDef>
      <Name>AmplifierType</Name>
      <Definition>Indicates the type of amplifier.</Definition>
      <PropertyType>
        <TypePropertyEnumeratedValue>
          <EnumList name="PEnum_AudioVisualAmplifierType">
            <EnumItem>FIXED</EnumItem>
            <EnumItem>VARIABLE</EnumItem>
            <EnumItem>OTHER</EnumItem>
            <EnumItem>NOTKNOWN</EnumItem>
            <EnumItem>UNSET</EnumItem>
          </EnumList>
        </TypePropertyEnumeratedValue>
      </PropertyType>
    </PropertyDef>
    <PropertyDef>
      <Name>AudioAmplification</Name>
      <Definition>Indicates audio amplification frequency ranges.</Definition>
      <PropertyType>
        <TypePropertyTableValue>
          <Expression/>
          <DefiningValue>
            <DataType type="IfcFrequencyMeasure"/>
          </DefiningValue>
          <DefinedValue>
            <DataType type="IfcSoundPowerMeasure"/>
          </DefinedValue>
        </TypePropertyTableValue>
      </PropertyType>
    </PropertyDef>
    <PropertyDef>
      <Name>AudioMode</Name>
      <Definition>Indicates audio sound modes and corresponding labels, if applicable.</Definition>
      <PropertyType>
        <TypePropertyTableValue>
          <Expression/>
          <DefiningValue>
            <DataType type="IfcIdentifier"/>
          </DefiningValue>
          <DefinedValue>
            <DataType type="IfcLabel"/>
          </DefinedValue>
        </TypePropertyTableValue>
      </PropertyType>
    </PropertyDef>
  </PropertyDefs>
</PropertySetDef>
