<?xml version="1.0" ?>
<PropertySetDef templatetype="PSET_TYPEDRIVENOVERRIDE" xmlns:xsd="http://www.w3.org/2001/XMLSchema" xmlns:xsi="http://www.w3.org/2001/XMLSchema-instance" xsi:noNamespaceSchemaLocation="http://buildingSMART-tech.org/xml/psd/PSD_IFC4.xsd">
  <IfcVersion version="IFC4X3_ADD1"/>
  <Name>Pset_MobileTelecommunicationsApplianceTypeRemoteUnit</Name>
  <Definition>Properties common to the definition of all occurrences of  IfcMobileTelecommunicationsAppliance and types of IfcMobileTelecommunicationsApplianceType with the predefined type set to REMOTEUNIT.</Definition>
  <Applicability/>
  <ApplicableClasses>
    <ClassName>IfcMobileTelecommunicationsAppliance/REMOTEUNIT</ClassName>
    <ClassName>IfcMobileTelecommunicationsApplianceType/REMOTEUNIT</ClassName>
  </ApplicableClasses>
  <ApplicableTypeValue>IfcMobileTelecommunicationsAppliance/REMOTEUNIT,IfcMobileTelecommunicationsApplianceType/REMOTEUNIT</ApplicableTypeValue>
  <PropertyDefs>
    <PropertyDef>
      <Name>NumberOfInterfaces</Name>
      <Definition>Indicates the types of interfaces and their number in the device.</Definition>
      <PropertyType>
        <TypePropertyTableValue>
          <Expression/>
          <DefiningValue>
            <DataType type="IfcLabel"/>
          </DefiningValue>
          <DefinedValue>
            <DataType type="IfcInteger"/>
          </DefinedValue>
        </TypePropertyTableValue>
      </PropertyType>
    </PropertyDef>
    <PropertyDef>
      <Name>NumberOfAntennas</Name>
      <Definition>Indicates the number of antennas integrated in the device.</Definition>
      <PropertyType>
        <TypePropertySingleValue>
          <DataType type="IfcCountMeasure"/>
        </TypePropertySingleValue>
      </PropertyType>
    </PropertyDef>
    <PropertyDef>
      <Name>RUConnectionType</Name>
      <Definition>Indicate the connection type between the remote unit and the master unit.</Definition>
      <PropertyType>
        <TypePropertyEnumeratedValue>
          <EnumList name="PEnum_UnitConnectionType">
            <EnumItem>CHAIN</EnumItem>
            <EnumItem>MIXED</EnumItem>
            <EnumItem>RING</EnumItem>
            <EnumItem>STAR</EnumItem>
            <EnumItem>OTHER</EnumItem>
            <EnumItem>NOTKNOWN</EnumItem>
            <EnumItem>UNSET</EnumItem>
          </EnumList>
        </TypePropertyEnumeratedValue>
      </PropertyType>
    </PropertyDef>
  </PropertyDefs>
</PropertySetDef>
