<?xml version="1.0" ?>
<PropertySetDef templatetype="PSET_TYPEDRIVENOVERRIDE" xmlns:xsd="http://www.w3.org/2001/XMLSchema" xmlns:xsi="http://www.w3.org/2001/XMLSchema-instance" xsi:noNamespaceSchemaLocation="http://buildingSMART-tech.org/xml/psd/PSD_IFC4.xsd">
  <IfcVersion version="IFC4X3"/>
  <Name>Pset_SensorTypeLightSensor</Name>
  <Definition>A device that senses or detects light. HISTORY: LightSensorSensorSetPoint changed to SetPointIlluminance. Range, accuracy and time constant deleted.</Definition>
  <Applicability/>
  <ApplicableClasses>
    <ClassName>IfcSensor/LIGHTSENSOR</ClassName>
    <ClassName>IfcSensorType/LIGHTSENSOR</ClassName>
  </ApplicableClasses>
  <ApplicableTypeValue>IfcSensor/LIGHTSENSOR,IfcSensorType/LIGHTSENSOR</ApplicableTypeValue>
  <PropertyDefs>
    <PropertyDef>
      <Name>SetPointIlluminance</Name>
      <Definition>The illuminance value to be sensed. Use IfcPropertyBoundedValue.SetPointValue to set the set point value.</Definition>
      <PropertyType>
        <TypePropertyBoundedValue>
          <DataType type="IfcIlluminanceMeasure"/>
        </TypePropertyBoundedValue>
      </PropertyType>
    </PropertyDef>
  </PropertyDefs>
</PropertySetDef>
