<?xml version="1.0" ?>
<PropertySetDef templatetype="PSET_TYPEDRIVENOVERRIDE" xmlns:xsd="http://www.w3.org/2001/XMLSchema" xmlns:xsi="http://www.w3.org/2001/XMLSchema-instance" xsi:noNamespaceSchemaLocation="http://buildingSMART-tech.org/xml/psd/PSD_IFC4.xsd">
  <IfcVersion version="IFC4X3"/>
  <Name>Pset_BoilerTypeWater</Name>
  <Definition>Water boiler type common attributes.</Definition>
  <Applicability/>
  <ApplicableClasses>
    <ClassName>IfcBoiler/WATER</ClassName>
    <ClassName>IfcBoilerType/WATER</ClassName>
  </ApplicableClasses>
  <ApplicableTypeValue>IfcBoiler/WATER,IfcBoilerType/WATER</ApplicableTypeValue>
  <PropertyDefs>
    <PropertyDef>
      <Name>NominalEfficiency</Name>
      <Definition>Nominal object efficiency under nominal conditions.</Definition>
      <PropertyType>
        <TypePropertyTableValue>
          <Expression/>
          <DefiningValue>
            <DataType type="IfcThermodynamicTemperatureMeasure"/>
          </DefiningValue>
          <DefinedValue>
            <DataType type="IfcNormalisedRatioMeasure"/>
          </DefinedValue>
        </TypePropertyTableValue>
      </PropertyType>
    </PropertyDef>
    <PropertyDef>
      <Name>HeatOutput</Name>
      <Definition>Total nominal heat output as listed by the Boiler manufacturer.</Definition>
      <PropertyType>
        <TypePropertyTableValue>
          <Expression/>
          <DefiningValue>
            <DataType type="IfcThermodynamicTemperatureMeasure"/>
          </DefiningValue>
          <DefinedValue>
            <DataType type="IfcEnergyMeasure"/>
          </DefinedValue>
        </TypePropertyTableValue>
      </PropertyType>
    </PropertyDef>
  </PropertyDefs>
</PropertySetDef>
