<?xml version="1.0" ?>
<PropertySetDef templatetype="PSET_TYPEDRIVENOVERRIDE" xmlns:xsd="http://www.w3.org/2001/XMLSchema" xmlns:xsi="http://www.w3.org/2001/XMLSchema-instance" xsi:noNamespaceSchemaLocation="http://buildingSMART-tech.org/xml/psd/PSD_IFC4.xsd">
  <IfcVersion version="IFC4X3_TC1"/>
  <Name>Pset_ProtectiveDeviceBreakerUnitTypeMCB</Name>
  <Definition>A coherent set of attributes representing the breaking capacities of an MCB. Note - A protective device may be associated with different instances of this property set providing information related to different  basic characteristics.</Definition>
  <Applicability/>
  <ApplicableClasses>
    <ClassName>IfcProtectiveDevice/CIRCUITBREAKER</ClassName>
    <ClassName>IfcProtectiveDeviceType/CIRCUITBREAKER</ClassName>
  </ApplicableClasses>
  <ApplicableTypeValue>IfcProtectiveDevice/CIRCUITBREAKER,IfcProtectiveDeviceType/CIRCUITBREAKER</ApplicableTypeValue>
  <PropertyDefs>
    <PropertyDef>
      <Name>PowerLoss</Name>
      <Definition>The power loss in [W].

The power loss in [W] per pole of the MCB  when the nominal current is flowing through the MCB.</Definition>
      <PropertyType>
        <TypePropertySingleValue>
          <DataType type="IfcPowerMeasure"/>
        </TypePropertySingleValue>
      </PropertyType>
    </PropertyDef>
    <PropertyDef>
      <Name>VoltageLevel</Name>
      <Definition>The voltage levels for which the data of the instance is valid. More than one value may be selected in the enumeration.</Definition>
      <PropertyType>
        <TypePropertyEnumeratedValue>
          <EnumList name="PEnum_VoltageLevels">
            <EnumItem>U1000</EnumItem>
            <EnumItem>U230</EnumItem>
            <EnumItem>U400</EnumItem>
            <EnumItem>U440</EnumItem>
            <EnumItem>U525</EnumItem>
            <EnumItem>U690</EnumItem>
            <EnumItem>OTHER</EnumItem>
            <EnumItem>NOTKNOWN</EnumItem>
            <EnumItem>UNSET</EnumItem>
          </EnumList>
        </TypePropertyEnumeratedValue>
      </PropertyType>
    </PropertyDef>
    <PropertyDef>
      <Name>NominalCurrents</Name>
      <Definition>A set of values providing information on available modules (chips) for setting the nominal current of the protective device.

A set of nominal currents in [A] for which the data of this instance is valid. At least one value shall be provided. Any value in the set shall not exceed the value of the
UltimateRatedCurrent associated with the same breaker unit.</Definition>
      <PropertyType>
        <TypePropertyListValue>
          <ListValue>
            <DataType type="IfcElectricCurrentMeasure"/>
          </ListValue>
        </TypePropertyListValue>
      </PropertyType>
    </PropertyDef>
    <PropertyDef>
      <Name>ICU60947</Name>
      <Definition>The ultimate breaking capacity in [A] for an object tested in accordance with the IEC 60947 series.</Definition>
      <PropertyType>
        <TypePropertySingleValue>
          <DataType type="IfcElectricCurrentMeasure"/>
        </TypePropertySingleValue>
      </PropertyType>
    </PropertyDef>
    <PropertyDef>
      <Name>ICS60947</Name>
      <Definition>The service breaking capacity in [A] for an object tested in accordance with the IEC 60947 series.</Definition>
      <PropertyType>
        <TypePropertySingleValue>
          <DataType type="IfcElectricCurrentMeasure"/>
        </TypePropertySingleValue>
      </PropertyType>
    </PropertyDef>
    <PropertyDef>
      <Name>ICN60898</Name>
      <Definition>The nominal breaking capacity in [A] for an MCB tested in accordance with the IEC 60898 series.</Definition>
      <PropertyType>
        <TypePropertySingleValue>
          <DataType type="IfcElectricCurrentMeasure"/>
        </TypePropertySingleValue>
      </PropertyType>
    </PropertyDef>
    <PropertyDef>
      <Name>ICS60898</Name>
      <Definition>The service breaking capacity in [A] for an MCB tested in accordance with the IEC 60898 series.</Definition>
      <PropertyType>
        <TypePropertySingleValue>
          <DataType type="IfcElectricCurrentMeasure"/>
        </TypePropertySingleValue>
      </PropertyType>
    </PropertyDef>
  </PropertyDefs>
</PropertySetDef>
