<?xml version="1.0" ?>
<PropertySetDef templatetype="PSET_TYPEDRIVENOVERRIDE" xmlns:xsd="http://www.w3.org/2001/XMLSchema" xmlns:xsi="http://www.w3.org/2001/XMLSchema-instance" xsi:noNamespaceSchemaLocation="http://buildingSMART-tech.org/xml/psd/PSD_IFC4.xsd">
  <IfcVersion version="IFC4X3_TC1"/>
  <Name>Pset_ProtectiveDeviceTrippingUnitTypeElectroMagnetic</Name>
  <Definition>Information on tripping units that are electrically or magnetically tripped.</Definition>
  <Applicability/>
  <ApplicableClasses>
    <ClassName>IfcProtectiveDeviceTrippingUnit/ELECTROMAGNETIC</ClassName>
    <ClassName>IfcProtectiveDeviceTrippingUnitType/ELECTROMAGNETIC</ClassName>
  </ApplicableClasses>
  <ApplicableTypeValue>IfcProtectiveDeviceTrippingUnit/ELECTROMAGNETIC,IfcProtectiveDeviceTrippingUnitType/ELECTROMAGNETIC</ApplicableTypeValue>
  <PropertyDefs>
    <PropertyDef>
      <Name>ElectroMagneticTrippingUnitType</Name>
      <Definition>A list of the available types of electric magnetic tripping unit  from which that required may be selected. These cover overload, none special, short circuit, motor protection and bi-metal tripping.</Definition>
      <PropertyType>
        <TypePropertyEnumeratedValue>
          <EnumList name="PEnum_ElectroMagneticTrippingUnitType">
            <EnumItem>OL</EnumItem>
            <EnumItem>TMP_BM</EnumItem>
            <EnumItem>TMP_MP</EnumItem>
            <EnumItem>TMP_SC</EnumItem>
            <EnumItem>TMP_STD</EnumItem>
            <EnumItem>OTHER</EnumItem>
            <EnumItem>NOTKNOWN</EnumItem>
            <EnumItem>UNSET</EnumItem>
          </EnumList>
        </TypePropertyEnumeratedValue>
      </PropertyType>
    </PropertyDef>
    <PropertyDef>
      <Name>I1</Name>
      <Definition>The (thermal) lower testing current limit in [x In], indicating that for currents lower than I1, the tripping time shall be longer than the associated tripping time, T2.</Definition>
      <PropertyType>
        <TypePropertySingleValue>
          <DataType type="IfcReal"/>
        </TypePropertySingleValue>
      </PropertyType>
    </PropertyDef>
    <PropertyDef>
      <Name>I2</Name>
      <Definition>The (thermal) upper testing current limit in [x In], indicating that for currents larger than I2, the tripping time shall be shorter than the associated tripping time, T2.</Definition>
      <PropertyType>
        <TypePropertySingleValue>
          <DataType type="IfcReal"/>
        </TypePropertySingleValue>
      </PropertyType>
    </PropertyDef>
    <PropertyDef>
      <Name>T2</Name>
      <Definition>The (thermal) testing time in [s] associated with the testing currents I1 and I2.</Definition>
      <PropertyType>
        <TypePropertySingleValue>
          <DataType type="IfcTimeMeasure"/>
        </TypePropertySingleValue>
      </PropertyType>
    </PropertyDef>
    <PropertyDef>
      <Name>DefinedTemperature</Name>
      <Definition>The ambient temperature at which the thermal current/time-curve associated with this protection device is defined.</Definition>
      <PropertyType>
        <TypePropertySingleValue>
          <DataType type="IfcThermodynamicTemperatureMeasure"/>
        </TypePropertySingleValue>
      </PropertyType>
    </PropertyDef>
    <PropertyDef>
      <Name>TemperatureFactor</Name>
      <Definition>The correction factor (typically measured as %/deg K) for adjusting the thermal current/time to an ambient temperature different from the value given by the defined temperature.</Definition>
      <PropertyType>
        <TypePropertySingleValue>
          <DataType type="IfcRatioMeasure"/>
        </TypePropertySingleValue>
      </PropertyType>
    </PropertyDef>
    <PropertyDef>
      <Name>I4</Name>
      <Definition>The lower electromagnetic testing current limit in [x In], indicating that for currents lower than I4, the tripping time shall be longer than the associated tripping time, T5, i.e. the device shall not trip instantaneous.</Definition>
      <PropertyType>
        <TypePropertySingleValue>
          <DataType type="IfcReal"/>
        </TypePropertySingleValue>
      </PropertyType>
    </PropertyDef>
    <PropertyDef>
      <Name>I5</Name>
      <Definition>The upper electromagnetic testing current limit in [x In], indicating that for currents larger than I5, the tripping time shall be shorter than or equal to the associated tripping time, T5, i.e. the device shall trip instantaneous.</Definition>
      <PropertyType>
        <TypePropertySingleValue>
          <DataType type="IfcReal"/>
        </TypePropertySingleValue>
      </PropertyType>
    </PropertyDef>
    <PropertyDef>
      <Name>T5</Name>
      <Definition>The electromagnetic testing time in [s] associated with the testing currents I4 and I5, i.e. electromagnetic tripping time</Definition>
      <PropertyType>
        <TypePropertySingleValue>
          <DataType type="IfcTimeMeasure"/>
        </TypePropertySingleValue>
      </PropertyType>
    </PropertyDef>
    <PropertyDef>
      <Name>CurveDesignation</Name>
      <Definition>The designation of the trippingcurve given by the manufacturer. For a MCB the designation should be in accordance with the designations given in IEC 60898.</Definition>
      <PropertyType>
        <TypePropertySingleValue>
          <DataType type="IfcLabel"/>
        </TypePropertySingleValue>
      </PropertyType>
    </PropertyDef>
  </PropertyDefs>
</PropertySetDef>
