<?xml version="1.0" ?>
<PropertySetDef templatetype="PSET_OCCURRENCEDRIVEN" xmlns:xsd="http://www.w3.org/2001/XMLSchema" xmlns:xsi="http://www.w3.org/2001/XMLSchema-instance" xsi:noNamespaceSchemaLocation="http://buildingSMART-tech.org/xml/psd/PSD_IFC4.xsd">
  <IfcVersion version="IFC4X3"/>
  <Name>Pset_LinearReferencingMethod</Name>
  <Definition>Describes the manner in which measurements are made along (and optionally offset from) a linear element.NOTE Definition according to ISO 19148:2021</Definition>
  <Applicability/>
  <ApplicableClasses>
    <ClassName>IfcAlignment</ClassName>
    <ClassName>IfcReferent/POSITION</ClassName>
  </ApplicableClasses>
  <ApplicableTypeValue>IfcAlignment,IfcReferent/POSITION</ApplicableTypeValue>
  <PropertyDefs>
    <PropertyDef>
      <Name>LRMName</Name>
      <Definition>Gives the name of this Linear Referencing Method, such as “kilometre-point”.NOTE Definition according to ISO 19148:2021.
NOTE Names of commonly used Linear Referencing Methods are included in ISO 19148, Annex C, along with recognized name aliases.</Definition>
      <PropertyType>
        <TypePropertySingleValue>
          <DataType type="IfcLabel"/>
        </TypePropertySingleValue>
      </PropertyType>
    </PropertyDef>
    <PropertyDef>
      <Name>LRMType</Name>
      <Definition>Gives the type of this Linear Referencing Method.NOTE Definition according to ISO 19148:2021, LRMType.
NOTE Since the definition in ISO 19148:2021, LRMType is stereotyped as a CodeList it is open for user defined extensions. In this Pset this is handled by adding the enumeration constant LRM_USERDEFINED and the additional property UserDefinedLRMType</Definition>
      <PropertyType>
        <TypePropertyEnumeratedValue>
          <EnumList name="PEnum_LRMType">
            <EnumItem>LRM_ABSOLUTE</EnumItem>
            <EnumItem>LRM_INTERPOLATIVE</EnumItem>
            <EnumItem>LRM_RELATIVE</EnumItem>
            <EnumItem>LRM_USERDEFINED</EnumItem>
          </EnumList>
        </TypePropertyEnumeratedValue>
      </PropertyType>
    </PropertyDef>
    <PropertyDef>
      <Name>UserDefinedLRMType</Name>
      <Definition>Gives the user defined type of this Linear Referencing Method when property LRMType is LRM_USERDEFINED.</Definition>
      <PropertyType>
        <TypePropertySingleValue>
          <DataType type="IfcLabel"/>
        </TypePropertySingleValue>
      </PropertyType>
    </PropertyDef>
    <PropertyDef>
      <Name>LRMUnit</Name>
      <Definition>Specifies the units of measure used by this Linear Referencing Method for measures along the linear element being measured.NOTE Definition according to ISO 19148:2021.</Definition>
      <PropertyType>
        <TypePropertySingleValue>
          <DataType type="IfcLabel"/>
        </TypePropertySingleValue>
      </PropertyType>
    </PropertyDef>
    <PropertyDef>
      <Name>LRMConstraint</Name>
      <Definition>Allows for the specification of constraints imposed by this Linear Referencing Method. For example, a Reference Post Linear Referencing Method may specify that referents be of type “reference marker”.NOTE definition according to ISO 19148:2021</Definition>
      <PropertyType>
        <TypePropertySingleValue>
          <DataType type="IfcLabel"/>
        </TypePropertySingleValue>
      </PropertyType>
    </PropertyDef>
  </PropertyDefs>
</PropertySetDef>
