<?xml version="1.0" ?>
<PropertySetDef templatetype="PSET_TYPEDRIVENOVERRIDE" xmlns:xsd="http://www.w3.org/2001/XMLSchema" xmlns:xsi="http://www.w3.org/2001/XMLSchema-instance" xsi:noNamespaceSchemaLocation="http://buildingSMART-tech.org/xml/psd/PSD_IFC4.xsd">
  <IfcVersion version="IFC4X3"/>
  <Name>Pset_FlowMeterTypeGasMeter</Name>
  <Definition>Device that measures, indicates and sometimes records, the volume of gas that passes through it without interrupting the flow.</Definition>
  <Applicability/>
  <ApplicableClasses>
    <ClassName>IfcFlowMeter/GASMETER</ClassName>
    <ClassName>IfcFlowMeterType/GASMETER</ClassName>
  </ApplicableClasses>
  <ApplicableTypeValue>IfcFlowMeter/GASMETER,IfcFlowMeterType/GASMETER</ApplicableTypeValue>
  <PropertyDefs>
    <PropertyDef>
      <Name>GasType</Name>
      <Definition>Defines the types of gas that may be specified.</Definition>
      <PropertyType>
        <TypePropertyEnumeratedValue>
          <EnumList name="PEnum_GasType">
            <EnumItem>COMMERCIALBUTANE</EnumItem>
            <EnumItem>COMMERCIALPROPANE</EnumItem>
            <EnumItem>LIQUEFIEDPETROLEUMGAS</EnumItem>
            <EnumItem>NATURALGAS</EnumItem>
            <EnumItem>OTHER</EnumItem>
            <EnumItem>NOTKNOWN</EnumItem>
            <EnumItem>UNSET</EnumItem>
          </EnumList>
        </TypePropertyEnumeratedValue>
      </PropertyType>
    </PropertyDef>
    <PropertyDef>
      <Name>ConnectionSize</Name>
      <Definition>The connection size of the object.</Definition>
      <PropertyType>
        <TypePropertySingleValue>
          <DataType type="IfcPositiveLengthMeasure"/>
        </TypePropertySingleValue>
      </PropertyType>
    </PropertyDef>
    <PropertyDef>
      <Name>MaximumFlowRate</Name>
      <Definition>Maximum rate of flow which the meter is expected to pass.</Definition>
      <PropertyType>
        <TypePropertySingleValue>
          <DataType type="IfcVolumetricFlowRateMeasure"/>
        </TypePropertySingleValue>
      </PropertyType>
    </PropertyDef>
    <PropertyDef>
      <Name>MaximumPressureLoss</Name>
      <Definition>Pressure loss expected across the meter under conditions of maximum flow.</Definition>
      <PropertyType>
        <TypePropertySingleValue>
          <DataType type="IfcPressureMeasure"/>
        </TypePropertySingleValue>
      </PropertyType>
    </PropertyDef>
  </PropertyDefs>
</PropertySetDef>
