<?xml version="1.0" ?>
<PropertySetDef templatetype="PSET_PERFORMANCEDRIVEN" xmlns:xsd="http://www.w3.org/2001/XMLSchema" xmlns:xsi="http://www.w3.org/2001/XMLSchema-instance" xsi:noNamespaceSchemaLocation="http://buildingSMART-tech.org/xml/psd/PSD_IFC4.xsd">
  <IfcVersion version="IFC4X3_TC1"/>
  <Name>Pset_ChillerPHistory</Name>
  <Definition>Chiller performance history attributes.</Definition>
  <Applicability/>
  <ApplicableClasses>
    <ClassName>IfcChiller</ClassName>
  </ApplicableClasses>
  <ApplicableTypeValue>IfcChiller</ApplicableTypeValue>
  <PropertyDefs>
    <PropertyDef>
      <Name>Capacity</Name>
      <Definition>The capacity of the element.

The product of the ideal capacity and the overall volumetric efficiency of the compressor.</Definition>
      <PropertyType>
        <TypePropertyReferenceValue reftype="IfcTimeSeries"/>
      </PropertyType>
    </PropertyDef>
    <PropertyDef>
      <Name>EnergyEfficiencyRatio</Name>
      <Definition>Energy efficiency ratio (EER).

Ratio of net cooling capacity to the total input rate of electric power applied.  By definition, the units are BTU/hour per Watt.
The input electric power may be obtained from Pset_DistributionPortPHistoryElectrical.RealPower on the 'Power' port of the IfcChiller.</Definition>
      <PropertyType>
        <TypePropertyReferenceValue reftype="IfcTimeSeries"/>
      </PropertyType>
    </PropertyDef>
    <PropertyDef>
      <Name>CoefficientOfPerformance</Name>
      <Definition>The Coefficient of performance (COP) is the ratio of heat removed to energy input.
The energy input may be obtained by multiplying
Pset_DistributionPortPHistoryGas.FlowRate on the 'Fuel' port of the IfcChiller by Pset_MaterialFuel.LowerHeatingValue.
The IfcDistributionPort for fuel has an associated IfcMaterial with fuel properties and is assigned to an IfcPerformanceHistory object nested within this IfcPerformanceHistory object.</Definition>
      <PropertyType>
        <TypePropertyReferenceValue reftype="IfcTimeSeries"/>
      </PropertyType>
    </PropertyDef>
  </PropertyDefs>
</PropertySetDef>
