<?xml version="1.0" ?>
<PropertySetDef templatetype="PSET_OCCURRENCEDRIVEN" xmlns:xsd="http://www.w3.org/2001/XMLSchema" xmlns:xsi="http://www.w3.org/2001/XMLSchema-instance" xsi:noNamespaceSchemaLocation="http://buildingSMART-tech.org/xml/psd/PSD_IFC4.xsd">
  <IfcVersion version="IFC4X3"/>
  <Name>Pset_Asset</Name>
  <Definition>An asset is a uniquely identifiable element which has a financial value and against which maintenance actions are recorded.</Definition>
  <Applicability/>
  <ApplicableClasses>
    <ClassName>IfcAsset</ClassName>
  </ApplicableClasses>
  <ApplicableTypeValue>IfcAsset</ApplicableTypeValue>
  <PropertyDefs>
    <PropertyDef>
      <Name>AssetAccountingType</Name>
      <Definition>Identifies the predefined types of risk from which the type required may be set.</Definition>
      <PropertyType>
        <TypePropertyEnumeratedValue>
          <EnumList name="PEnum_AssetAccountingType">
            <EnumItem>FIXED</EnumItem>
            <EnumItem>NONFIXED</EnumItem>
            <EnumItem>OTHER</EnumItem>
            <EnumItem>NOTKNOWN</EnumItem>
            <EnumItem>UNSET</EnumItem>
          </EnumList>
        </TypePropertyEnumeratedValue>
      </PropertyType>
    </PropertyDef>
    <PropertyDef>
      <Name>AssetTaxType</Name>
      <Definition>Identifies the predefined types of taxation group from which the type required may be set.</Definition>
      <PropertyType>
        <TypePropertyEnumeratedValue>
          <EnumList name="PEnum_AssetTaxType">
            <EnumItem>CAPITALISED</EnumItem>
            <EnumItem>EXPENSED</EnumItem>
            <EnumItem>OTHER</EnumItem>
            <EnumItem>NOTKNOWN</EnumItem>
            <EnumItem>UNSET</EnumItem>
          </EnumList>
        </TypePropertyEnumeratedValue>
      </PropertyType>
    </PropertyDef>
    <PropertyDef>
      <Name>AssetInsuranceType</Name>
      <Definition>Identifies the predefined types of insurance rating from which the type required may be set.</Definition>
      <PropertyType>
        <TypePropertyEnumeratedValue>
          <EnumList name="PEnum_AssetInsuranceType">
            <EnumItem>PERSONAL</EnumItem>
            <EnumItem>REAL</EnumItem>
            <EnumItem>OTHER</EnumItem>
            <EnumItem>NOTKNOWN</EnumItem>
            <EnumItem>UNSET</EnumItem>
          </EnumList>
        </TypePropertyEnumeratedValue>
      </PropertyType>
    </PropertyDef>
    <PropertyDef>
      <Name>AssetStatus</Name>
      <Definition>Current status or stage in life cycle.</Definition>
      <PropertyType>
        <TypePropertySingleValue>
          <DataType type="IfcLabel"/>
        </TypePropertySingleValue>
      </PropertyType>
    </PropertyDef>
    <PropertyDef>
      <Name>AssetUse</Name>
      <Definition>General use category of the asset</Definition>
      <PropertyType>
        <TypePropertySingleValue>
          <DataType type="IfcLabel"/>
        </TypePropertySingleValue>
      </PropertyType>
    </PropertyDef>
  </PropertyDefs>
</PropertySetDef>
